================================================================================
分布式性能测试框架 - TCP vs QUIC 对比
================================================================================
集群规模: [7]
场景: ['cross-region']
写操作: 500
监控: 启用
================================================================================
[*] 部署 7 节点 cross-region 集群...
[0m[1mInitializing the backend...[0m
[0m[1mUpgrading modules...[0m
- node_ap in ../modules/raft-node
- node_eu in ../modules/raft-node
- node_us in ../modules/raft-node
[0m[1mInitializing provider plugins...[0m
- Finding hashicorp/tls versions matching "~> 4.0"...
- Finding hashicorp/local versions matching "~> 2.0"...
- Finding hashicorp/aws versions matching "~> 5.0"...
- Installing hashicorp/local v2.8.0...
- Installed hashicorp/local v2.8.0 (signed by HashiCorp)
- Installing hashicorp/aws v5.100.0...
- Installed hashicorp/aws v5.100.0 (signed by HashiCorp)
- Installing hashicorp/tls v4.2.1...
- Installed hashicorp/tls v4.2.1 (signed by HashiCorp)

[0m[1m[32mTerraform has been successfully initialized![0m[32m[0m
[0m[32m
You may now begin working with Terraform. Try running "terraform plan" to see
any changes that are required for your infrastructure. All Terraform commands
should now work.

If you ever set or change modules or backend configuration for Terraform,
rerun this command to reinitialize your working directory. If you forget, other
commands will detect it and remind you to do so if necessary.[0m
[0m[1mmodule.node_us[0].data.aws_iam_policy_document.ec2_assume_role: Reading...[0m[0m
[0m[1mmodule.node_us[1].data.aws_iam_policy_document.ec2_assume_role: Reading...[0m[0m
[0m[1mmodule.node_us[0].data.aws_ami.al2023: Reading...[0m[0m
[0m[1mmodule.node_us[1].data.aws_ami.al2023: Reading...[0m[0m
[0m[1mmodule.node_us[1].data.aws_iam_policy_document.ec2_assume_role: Read complete after 0s [id=2851119427][0m
[0m[1mmodule.node_us[0].data.aws_iam_policy_document.ec2_assume_role: Read complete after 0s [id=2851119427][0m
[0m[1mmodule.node_ap[2].data.aws_ami.al2023: Reading...[0m[0m
[0m[1mmodule.node_ap[1].data.aws_ami.al2023: Reading...[0m[0m
[0m[1mmodule.node_ap[0].data.aws_ami.al2023: Reading...[0m[0m
[0m[1mmodule.node_ap[2].data.aws_iam_policy_document.ec2_assume_role: Reading...[0m[0m
[0m[1mmodule.node_ap[0].data.aws_iam_policy_document.ec2_assume_role: Reading...[0m[0m
[0m[1mmodule.node_ap[1].data.aws_iam_policy_document.ec2_assume_role: Reading...[0m[0m
[0m[1mmodule.node_ap[2].data.aws_iam_policy_document.ec2_assume_role: Read complete after 0s [id=2851119427][0m
[0m[1mmodule.node_ap[0].data.aws_iam_policy_document.ec2_assume_role: Read complete after 0s [id=2851119427][0m
[0m[1mmodule.node_ap[1].data.aws_iam_policy_document.ec2_assume_role: Read complete after 0s [id=2851119427][0m
[0m[1mmodule.node_eu[1].data.aws_ami.al2023: Reading...[0m[0m
[0m[1mmodule.node_eu[0].data.aws_ami.al2023: Reading...[0m[0m
[0m[1mmodule.node_eu[0].data.aws_iam_policy_document.ec2_assume_role: Reading...[0m[0m
[0m[1mmodule.node_eu[1].data.aws_iam_policy_document.ec2_assume_role: Reading...[0m[0m
[0m[1mmodule.node_eu[1].data.aws_iam_policy_document.ec2_assume_role: Read complete after 0s [id=2851119427][0m
[0m[1mmodule.node_eu[0].data.aws_iam_policy_document.ec2_assume_role: Read complete after 0s [id=2851119427][0m
[0m[1mmodule.node_us[1].data.aws_ami.al2023: Read complete after 2s [id=ami-0d67eaae9ae173448][0m
[0m[1mmodule.node_us[0].data.aws_ami.al2023: Read complete after 2s [id=ami-0d67eaae9ae173448][0m
[0m[1mmodule.node_ap[1].data.aws_ami.al2023: Read complete after 2s [id=ami-0102a36b3e9d5e4df][0m
[0m[1mmodule.node_ap[2].data.aws_ami.al2023: Read complete after 2s [id=ami-0102a36b3e9d5e4df][0m
[0m[1mmodule.node_ap[0].data.aws_ami.al2023: Read complete after 2s [id=ami-0102a36b3e9d5e4df][0m
[0m[1mmodule.node_eu[0].data.aws_ami.al2023: Read complete after 2s [id=ami-07f4d6f1cf436d5e9][0m
[0m[1mmodule.node_eu[1].data.aws_ami.al2023: Read complete after 2s [id=ami-07f4d6f1cf436d5e9][0m

Terraform used the selected providers to generate the following execution
plan. Resource actions are indicated with the following symbols:
  [32m+[0m create[0m

Terraform will perform the following actions:

[1m  # local_sensitive_file.ssh_key[0m will be created
[0m  [32m+[0m[0m resource "local_sensitive_file" "ssh_key" {
      [32m+[0m[0m content              = (sensitive value)
      [32m+[0m[0m content_base64sha256 = (known after apply)
      [32m+[0m[0m content_base64sha512 = (known after apply)
      [32m+[0m[0m content_md5          = (known after apply)
      [32m+[0m[0m content_sha1         = (known after apply)
      [32m+[0m[0m content_sha256       = (known after apply)
      [32m+[0m[0m content_sha512       = (known after apply)
      [32m+[0m[0m directory_permission = "0700"
      [32m+[0m[0m file_permission      = "0600"
      [32m+[0m[0m filename             = "./raft-key.pem"
      [32m+[0m[0m id                   = (known after apply)
    }

[1m  # tls_private_key.ssh[0m will be created
[0m  [32m+[0m[0m resource "tls_private_key" "ssh" {
      [32m+[0m[0m algorithm                     = "RSA"
      [32m+[0m[0m ecdsa_curve                   = "P224"
      [32m+[0m[0m id                            = (known after apply)
      [32m+[0m[0m private_key_openssh           = (sensitive value)
      [32m+[0m[0m private_key_pem               = (sensitive value)
      [32m+[0m[0m private_key_pem_pkcs8         = (sensitive value)
      [32m+[0m[0m public_key_fingerprint_md5    = (known after apply)
      [32m+[0m[0m public_key_fingerprint_sha256 = (known after apply)
      [32m+[0m[0m public_key_openssh            = (known after apply)
      [32m+[0m[0m public_key_pem                = (known after apply)
      [32m+[0m[0m rsa_bits                      = 4096
    }

[1m  # module.node_ap[0].aws_iam_instance_profile.raft_ssm[0m will be created
[0m  [32m+[0m[0m resource "aws_iam_instance_profile" "raft_ssm" {
      [32m+[0m[0m arn         = (known after apply)
      [32m+[0m[0m create_date = (known after apply)
      [32m+[0m[0m id          = (known after apply)
      [32m+[0m[0m name        = "crossregb447-raft-quic-cross-ssm-node1"
      [32m+[0m[0m name_prefix = (known after apply)
      [32m+[0m[0m path        = "/"
      [32m+[0m[0m role        = "crossregb447-raft-quic-cross-ssm-node1"
      [32m+[0m[0m tags_all    = (known after apply)
      [32m+[0m[0m unique_id   = (known after apply)
    }

[1m  # module.node_ap[0].aws_iam_role.raft_ssm[0m will be created
[0m  [32m+[0m[0m resource "aws_iam_role" "raft_ssm" {
      [32m+[0m[0m arn                   = (known after apply)
      [32m+[0m[0m assume_role_policy    = jsonencode(
            {
              [32m+[0m[0m Statement = [
                  [32m+[0m[0m {
                      [32m+[0m[0m Action    = "sts:AssumeRole"
                      [32m+[0m[0m Effect    = "Allow"
                      [32m+[0m[0m Principal = {
                          [32m+[0m[0m Service = "ec2.amazonaws.com"
                        }
                    },
                ]
              [32m+[0m[0m Version   = "2012-10-17"
            }
        )
      [32m+[0m[0m create_date           = (known after apply)
      [32m+[0m[0m force_detach_policies = false
      [32m+[0m[0m id                    = (known after apply)
      [32m+[0m[0m managed_policy_arns   = (known after apply)
      [32m+[0m[0m max_session_duration  = 3600
      [32m+[0m[0m name                  = "crossregb447-raft-quic-cross-ssm-node1"
      [32m+[0m[0m name_prefix           = (known after apply)
      [32m+[0m[0m path                  = "/"
      [32m+[0m[0m tags                  = {
          [32m+[0m[0m "Node"    = "node1"
          [32m+[0m[0m "Project" = "raft-quic"
        }
      [32m+[0m[0m tags_all              = {
          [32m+[0m[0m "Node"    = "node1"
          [32m+[0m[0m "Project" = "raft-quic"
        }
      [32m+[0m[0m unique_id             = (known after apply)

      [32m+[0m[0m inline_policy (known after apply)
    }

[1m  # module.node_ap[0].aws_iam_role_policy_attachment.ssm_core[0m will be created
[0m  [32m+[0m[0m resource "aws_iam_role_policy_attachment" "ssm_core" {
      [32m+[0m[0m id         = (known after apply)
      [32m+[0m[0m policy_arn = "arn:aws:iam::aws:policy/AmazonSSMManagedInstanceCore"
      [32m+[0m[0m role       = "crossregb447-raft-quic-cross-ssm-node1"
    }

[1m  # module.node_ap[0].aws_instance.node[0m will be created
[0m  [32m+[0m[0m resource "aws_instance" "node" {
      [32m+[0m[0m ami                                  = "ami-0102a36b3e9d5e4df"
      [32m+[0m[0m arn                                  = (known after apply)
      [32m+[0m[0m associate_public_ip_address          = true
      [32m+[0m[0m availability_zone                    = (known after apply)
      [32m+[0m[0m cpu_core_count                       = (known after apply)
      [32m+[0m[0m cpu_threads_per_core                 = (known after apply)
      [32m+[0m[0m disable_api_stop                     = (known after apply)
      [32m+[0m[0m disable_api_termination              = (known after apply)
      [32m+[0m[0m ebs_optimized                        = (known after apply)
      [32m+[0m[0m enable_primary_ipv6                  = (known after apply)
      [32m+[0m[0m get_password_data                    = false
      [32m+[0m[0m host_id                              = (known after apply)
      [32m+[0m[0m host_resource_group_arn              = (known after apply)
      [32m+[0m[0m iam_instance_profile                 = "crossregb447-raft-quic-cross-ssm-node1"
      [32m+[0m[0m id                                   = (known after apply)
      [32m+[0m[0m instance_initiated_shutdown_behavior = (known after apply)
      [32m+[0m[0m instance_lifecycle                   = (known after apply)
      [32m+[0m[0m instance_state                       = (known after apply)
      [32m+[0m[0m instance_type                        = "t3.micro"
      [32m+[0m[0m ipv6_address_count                   = (known after apply)
      [32m+[0m[0m ipv6_addresses                       = (known after apply)
      [32m+[0m[0m key_name                             = "crossregb447-raft-quic-cross-node1"
      [32m+[0m[0m monitoring                           = (known after apply)
      [32m+[0m[0m outpost_arn                          = (known after apply)
      [32m+[0m[0m password_data                        = (known after apply)
      [32m+[0m[0m placement_group                      = (known after apply)
      [32m+[0m[0m placement_partition_number           = (known after apply)
      [32m+[0m[0m primary_network_interface_id         = (known after apply)
      [32m+[0m[0m private_dns                          = (known after apply)
      [32m+[0m[0m private_ip                           = (known after apply)
      [32m+[0m[0m public_dns                           = (known after apply)
      [32m+[0m[0m public_ip                            = (known after apply)
      [32m+[0m[0m secondary_private_ips                = (known after apply)
      [32m+[0m[0m security_groups                      = (known after apply)
      [32m+[0m[0m source_dest_check                    = true
      [32m+[0m[0m spot_instance_request_id             = (known after apply)
      [32m+[0m[0m subnet_id                            = (known after apply)
      [32m+[0m[0m tags                                 = {
          [32m+[0m[0m "Name"    = "crossregb447-raft-quic-node1"
          [32m+[0m[0m "Node"    = "node1"
          [32m+[0m[0m "Project" = "raft-quic"
        }
      [32m+[0m[0m tags_all                             = {
          [32m+[0m[0m "Name"    = "crossregb447-raft-quic-node1"
          [32m+[0m[0m "Node"    = "node1"
          [32m+[0m[0m "Project" = "raft-quic"
        }
      [32m+[0m[0m tenancy                              = (known after apply)
      [32m+[0m[0m user_data                            = (known after apply)
      [32m+[0m[0m user_data_base64                     = (known after apply)
      [32m+[0m[0m user_data_replace_on_change          = false
      [32m+[0m[0m vpc_security_group_ids               = (known after apply)

      [32m+[0m[0m capacity_reservation_specification (known after apply)

      [32m+[0m[0m cpu_options (known after apply)

      [32m+[0m[0m ebs_block_device (known after apply)

      [32m+[0m[0m enclave_options (known after apply)

      [32m+[0m[0m ephemeral_block_device (known after apply)

      [32m+[0m[0m instance_market_options (known after apply)

      [32m+[0m[0m maintenance_options (known after apply)

      [32m+[0m[0m metadata_options (known after apply)

      [32m+[0m[0m network_interface (known after apply)

      [32m+[0m[0m private_dns_name_options (known after apply)

      [32m+[0m[0m root_block_device (known after apply)
    }

[1m  # module.node_ap[0].aws_key_pair.raft[0m will be created
[0m  [32m+[0m[0m resource "aws_key_pair" "raft" {
      [32m+[0m[0m arn             = (known after apply)
      [32m+[0m[0m fingerprint     = (known after apply)
      [32m+[0m[0m id              = (known after apply)
      [32m+[0m[0m key_name        = "crossregb447-raft-quic-cross-node1"
      [32m+[0m[0m key_name_prefix = (known after apply)
      [32m+[0m[0m key_pair_id     = (known after apply)
      [32m+[0m[0m key_type        = (known after apply)
      [32m+[0m[0m public_key      = (known after apply)
      [32m+[0m[0m tags            = {
          [32m+[0m[0m "Node"    = "node1"
          [32m+[0m[0m "Project" = "raft-quic"
        }
      [32m+[0m[0m tags_all        = {
          [32m+[0m[0m "Node"    = "node1"
          [32m+[0m[0m "Project" = "raft-quic"
        }
    }

[1m  # module.node_ap[0].aws_security_group.raft[0m will be created
[0m  [32m+[0m[0m resource "aws_security_group" "raft" {
      [32m+[0m[0m arn                    = (known after apply)
      [32m+[0m[0m description            = "Raft-over-QUIC cluster node node1"
      [32m+[0m[0m egress                 = [
          [32m+[0m[0m {
              [32m+[0m[0m cidr_blocks      = [
                  [32m+[0m[0m "0.0.0.0/0",
                ]
              [32m+[0m[0m from_port        = 0
              [32m+[0m[0m ipv6_cidr_blocks = []
              [32m+[0m[0m prefix_list_ids  = []
              [32m+[0m[0m protocol         = "-1"
              [32m+[0m[0m security_groups  = []
              [32m+[0m[0m self             = false
              [32m+[0m[0m to_port          = 0
                [90m# (1 unchanged attribute hidden)[0m[0m
            },
        ]
      [32m+[0m[0m id                     = (known after apply)
      [32m+[0m[0m ingress                = [
          [32m+[0m[0m {
              [32m+[0m[0m cidr_blocks      = [
                  [32m+[0m[0m "0.0.0.0/0",
                ]
              [32m+[0m[0m from_port        = 22
              [32m+[0m[0m ipv6_cidr_blocks = []
              [32m+[0m[0m prefix_list_ids  = []
              [32m+[0m[0m protocol         = "tcp"
              [32m+[0m[0m security_groups  = []
              [32m+[0m[0m self             = false
              [32m+[0m[0m to_port          = 22
                [90m# (1 unchanged attribute hidden)[0m[0m
            },
          [32m+[0m[0m {
              [32m+[0m[0m cidr_blocks      = [
                  [32m+[0m[0m "0.0.0.0/0",
                ]
              [32m+[0m[0m from_port        = 7001
              [32m+[0m[0m ipv6_cidr_blocks = []
              [32m+[0m[0m prefix_list_ids  = []
              [32m+[0m[0m protocol         = "udp"
              [32m+[0m[0m security_groups  = []
              [32m+[0m[0m self             = false
              [32m+[0m[0m to_port          = 7001
                [90m# (1 unchanged attribute hidden)[0m[0m
            },
          [32m+[0m[0m {
              [32m+[0m[0m cidr_blocks      = [
                  [32m+[0m[0m "0.0.0.0/0",
                ]
              [32m+[0m[0m from_port        = 8001
              [32m+[0m[0m ipv6_cidr_blocks = []
              [32m+[0m[0m prefix_list_ids  = []
              [32m+[0m[0m protocol         = "tcp"
              [32m+[0m[0m security_groups  = []
              [32m+[0m[0m self             = false
              [32m+[0m[0m to_port          = 8001
                [90m# (1 unchanged attribute hidden)[0m[0m
            },
          [32m+[0m[0m {
              [32m+[0m[0m cidr_blocks      = [
                  [32m+[0m[0m "0.0.0.0/0",
                ]
              [32m+[0m[0m from_port        = 9001
              [32m+[0m[0m ipv6_cidr_blocks = []
              [32m+[0m[0m prefix_list_ids  = []
              [32m+[0m[0m protocol         = "tcp"
              [32m+[0m[0m security_groups  = []
              [32m+[0m[0m self             = false
              [32m+[0m[0m to_port          = 9001
                [90m# (1 unchanged attribute hidden)[0m[0m
            },
        ]
      [32m+[0m[0m name                   = "crossregb447-raft-quic-node1"
      [32m+[0m[0m name_prefix            = (known after apply)
      [32m+[0m[0m owner_id               = (known after apply)
      [32m+[0m[0m revoke_rules_on_delete = false
      [32m+[0m[0m tags                   = {
          [32m+[0m[0m "Node"    = "node1"
          [32m+[0m[0m "Project" = "raft-quic"
        }
      [32m+[0m[0m tags_all               = {
          [32m+[0m[0m "Node"    = "node1"
          [32m+[0m[0m "Project" = "raft-quic"
        }
      [32m+[0m[0m vpc_id                 = (known after apply)
    }

[1m  # module.node_ap[1].aws_iam_instance_profile.raft_ssm[0m will be created
[0m  [32m+[0m[0m resource "aws_iam_instance_profile" "raft_ssm" {
      [32m+[0m[0m arn         = (known after apply)
      [32m+[0m[0m create_date = (known after apply)
      [32m+[0m[0m id          = (known after apply)
      [32m+[0m[0m name        = "crossregb447-raft-quic-cross-ssm-node2"
      [32m+[0m[0m name_prefix = (known after apply)
      [32m+[0m[0m path        = "/"
      [32m+[0m[0m role        = "crossregb447-raft-quic-cross-ssm-node2"
      [32m+[0m[0m tags_all    = (known after apply)
      [32m+[0m[0m unique_id   = (known after apply)
    }

[1m  # module.node_ap[1].aws_iam_role.raft_ssm[0m will be created
[0m  [32m+[0m[0m resource "aws_iam_role" "raft_ssm" {
      [32m+[0m[0m arn                   = (known after apply)
      [32m+[0m[0m assume_role_policy    = jsonencode(
            {
              [32m+[0m[0m Statement = [
                  [32m+[0m[0m {
                      [32m+[0m[0m Action    = "sts:AssumeRole"
                      [32m+[0m[0m Effect    = "Allow"
                      [32m+[0m[0m Principal = {
                          [32m+[0m[0m Service = "ec2.amazonaws.com"
                        }
                    },
                ]
              [32m+[0m[0m Version   = "2012-10-17"
            }
        )
      [32m+[0m[0m create_date           = (known after apply)
      [32m+[0m[0m force_detach_policies = false
      [32m+[0m[0m id                    = (known after apply)
      [32m+[0m[0m managed_policy_arns   = (known after apply)
      [32m+[0m[0m max_session_duration  = 3600
      [32m+[0m[0m name                  = "crossregb447-raft-quic-cross-ssm-node2"
      [32m+[0m[0m name_prefix           = (known after apply)
      [32m+[0m[0m path                  = "/"
      [32m+[0m[0m tags                  = {
          [32m+[0m[0m "Node"    = "node2"
          [32m+[0m[0m "Project" = "raft-quic"
        }
      [32m+[0m[0m tags_all              = {
          [32m+[0m[0m "Node"    = "node2"
          [32m+[0m[0m "Project" = "raft-quic"
        }
      [32m+[0m[0m unique_id             = (known after apply)

      [32m+[0m[0m inline_policy (known after apply)
    }

[1m  # module.node_ap[1].aws_iam_role_policy_attachment.ssm_core[0m will be created
[0m  [32m+[0m[0m resource "aws_iam_role_policy_attachment" "ssm_core" {
      [32m+[0m[0m id         = (known after apply)
      [32m+[0m[0m policy_arn = "arn:aws:iam::aws:policy/AmazonSSMManagedInstanceCore"
      [32m+[0m[0m role       = "crossregb447-raft-quic-cross-ssm-node2"
    }

[1m  # module.node_ap[1].aws_instance.node[0m will be created
[0m  [32m+[0m[0m resource "aws_instance" "node" {
      [32m+[0m[0m ami                                  = "ami-0102a36b3e9d5e4df"
      [32m+[0m[0m arn                                  = (known after apply)
      [32m+[0m[0m associate_public_ip_address          = true
      [32m+[0m[0m availability_zone                    = (known after apply)
      [32m+[0m[0m cpu_core_count                       = (known after apply)
      [32m+[0m[0m cpu_threads_per_core                 = (known after apply)
      [32m+[0m[0m disable_api_stop                     = (known after apply)
      [32m+[0m[0m disable_api_termination              = (known after apply)
      [32m+[0m[0m ebs_optimized                        = (known after apply)
      [32m+[0m[0m enable_primary_ipv6                  = (known after apply)
      [32m+[0m[0m get_password_data                    = false
      [32m+[0m[0m host_id                              = (known after apply)
      [32m+[0m[0m host_resource_group_arn              = (known after apply)
      [32m+[0m[0m iam_instance_profile                 = "crossregb447-raft-quic-cross-ssm-node2"
      [32m+[0m[0m id                                   = (known after apply)
      [32m+[0m[0m instance_initiated_shutdown_behavior = (known after apply)
      [32m+[0m[0m instance_lifecycle                   = (known after apply)
      [32m+[0m[0m instance_state                       = (known after apply)
      [32m+[0m[0m instance_type                        = "t3.micro"
      [32m+[0m[0m ipv6_address_count                   = (known after apply)
      [32m+[0m[0m ipv6_addresses                       = (known after apply)
      [32m+[0m[0m key_name                             = "crossregb447-raft-quic-cross-node2"
      [32m+[0m[0m monitoring                           = (known after apply)
      [32m+[0m[0m outpost_arn                          = (known after apply)
      [32m+[0m[0m password_data                        = (known after apply)
      [32m+[0m[0m placement_group                      = (known after apply)
      [32m+[0m[0m placement_partition_number           = (known after apply)
      [32m+[0m[0m primary_network_interface_id         = (known after apply)
      [32m+[0m[0m private_dns                          = (known after apply)
      [32m+[0m[0m private_ip                           = (known after apply)
      [32m+[0m[0m public_dns                           = (known after apply)
      [32m+[0m[0m public_ip                            = (known after apply)
      [32m+[0m[0m secondary_private_ips                = (known after apply)
      [32m+[0m[0m security_groups                      = (known after apply)
      [32m+[0m[0m source_dest_check                    = true
      [32m+[0m[0m spot_instance_request_id             = (known after apply)
      [32m+[0m[0m subnet_id                            = (known after apply)
      [32m+[0m[0m tags                                 = {
          [32m+[0m[0m "Name"    = "crossregb447-raft-quic-node2"
          [32m+[0m[0m "Node"    = "node2"
          [32m+[0m[0m "Project" = "raft-quic"
        }
      [32m+[0m[0m tags_all                             = {
          [32m+[0m[0m "Name"    = "crossregb447-raft-quic-node2"
          [32m+[0m[0m "Node"    = "node2"
          [32m+[0m[0m "Project" = "raft-quic"
        }
      [32m+[0m[0m tenancy                              = (known after apply)
      [32m+[0m[0m user_data                            = (known after apply)
      [32m+[0m[0m user_data_base64                     = (known after apply)
      [32m+[0m[0m user_data_replace_on_change          = false
      [32m+[0m[0m vpc_security_group_ids               = (known after apply)

      [32m+[0m[0m capacity_reservation_specification (known after apply)

      [32m+[0m[0m cpu_options (known after apply)

      [32m+[0m[0m ebs_block_device (known after apply)

      [32m+[0m[0m enclave_options (known after apply)

      [32m+[0m[0m ephemeral_block_device (known after apply)

      [32m+[0m[0m instance_market_options (known after apply)

      [32m+[0m[0m maintenance_options (known after apply)

      [32m+[0m[0m metadata_options (known after apply)

      [32m+[0m[0m network_interface (known after apply)

      [32m+[0m[0m private_dns_name_options (known after apply)

      [32m+[0m[0m root_block_device (known after apply)
    }

[1m  # module.node_ap[1].aws_key_pair.raft[0m will be created
[0m  [32m+[0m[0m resource "aws_key_pair" "raft" {
      [32m+[0m[0m arn             = (known after apply)
      [32m+[0m[0m fingerprint     = (known after apply)
      [32m+[0m[0m id              = (known after apply)
      [32m+[0m[0m key_name        = "crossregb447-raft-quic-cross-node2"
      [32m+[0m[0m key_name_prefix = (known after apply)
      [32m+[0m[0m key_pair_id     = (known after apply)
      [32m+[0m[0m key_type        = (known after apply)
      [32m+[0m[0m public_key      = (known after apply)
      [32m+[0m[0m tags            = {
          [32m+[0m[0m "Node"    = "node2"
          [32m+[0m[0m "Project" = "raft-quic"
        }
      [32m+[0m[0m tags_all        = {
          [32m+[0m[0m "Node"    = "node2"
          [32m+[0m[0m "Project" = "raft-quic"
        }
    }

[1m  # module.node_ap[1].aws_security_group.raft[0m will be created
[0m  [32m+[0m[0m resource "aws_security_group" "raft" {
      [32m+[0m[0m arn                    = (known after apply)
      [32m+[0m[0m description            = "Raft-over-QUIC cluster node node2"
      [32m+[0m[0m egress                 = [
          [32m+[0m[0m {
              [32m+[0m[0m cidr_blocks      = [
                  [32m+[0m[0m "0.0.0.0/0",
                ]
              [32m+[0m[0m from_port        = 0
              [32m+[0m[0m ipv6_cidr_blocks = []
              [32m+[0m[0m prefix_list_ids  = []
              [32m+[0m[0m protocol         = "-1"
              [32m+[0m[0m security_groups  = []
              [32m+[0m[0m self             = false
              [32m+[0m[0m to_port          = 0
                [90m# (1 unchanged attribute hidden)[0m[0m
            },
        ]
      [32m+[0m[0m id                     = (known after apply)
      [32m+[0m[0m ingress                = [
          [32m+[0m[0m {
              [32m+[0m[0m cidr_blocks      = [
                  [32m+[0m[0m "0.0.0.0/0",
                ]
              [32m+[0m[0m from_port        = 22
              [32m+[0m[0m ipv6_cidr_blocks = []
              [32m+[0m[0m prefix_list_ids  = []
              [32m+[0m[0m protocol         = "tcp"
              [32m+[0m[0m security_groups  = []
              [32m+[0m[0m self             = false
              [32m+[0m[0m to_port          = 22
                [90m# (1 unchanged attribute hidden)[0m[0m
            },
          [32m+[0m[0m {
              [32m+[0m[0m cidr_blocks      = [
                  [32m+[0m[0m "0.0.0.0/0",
                ]
              [32m+[0m[0m from_port        = 7001
              [32m+[0m[0m ipv6_cidr_blocks = []
              [32m+[0m[0m prefix_list_ids  = []
              [32m+[0m[0m protocol         = "udp"
              [32m+[0m[0m security_groups  = []
              [32m+[0m[0m self             = false
              [32m+[0m[0m to_port          = 7001
                [90m# (1 unchanged attribute hidden)[0m[0m
            },
          [32m+[0m[0m {
              [32m+[0m[0m cidr_blocks      = [
                  [32m+[0m[0m "0.0.0.0/0",
                ]
              [32m+[0m[0m from_port        = 8001
              [32m+[0m[0m ipv6_cidr_blocks = []
              [32m+[0m[0m prefix_list_ids  = []
              [32m+[0m[0m protocol         = "tcp"
              [32m+[0m[0m security_groups  = []
              [32m+[0m[0m self             = false
              [32m+[0m[0m to_port          = 8001
                [90m# (1 unchanged attribute hidden)[0m[0m
            },
          [32m+[0m[0m {
              [32m+[0m[0m cidr_blocks      = [
                  [32m+[0m[0m "0.0.0.0/0",
                ]
              [32m+[0m[0m from_port        = 9001
              [32m+[0m[0m ipv6_cidr_blocks = []
              [32m+[0m[0m prefix_list_ids  = []
              [32m+[0m[0m protocol         = "tcp"
              [32m+[0m[0m security_groups  = []
              [32m+[0m[0m self             = false
              [32m+[0m[0m to_port          = 9001
                [90m# (1 unchanged attribute hidden)[0m[0m
            },
        ]
      [32m+[0m[0m name                   = "crossregb447-raft-quic-node2"
      [32m+[0m[0m name_prefix            = (known after apply)
      [32m+[0m[0m owner_id               = (known after apply)
      [32m+[0m[0m revoke_rules_on_delete = false
      [32m+[0m[0m tags                   = {
          [32m+[0m[0m "Node"    = "node2"
          [32m+[0m[0m "Project" = "raft-quic"
        }
      [32m+[0m[0m tags_all               = {
          [32m+[0m[0m "Node"    = "node2"
          [32m+[0m[0m "Project" = "raft-quic"
        }
      [32m+[0m[0m vpc_id                 = (known after apply)
    }

[1m  # module.node_ap[2].aws_iam_instance_profile.raft_ssm[0m will be created
[0m  [32m+[0m[0m resource "aws_iam_instance_profile" "raft_ssm" {
      [32m+[0m[0m arn         = (known after apply)
      [32m+[0m[0m create_date = (known after apply)
      [32m+[0m[0m id          = (known after apply)
      [32m+[0m[0m name        = "crossregb447-raft-quic-cross-ssm-node3"
      [32m+[0m[0m name_prefix = (known after apply)
      [32m+[0m[0m path        = "/"
      [32m+[0m[0m role        = "crossregb447-raft-quic-cross-ssm-node3"
      [32m+[0m[0m tags_all    = (known after apply)
      [32m+[0m[0m unique_id   = (known after apply)
    }

[1m  # module.node_ap[2].aws_iam_role.raft_ssm[0m will be created
[0m  [32m+[0m[0m resource "aws_iam_role" "raft_ssm" {
      [32m+[0m[0m arn                   = (known after apply)
      [32m+[0m[0m assume_role_policy    = jsonencode(
            {
              [32m+[0m[0m Statement = [
                  [32m+[0m[0m {
                      [32m+[0m[0m Action    = "sts:AssumeRole"
                      [32m+[0m[0m Effect    = "Allow"
                      [32m+[0m[0m Principal = {
                          [32m+[0m[0m Service = "ec2.amazonaws.com"
                        }
                    },
                ]
              [32m+[0m[0m Version   = "2012-10-17"
            }
        )
      [32m+[0m[0m create_date           = (known after apply)
      [32m+[0m[0m force_detach_policies = false
      [32m+[0m[0m id                    = (known after apply)
      [32m+[0m[0m managed_policy_arns   = (known after apply)
      [32m+[0m[0m max_session_duration  = 3600
      [32m+[0m[0m name                  = "crossregb447-raft-quic-cross-ssm-node3"
      [32m+[0m[0m name_prefix           = (known after apply)
      [32m+[0m[0m path                  = "/"
      [32m+[0m[0m tags                  = {
          [32m+[0m[0m "Node"    = "node3"
          [32m+[0m[0m "Project" = "raft-quic"
        }
      [32m+[0m[0m tags_all              = {
          [32m+[0m[0m "Node"    = "node3"
          [32m+[0m[0m "Project" = "raft-quic"
        }
      [32m+[0m[0m unique_id             = (known after apply)

      [32m+[0m[0m inline_policy (known after apply)
    }

[1m  # module.node_ap[2].aws_iam_role_policy_attachment.ssm_core[0m will be created
[0m  [32m+[0m[0m resource "aws_iam_role_policy_attachment" "ssm_core" {
      [32m+[0m[0m id         = (known after apply)
      [32m+[0m[0m policy_arn = "arn:aws:iam::aws:policy/AmazonSSMManagedInstanceCore"
      [32m+[0m[0m role       = "crossregb447-raft-quic-cross-ssm-node3"
    }

[1m  # module.node_ap[2].aws_instance.node[0m will be created
[0m  [32m+[0m[0m resource "aws_instance" "node" {
      [32m+[0m[0m ami                                  = "ami-0102a36b3e9d5e4df"
      [32m+[0m[0m arn                                  = (known after apply)
      [32m+[0m[0m associate_public_ip_address          = true
      [32m+[0m[0m availability_zone                    = (known after apply)
      [32m+[0m[0m cpu_core_count                       = (known after apply)
      [32m+[0m[0m cpu_threads_per_core                 = (known after apply)
      [32m+[0m[0m disable_api_stop                     = (known after apply)
      [32m+[0m[0m disable_api_termination              = (known after apply)
      [32m+[0m[0m ebs_optimized                        = (known after apply)
      [32m+[0m[0m enable_primary_ipv6                  = (known after apply)
      [32m+[0m[0m get_password_data                    = false
      [32m+[0m[0m host_id                              = (known after apply)
      [32m+[0m[0m host_resource_group_arn              = (known after apply)
      [32m+[0m[0m iam_instance_profile                 = "crossregb447-raft-quic-cross-ssm-node3"
      [32m+[0m[0m id                                   = (known after apply)
      [32m+[0m[0m instance_initiated_shutdown_behavior = (known after apply)
      [32m+[0m[0m instance_lifecycle                   = (known after apply)
      [32m+[0m[0m instance_state                       = (known after apply)
      [32m+[0m[0m instance_type                        = "t3.micro"
      [32m+[0m[0m ipv6_address_count                   = (known after apply)
      [32m+[0m[0m ipv6_addresses                       = (known after apply)
      [32m+[0m[0m key_name                             = "crossregb447-raft-quic-cross-node3"
      [32m+[0m[0m monitoring                           = (known after apply)
      [32m+[0m[0m outpost_arn                          = (known after apply)
      [32m+[0m[0m password_data                        = (known after apply)
      [32m+[0m[0m placement_group                      = (known after apply)
      [32m+[0m[0m placement_partition_number           = (known after apply)
      [32m+[0m[0m primary_network_interface_id         = (known after apply)
      [32m+[0m[0m private_dns                          = (known after apply)
      [32m+[0m[0m private_ip                           = (known after apply)
      [32m+[0m[0m public_dns                           = (known after apply)
      [32m+[0m[0m public_ip                            = (known after apply)
      [32m+[0m[0m secondary_private_ips                = (known after apply)
      [32m+[0m[0m security_groups                      = (known after apply)
      [32m+[0m[0m source_dest_check                    = true
      [32m+[0m[0m spot_instance_request_id             = (known after apply)
      [32m+[0m[0m subnet_id                            = (known after apply)
      [32m+[0m[0m tags                                 = {
          [32m+[0m[0m "Name"    = "crossregb447-raft-quic-node3"
          [32m+[0m[0m "Node"    = "node3"
          [32m+[0m[0m "Project" = "raft-quic"
        }
      [32m+[0m[0m tags_all                             = {
          [32m+[0m[0m "Name"    = "crossregb447-raft-quic-node3"
          [32m+[0m[0m "Node"    = "node3"
          [32m+[0m[0m "Project" = "raft-quic"
        }
      [32m+[0m[0m tenancy                              = (known after apply)
      [32m+[0m[0m user_data                            = (known after apply)
      [32m+[0m[0m user_data_base64                     = (known after apply)
      [32m+[0m[0m user_data_replace_on_change          = false
      [32m+[0m[0m vpc_security_group_ids               = (known after apply)

      [32m+[0m[0m capacity_reservation_specification (known after apply)

      [32m+[0m[0m cpu_options (known after apply)

      [32m+[0m[0m ebs_block_device (known after apply)

      [32m+[0m[0m enclave_options (known after apply)

      [32m+[0m[0m ephemeral_block_device (known after apply)

      [32m+[0m[0m instance_market_options (known after apply)

      [32m+[0m[0m maintenance_options (known after apply)

      [32m+[0m[0m metadata_options (known after apply)

      [32m+[0m[0m network_interface (known after apply)

      [32m+[0m[0m private_dns_name_options (known after apply)

      [32m+[0m[0m root_block_device (known after apply)
    }

[1m  # module.node_ap[2].aws_key_pair.raft[0m will be created
[0m  [32m+[0m[0m resource "aws_key_pair" "raft" {
      [32m+[0m[0m arn             = (known after apply)
      [32m+[0m[0m fingerprint     = (known after apply)
      [32m+[0m[0m id              = (known after apply)
      [32m+[0m[0m key_name        = "crossregb447-raft-quic-cross-node3"
      [32m+[0m[0m key_name_prefix = (known after apply)
      [32m+[0m[0m key_pair_id     = (known after apply)
      [32m+[0m[0m key_type        = (known after apply)
      [32m+[0m[0m public_key      = (known after apply)
      [32m+[0m[0m tags            = {
          [32m+[0m[0m "Node"    = "node3"
          [32m+[0m[0m "Project" = "raft-quic"
        }
      [32m+[0m[0m tags_all        = {
          [32m+[0m[0m "Node"    = "node3"
          [32m+[0m[0m "Project" = "raft-quic"
        }
    }

[1m  # module.node_ap[2].aws_security_group.raft[0m will be created
[0m  [32m+[0m[0m resource "aws_security_group" "raft" {
      [32m+[0m[0m arn                    = (known after apply)
      [32m+[0m[0m description            = "Raft-over-QUIC cluster node node3"
      [32m+[0m[0m egress                 = [
          [32m+[0m[0m {
              [32m+[0m[0m cidr_blocks      = [
                  [32m+[0m[0m "0.0.0.0/0",
                ]
              [32m+[0m[0m from_port        = 0
              [32m+[0m[0m ipv6_cidr_blocks = []
              [32m+[0m[0m prefix_list_ids  = []
              [32m+[0m[0m protocol         = "-1"
              [32m+[0m[0m security_groups  = []
              [32m+[0m[0m self             = false
              [32m+[0m[0m to_port          = 0
                [90m# (1 unchanged attribute hidden)[0m[0m
            },
        ]
      [32m+[0m[0m id                     = (known after apply)
      [32m+[0m[0m ingress                = [
          [32m+[0m[0m {
              [32m+[0m[0m cidr_blocks      = [
                  [32m+[0m[0m "0.0.0.0/0",
                ]
              [32m+[0m[0m from_port        = 22
              [32m+[0m[0m ipv6_cidr_blocks = []
              [32m+[0m[0m prefix_list_ids  = []
              [32m+[0m[0m protocol         = "tcp"
              [32m+[0m[0m security_groups  = []
              [32m+[0m[0m self             = false
              [32m+[0m[0m to_port          = 22
                [90m# (1 unchanged attribute hidden)[0m[0m
            },
          [32m+[0m[0m {
              [32m+[0m[0m cidr_blocks      = [
                  [32m+[0m[0m "0.0.0.0/0",
                ]
              [32m+[0m[0m from_port        = 7001
              [32m+[0m[0m ipv6_cidr_blocks = []
              [32m+[0m[0m prefix_list_ids  = []
              [32m+[0m[0m protocol         = "udp"
              [32m+[0m[0m security_groups  = []
              [32m+[0m[0m self             = false
              [32m+[0m[0m to_port          = 7001
                [90m# (1 unchanged attribute hidden)[0m[0m
            },
          [32m+[0m[0m {
              [32m+[0m[0m cidr_blocks      = [
                  [32m+[0m[0m "0.0.0.0/0",
                ]
              [32m+[0m[0m from_port        = 8001
              [32m+[0m[0m ipv6_cidr_blocks = []
              [32m+[0m[0m prefix_list_ids  = []
              [32m+[0m[0m protocol         = "tcp"
              [32m+[0m[0m security_groups  = []
              [32m+[0m[0m self             = false
              [32m+[0m[0m to_port          = 8001
                [90m# (1 unchanged attribute hidden)[0m[0m
            },
          [32m+[0m[0m {
              [32m+[0m[0m cidr_blocks      = [
                  [32m+[0m[0m "0.0.0.0/0",
                ]
              [32m+[0m[0m from_port        = 9001
              [32m+[0m[0m ipv6_cidr_blocks = []
              [32m+[0m[0m prefix_list_ids  = []
              [32m+[0m[0m protocol         = "tcp"
              [32m+[0m[0m security_groups  = []
              [32m+[0m[0m self             = false
              [32m+[0m[0m to_port          = 9001
                [90m# (1 unchanged attribute hidden)[0m[0m
            },
        ]
      [32m+[0m[0m name                   = "crossregb447-raft-quic-node3"
      [32m+[0m[0m name_prefix            = (known after apply)
      [32m+[0m[0m owner_id               = (known after apply)
      [32m+[0m[0m revoke_rules_on_delete = false
      [32m+[0m[0m tags                   = {
          [32m+[0m[0m "Node"    = "node3"
          [32m+[0m[0m "Project" = "raft-quic"
        }
      [32m+[0m[0m tags_all               = {
          [32m+[0m[0m "Node"    = "node3"
          [32m+[0m[0m "Project" = "raft-quic"
        }
      [32m+[0m[0m vpc_id                 = (known after apply)
    }

[1m  # module.node_eu[0].aws_iam_instance_profile.raft_ssm[0m will be created
[0m  [32m+[0m[0m resource "aws_iam_instance_profile" "raft_ssm" {
      [32m+[0m[0m arn         = (known after apply)
      [32m+[0m[0m create_date = (known after apply)
      [32m+[0m[0m id          = (known after apply)
      [32m+[0m[0m name        = "crossregb447-raft-quic-cross-ssm-node6"
      [32m+[0m[0m name_prefix = (known after apply)
      [32m+[0m[0m path        = "/"
      [32m+[0m[0m role        = "crossregb447-raft-quic-cross-ssm-node6"
      [32m+[0m[0m tags_all    = (known after apply)
      [32m+[0m[0m unique_id   = (known after apply)
    }

[1m  # module.node_eu[0].aws_iam_role.raft_ssm[0m will be created
[0m  [32m+[0m[0m resource "aws_iam_role" "raft_ssm" {
      [32m+[0m[0m arn                   = (known after apply)
      [32m+[0m[0m assume_role_policy    = jsonencode(
            {
              [32m+[0m[0m Statement = [
                  [32m+[0m[0m {
                      [32m+[0m[0m Action    = "sts:AssumeRole"
                      [32m+[0m[0m Effect    = "Allow"
                      [32m+[0m[0m Principal = {
                          [32m+[0m[0m Service = "ec2.amazonaws.com"
                        }
                    },
                ]
              [32m+[0m[0m Version   = "2012-10-17"
            }
        )
      [32m+[0m[0m create_date           = (known after apply)
      [32m+[0m[0m force_detach_policies = false
      [32m+[0m[0m id                    = (known after apply)
      [32m+[0m[0m managed_policy_arns   = (known after apply)
      [32m+[0m[0m max_session_duration  = 3600
      [32m+[0m[0m name                  = "crossregb447-raft-quic-cross-ssm-node6"
      [32m+[0m[0m name_prefix           = (known after apply)
      [32m+[0m[0m path                  = "/"
      [32m+[0m[0m tags                  = {
          [32m+[0m[0m "Node"    = "node6"
          [32m+[0m[0m "Project" = "raft-quic"
        }
      [32m+[0m[0m tags_all              = {
          [32m+[0m[0m "Node"    = "node6"
          [32m+[0m[0m "Project" = "raft-quic"
        }
      [32m+[0m[0m unique_id             = (known after apply)

      [32m+[0m[0m inline_policy (known after apply)
    }

[1m  # module.node_eu[0].aws_iam_role_policy_attachment.ssm_core[0m will be created
[0m  [32m+[0m[0m resource "aws_iam_role_policy_attachment" "ssm_core" {
      [32m+[0m[0m id         = (known after apply)
      [32m+[0m[0m policy_arn = "arn:aws:iam::aws:policy/AmazonSSMManagedInstanceCore"
      [32m+[0m[0m role       = "crossregb447-raft-quic-cross-ssm-node6"
    }

[1m  # module.node_eu[0].aws_instance.node[0m will be created
[0m  [32m+[0m[0m resource "aws_instance" "node" {
      [32m+[0m[0m ami                                  = "ami-07f4d6f1cf436d5e9"
      [32m+[0m[0m arn                                  = (known after apply)
      [32m+[0m[0m associate_public_ip_address          = true
      [32m+[0m[0m availability_zone                    = (known after apply)
      [32m+[0m[0m cpu_core_count                       = (known after apply)
      [32m+[0m[0m cpu_threads_per_core                 = (known after apply)
      [32m+[0m[0m disable_api_stop                     = (known after apply)
      [32m+[0m[0m disable_api_termination              = (known after apply)
      [32m+[0m[0m ebs_optimized                        = (known after apply)
      [32m+[0m[0m enable_primary_ipv6                  = (known after apply)
      [32m+[0m[0m get_password_data                    = false
      [32m+[0m[0m host_id                              = (known after apply)
      [32m+[0m[0m host_resource_group_arn              = (known after apply)
      [32m+[0m[0m iam_instance_profile                 = "crossregb447-raft-quic-cross-ssm-node6"
      [32m+[0m[0m id                                   = (known after apply)
      [32m+[0m[0m instance_initiated_shutdown_behavior = (known after apply)
      [32m+[0m[0m instance_lifecycle                   = (known after apply)
      [32m+[0m[0m instance_state                       = (known after apply)
      [32m+[0m[0m instance_type                        = "t3.micro"
      [32m+[0m[0m ipv6_address_count                   = (known after apply)
      [32m+[0m[0m ipv6_addresses                       = (known after apply)
      [32m+[0m[0m key_name                             = "crossregb447-raft-quic-cross-node6"
      [32m+[0m[0m monitoring                           = (known after apply)
      [32m+[0m[0m outpost_arn                          = (known after apply)
      [32m+[0m[0m password_data                        = (known after apply)
      [32m+[0m[0m placement_group                      = (known after apply)
      [32m+[0m[0m placement_partition_number           = (known after apply)
      [32m+[0m[0m primary_network_interface_id         = (known after apply)
      [32m+[0m[0m private_dns                          = (known after apply)
      [32m+[0m[0m private_ip                           = (known after apply)
      [32m+[0m[0m public_dns                           = (known after apply)
      [32m+[0m[0m public_ip                            = (known after apply)
      [32m+[0m[0m secondary_private_ips                = (known after apply)
      [32m+[0m[0m security_groups                      = (known after apply)
      [32m+[0m[0m source_dest_check                    = true
      [32m+[0m[0m spot_instance_request_id             = (known after apply)
      [32m+[0m[0m subnet_id                            = (known after apply)
      [32m+[0m[0m tags                                 = {
          [32m+[0m[0m "Name"    = "crossregb447-raft-quic-node6"
          [32m+[0m[0m "Node"    = "node6"
          [32m+[0m[0m "Project" = "raft-quic"
        }
      [32m+[0m[0m tags_all                             = {
          [32m+[0m[0m "Name"    = "crossregb447-raft-quic-node6"
          [32m+[0m[0m "Node"    = "node6"
          [32m+[0m[0m "Project" = "raft-quic"
        }
      [32m+[0m[0m tenancy                              = (known after apply)
      [32m+[0m[0m user_data                            = (known after apply)
      [32m+[0m[0m user_data_base64                     = (known after apply)
      [32m+[0m[0m user_data_replace_on_change          = false
      [32m+[0m[0m vpc_security_group_ids               = (known after apply)

      [32m+[0m[0m capacity_reservation_specification (known after apply)

      [32m+[0m[0m cpu_options (known after apply)

      [32m+[0m[0m ebs_block_device (known after apply)

      [32m+[0m[0m enclave_options (known after apply)

      [32m+[0m[0m ephemeral_block_device (known after apply)

      [32m+[0m[0m instance_market_options (known after apply)

      [32m+[0m[0m maintenance_options (known after apply)

      [32m+[0m[0m metadata_options (known after apply)

      [32m+[0m[0m network_interface (known after apply)

      [32m+[0m[0m private_dns_name_options (known after apply)

      [32m+[0m[0m root_block_device (known after apply)
    }

[1m  # module.node_eu[0].aws_key_pair.raft[0m will be created
[0m  [32m+[0m[0m resource "aws_key_pair" "raft" {
      [32m+[0m[0m arn             = (known after apply)
      [32m+[0m[0m fingerprint     = (known after apply)
      [32m+[0m[0m id              = (known after apply)
      [32m+[0m[0m key_name        = "crossregb447-raft-quic-cross-node6"
      [32m+[0m[0m key_name_prefix = (known after apply)
      [32m+[0m[0m key_pair_id     = (known after apply)
      [32m+[0m[0m key_type        = (known after apply)
      [32m+[0m[0m public_key      = (known after apply)
      [32m+[0m[0m tags            = {
          [32m+[0m[0m "Node"    = "node6"
          [32m+[0m[0m "Project" = "raft-quic"
        }
      [32m+[0m[0m tags_all        = {
          [32m+[0m[0m "Node"    = "node6"
          [32m+[0m[0m "Project" = "raft-quic"
        }
    }

[1m  # module.node_eu[0].aws_security_group.raft[0m will be created
[0m  [32m+[0m[0m resource "aws_security_group" "raft" {
      [32m+[0m[0m arn                    = (known after apply)
      [32m+[0m[0m description            = "Raft-over-QUIC cluster node node6"
      [32m+[0m[0m egress                 = [
          [32m+[0m[0m {
              [32m+[0m[0m cidr_blocks      = [
                  [32m+[0m[0m "0.0.0.0/0",
                ]
              [32m+[0m[0m from_port        = 0
              [32m+[0m[0m ipv6_cidr_blocks = []
              [32m+[0m[0m prefix_list_ids  = []
              [32m+[0m[0m protocol         = "-1"
              [32m+[0m[0m security_groups  = []
              [32m+[0m[0m self             = false
              [32m+[0m[0m to_port          = 0
                [90m# (1 unchanged attribute hidden)[0m[0m
            },
        ]
      [32m+[0m[0m id                     = (known after apply)
      [32m+[0m[0m ingress                = [
          [32m+[0m[0m {
              [32m+[0m[0m cidr_blocks      = [
                  [32m+[0m[0m "0.0.0.0/0",
                ]
              [32m+[0m[0m from_port        = 22
              [32m+[0m[0m ipv6_cidr_blocks = []
              [32m+[0m[0m prefix_list_ids  = []
              [32m+[0m[0m protocol         = "tcp"
              [32m+[0m[0m security_groups  = []
              [32m+[0m[0m self             = false
              [32m+[0m[0m to_port          = 22
                [90m# (1 unchanged attribute hidden)[0m[0m
            },
          [32m+[0m[0m {
              [32m+[0m[0m cidr_blocks      = [
                  [32m+[0m[0m "0.0.0.0/0",
                ]
              [32m+[0m[0m from_port        = 7001
              [32m+[0m[0m ipv6_cidr_blocks = []
              [32m+[0m[0m prefix_list_ids  = []
              [32m+[0m[0m protocol         = "udp"
              [32m+[0m[0m security_groups  = []
              [32m+[0m[0m self             = false
              [32m+[0m[0m to_port          = 7001
                [90m# (1 unchanged attribute hidden)[0m[0m
            },
          [32m+[0m[0m {
              [32m+[0m[0m cidr_blocks      = [
                  [32m+[0m[0m "0.0.0.0/0",
                ]
              [32m+[0m[0m from_port        = 8001
              [32m+[0m[0m ipv6_cidr_blocks = []
              [32m+[0m[0m prefix_list_ids  = []
              [32m+[0m[0m protocol         = "tcp"
              [32m+[0m[0m security_groups  = []
              [32m+[0m[0m self             = false
              [32m+[0m[0m to_port          = 8001
                [90m# (1 unchanged attribute hidden)[0m[0m
            },
          [32m+[0m[0m {
              [32m+[0m[0m cidr_blocks      = [
                  [32m+[0m[0m "0.0.0.0/0",
                ]
              [32m+[0m[0m from_port        = 9001
              [32m+[0m[0m ipv6_cidr_blocks = []
              [32m+[0m[0m prefix_list_ids  = []
              [32m+[0m[0m protocol         = "tcp"
              [32m+[0m[0m security_groups  = []
              [32m+[0m[0m self             = false
              [32m+[0m[0m to_port          = 9001
                [90m# (1 unchanged attribute hidden)[0m[0m
            },
        ]
      [32m+[0m[0m name                   = "crossregb447-raft-quic-node6"
      [32m+[0m[0m name_prefix            = (known after apply)
      [32m+[0m[0m owner_id               = (known after apply)
      [32m+[0m[0m revoke_rules_on_delete = false
      [32m+[0m[0m tags                   = {
          [32m+[0m[0m "Node"    = "node6"
          [32m+[0m[0m "Project" = "raft-quic"
        }
      [32m+[0m[0m tags_all               = {
          [32m+[0m[0m "Node"    = "node6"
          [32m+[0m[0m "Project" = "raft-quic"
        }
      [32m+[0m[0m vpc_id                 = (known after apply)
    }

[1m  # module.node_eu[1].aws_iam_instance_profile.raft_ssm[0m will be created
[0m  [32m+[0m[0m resource "aws_iam_instance_profile" "raft_ssm" {
      [32m+[0m[0m arn         = (known after apply)
      [32m+[0m[0m create_date = (known after apply)
      [32m+[0m[0m id          = (known after apply)
      [32m+[0m[0m name        = "crossregb447-raft-quic-cross-ssm-node7"
      [32m+[0m[0m name_prefix = (known after apply)
      [32m+[0m[0m path        = "/"
      [32m+[0m[0m role        = "crossregb447-raft-quic-cross-ssm-node7"
      [32m+[0m[0m tags_all    = (known after apply)
      [32m+[0m[0m unique_id   = (known after apply)
    }

[1m  # module.node_eu[1].aws_iam_role.raft_ssm[0m will be created
[0m  [32m+[0m[0m resource "aws_iam_role" "raft_ssm" {
      [32m+[0m[0m arn                   = (known after apply)
      [32m+[0m[0m assume_role_policy    = jsonencode(
            {
              [32m+[0m[0m Statement = [
                  [32m+[0m[0m {
                      [32m+[0m[0m Action    = "sts:AssumeRole"
                      [32m+[0m[0m Effect    = "Allow"
                      [32m+[0m[0m Principal = {
                          [32m+[0m[0m Service = "ec2.amazonaws.com"
                        }
                    },
                ]
              [32m+[0m[0m Version   = "2012-10-17"
            }
        )
      [32m+[0m[0m create_date           = (known after apply)
      [32m+[0m[0m force_detach_policies = false
      [32m+[0m[0m id                    = (known after apply)
      [32m+[0m[0m managed_policy_arns   = (known after apply)
      [32m+[0m[0m max_session_duration  = 3600
      [32m+[0m[0m name                  = "crossregb447-raft-quic-cross-ssm-node7"
      [32m+[0m[0m name_prefix           = (known after apply)
      [32m+[0m[0m path                  = "/"
      [32m+[0m[0m tags                  = {
          [32m+[0m[0m "Node"    = "node7"
          [32m+[0m[0m "Project" = "raft-quic"
        }
      [32m+[0m[0m tags_all              = {
          [32m+[0m[0m "Node"    = "node7"
          [32m+[0m[0m "Project" = "raft-quic"
        }
      [32m+[0m[0m unique_id             = (known after apply)

      [32m+[0m[0m inline_policy (known after apply)
    }

[1m  # module.node_eu[1].aws_iam_role_policy_attachment.ssm_core[0m will be created
[0m  [32m+[0m[0m resource "aws_iam_role_policy_attachment" "ssm_core" {
      [32m+[0m[0m id         = (known after apply)
      [32m+[0m[0m policy_arn = "arn:aws:iam::aws:policy/AmazonSSMManagedInstanceCore"
      [32m+[0m[0m role       = "crossregb447-raft-quic-cross-ssm-node7"
    }

[1m  # module.node_eu[1].aws_instance.node[0m will be created
[0m  [32m+[0m[0m resource "aws_instance" "node" {
      [32m+[0m[0m ami                                  = "ami-07f4d6f1cf436d5e9"
      [32m+[0m[0m arn                                  = (known after apply)
      [32m+[0m[0m associate_public_ip_address          = true
      [32m+[0m[0m availability_zone                    = (known after apply)
      [32m+[0m[0m cpu_core_count                       = (known after apply)
      [32m+[0m[0m cpu_threads_per_core                 = (known after apply)
      [32m+[0m[0m disable_api_stop                     = (known after apply)
      [32m+[0m[0m disable_api_termination              = (known after apply)
      [32m+[0m[0m ebs_optimized                        = (known after apply)
      [32m+[0m[0m enable_primary_ipv6                  = (known after apply)
      [32m+[0m[0m get_password_data                    = false
      [32m+[0m[0m host_id                              = (known after apply)
      [32m+[0m[0m host_resource_group_arn              = (known after apply)
      [32m+[0m[0m iam_instance_profile                 = "crossregb447-raft-quic-cross-ssm-node7"
      [32m+[0m[0m id                                   = (known after apply)
      [32m+[0m[0m instance_initiated_shutdown_behavior = (known after apply)
      [32m+[0m[0m instance_lifecycle                   = (known after apply)
      [32m+[0m[0m instance_state                       = (known after apply)
      [32m+[0m[0m instance_type                        = "t3.micro"
      [32m+[0m[0m ipv6_address_count                   = (known after apply)
      [32m+[0m[0m ipv6_addresses                       = (known after apply)
      [32m+[0m[0m key_name                             = "crossregb447-raft-quic-cross-node7"
      [32m+[0m[0m monitoring                           = (known after apply)
      [32m+[0m[0m outpost_arn                          = (known after apply)
      [32m+[0m[0m password_data                        = (known after apply)
      [32m+[0m[0m placement_group                      = (known after apply)
      [32m+[0m[0m placement_partition_number           = (known after apply)
      [32m+[0m[0m primary_network_interface_id         = (known after apply)
      [32m+[0m[0m private_dns                          = (known after apply)
      [32m+[0m[0m private_ip                           = (known after apply)
      [32m+[0m[0m public_dns                           = (known after apply)
      [32m+[0m[0m public_ip                            = (known after apply)
      [32m+[0m[0m secondary_private_ips                = (known after apply)
      [32m+[0m[0m security_groups                      = (known after apply)
      [32m+[0m[0m source_dest_check                    = true
      [32m+[0m[0m spot_instance_request_id             = (known after apply)
      [32m+[0m[0m subnet_id                            = (known after apply)
      [32m+[0m[0m tags                                 = {
          [32m+[0m[0m "Name"    = "crossregb447-raft-quic-node7"
          [32m+[0m[0m "Node"    = "node7"
          [32m+[0m[0m "Project" = "raft-quic"
        }
      [32m+[0m[0m tags_all                             = {
          [32m+[0m[0m "Name"    = "crossregb447-raft-quic-node7"
          [32m+[0m[0m "Node"    = "node7"
          [32m+[0m[0m "Project" = "raft-quic"
        }
      [32m+[0m[0m tenancy                              = (known after apply)
      [32m+[0m[0m user_data                            = (known after apply)
      [32m+[0m[0m user_data_base64                     = (known after apply)
      [32m+[0m[0m user_data_replace_on_change          = false
      [32m+[0m[0m vpc_security_group_ids               = (known after apply)

      [32m+[0m[0m capacity_reservation_specification (known after apply)

      [32m+[0m[0m cpu_options (known after apply)

      [32m+[0m[0m ebs_block_device (known after apply)

      [32m+[0m[0m enclave_options (known after apply)

      [32m+[0m[0m ephemeral_block_device (known after apply)

      [32m+[0m[0m instance_market_options (known after apply)

      [32m+[0m[0m maintenance_options (known after apply)

      [32m+[0m[0m metadata_options (known after apply)

      [32m+[0m[0m network_interface (known after apply)

      [32m+[0m[0m private_dns_name_options (known after apply)

      [32m+[0m[0m root_block_device (known after apply)
    }

[1m  # module.node_eu[1].aws_key_pair.raft[0m will be created
[0m  [32m+[0m[0m resource "aws_key_pair" "raft" {
      [32m+[0m[0m arn             = (known after apply)
      [32m+[0m[0m fingerprint     = (known after apply)
      [32m+[0m[0m id              = (known after apply)
      [32m+[0m[0m key_name        = "crossregb447-raft-quic-cross-node7"
      [32m+[0m[0m key_name_prefix = (known after apply)
      [32m+[0m[0m key_pair_id     = (known after apply)
      [32m+[0m[0m key_type        = (known after apply)
      [32m+[0m[0m public_key      = (known after apply)
      [32m+[0m[0m tags            = {
          [32m+[0m[0m "Node"    = "node7"
          [32m+[0m[0m "Project" = "raft-quic"
        }
      [32m+[0m[0m tags_all        = {
          [32m+[0m[0m "Node"    = "node7"
          [32m+[0m[0m "Project" = "raft-quic"
        }
    }

[1m  # module.node_eu[1].aws_security_group.raft[0m will be created
[0m  [32m+[0m[0m resource "aws_security_group" "raft" {
      [32m+[0m[0m arn                    = (known after apply)
      [32m+[0m[0m description            = "Raft-over-QUIC cluster node node7"
      [32m+[0m[0m egress                 = [
          [32m+[0m[0m {
              [32m+[0m[0m cidr_blocks      = [
                  [32m+[0m[0m "0.0.0.0/0",
                ]
              [32m+[0m[0m from_port        = 0
              [32m+[0m[0m ipv6_cidr_blocks = []
              [32m+[0m[0m prefix_list_ids  = []
              [32m+[0m[0m protocol         = "-1"
              [32m+[0m[0m security_groups  = []
              [32m+[0m[0m self             = false
              [32m+[0m[0m to_port          = 0
                [90m# (1 unchanged attribute hidden)[0m[0m
            },
        ]
      [32m+[0m[0m id                     = (known after apply)
      [32m+[0m[0m ingress                = [
          [32m+[0m[0m {
              [32m+[0m[0m cidr_blocks      = [
                  [32m+[0m[0m "0.0.0.0/0",
                ]
              [32m+[0m[0m from_port        = 22
              [32m+[0m[0m ipv6_cidr_blocks = []
              [32m+[0m[0m prefix_list_ids  = []
              [32m+[0m[0m protocol         = "tcp"
              [32m+[0m[0m security_groups  = []
              [32m+[0m[0m self             = false
              [32m+[0m[0m to_port          = 22
                [90m# (1 unchanged attribute hidden)[0m[0m
            },
          [32m+[0m[0m {
              [32m+[0m[0m cidr_blocks      = [
                  [32m+[0m[0m "0.0.0.0/0",
                ]
              [32m+[0m[0m from_port        = 7001
              [32m+[0m[0m ipv6_cidr_blocks = []
              [32m+[0m[0m prefix_list_ids  = []
              [32m+[0m[0m protocol         = "udp"
              [32m+[0m[0m security_groups  = []
              [32m+[0m[0m self             = false
              [32m+[0m[0m to_port          = 7001
                [90m# (1 unchanged attribute hidden)[0m[0m
            },
          [32m+[0m[0m {
              [32m+[0m[0m cidr_blocks      = [
                  [32m+[0m[0m "0.0.0.0/0",
                ]
              [32m+[0m[0m from_port        = 8001
              [32m+[0m[0m ipv6_cidr_blocks = []
              [32m+[0m[0m prefix_list_ids  = []
              [32m+[0m[0m protocol         = "tcp"
              [32m+[0m[0m security_groups  = []
              [32m+[0m[0m self             = false
              [32m+[0m[0m to_port          = 8001
                [90m# (1 unchanged attribute hidden)[0m[0m
            },
          [32m+[0m[0m {
              [32m+[0m[0m cidr_blocks      = [
                  [32m+[0m[0m "0.0.0.0/0",
                ]
              [32m+[0m[0m from_port        = 9001
              [32m+[0m[0m ipv6_cidr_blocks = []
              [32m+[0m[0m prefix_list_ids  = []
              [32m+[0m[0m protocol         = "tcp"
              [32m+[0m[0m security_groups  = []
              [32m+[0m[0m self             = false
              [32m+[0m[0m to_port          = 9001
                [90m# (1 unchanged attribute hidden)[0m[0m
            },
        ]
      [32m+[0m[0m name                   = "crossregb447-raft-quic-node7"
      [32m+[0m[0m name_prefix            = (known after apply)
      [32m+[0m[0m owner_id               = (known after apply)
      [32m+[0m[0m revoke_rules_on_delete = false
      [32m+[0m[0m tags                   = {
          [32m+[0m[0m "Node"    = "node7"
          [32m+[0m[0m "Project" = "raft-quic"
        }
      [32m+[0m[0m tags_all               = {
          [32m+[0m[0m "Node"    = "node7"
          [32m+[0m[0m "Project" = "raft-quic"
        }
      [32m+[0m[0m vpc_id                 = (known after apply)
    }

[1m  # module.node_us[0].aws_iam_instance_profile.raft_ssm[0m will be created
[0m  [32m+[0m[0m resource "aws_iam_instance_profile" "raft_ssm" {
      [32m+[0m[0m arn         = (known after apply)
      [32m+[0m[0m create_date = (known after apply)
      [32m+[0m[0m id          = (known after apply)
      [32m+[0m[0m name        = "crossregb447-raft-quic-cross-ssm-node4"
      [32m+[0m[0m name_prefix = (known after apply)
      [32m+[0m[0m path        = "/"
      [32m+[0m[0m role        = "crossregb447-raft-quic-cross-ssm-node4"
      [32m+[0m[0m tags_all    = (known after apply)
      [32m+[0m[0m unique_id   = (known after apply)
    }

[1m  # module.node_us[0].aws_iam_role.raft_ssm[0m will be created
[0m  [32m+[0m[0m resource "aws_iam_role" "raft_ssm" {
      [32m+[0m[0m arn                   = (known after apply)
      [32m+[0m[0m assume_role_policy    = jsonencode(
            {
              [32m+[0m[0m Statement = [
                  [32m+[0m[0m {
                      [32m+[0m[0m Action    = "sts:AssumeRole"
                      [32m+[0m[0m Effect    = "Allow"
                      [32m+[0m[0m Principal = {
                          [32m+[0m[0m Service = "ec2.amazonaws.com"
                        }
                    },
                ]
              [32m+[0m[0m Version   = "2012-10-17"
            }
        )
      [32m+[0m[0m create_date           = (known after apply)
      [32m+[0m[0m force_detach_policies = false
      [32m+[0m[0m id                    = (known after apply)
      [32m+[0m[0m managed_policy_arns   = (known after apply)
      [32m+[0m[0m max_session_duration  = 3600
      [32m+[0m[0m name                  = "crossregb447-raft-quic-cross-ssm-node4"
      [32m+[0m[0m name_prefix           = (known after apply)
      [32m+[0m[0m path                  = "/"
      [32m+[0m[0m tags                  = {
          [32m+[0m[0m "Node"    = "node4"
          [32m+[0m[0m "Project" = "raft-quic"
        }
      [32m+[0m[0m tags_all              = {
          [32m+[0m[0m "Node"    = "node4"
          [32m+[0m[0m "Project" = "raft-quic"
        }
      [32m+[0m[0m unique_id             = (known after apply)

      [32m+[0m[0m inline_policy (known after apply)
    }

[1m  # module.node_us[0].aws_iam_role_policy_attachment.ssm_core[0m will be created
[0m  [32m+[0m[0m resource "aws_iam_role_policy_attachment" "ssm_core" {
      [32m+[0m[0m id         = (known after apply)
      [32m+[0m[0m policy_arn = "arn:aws:iam::aws:policy/AmazonSSMManagedInstanceCore"
      [32m+[0m[0m role       = "crossregb447-raft-quic-cross-ssm-node4"
    }

[1m  # module.node_us[0].aws_instance.node[0m will be created
[0m  [32m+[0m[0m resource "aws_instance" "node" {
      [32m+[0m[0m ami                                  = "ami-0d67eaae9ae173448"
      [32m+[0m[0m arn                                  = (known after apply)
      [32m+[0m[0m associate_public_ip_address          = true
      [32m+[0m[0m availability_zone                    = (known after apply)
      [32m+[0m[0m cpu_core_count                       = (known after apply)
      [32m+[0m[0m cpu_threads_per_core                 = (known after apply)
      [32m+[0m[0m disable_api_stop                     = (known after apply)
      [32m+[0m[0m disable_api_termination              = (known after apply)
      [32m+[0m[0m ebs_optimized                        = (known after apply)
      [32m+[0m[0m enable_primary_ipv6                  = (known after apply)
      [32m+[0m[0m get_password_data                    = false
      [32m+[0m[0m host_id                              = (known after apply)
      [32m+[0m[0m host_resource_group_arn              = (known after apply)
      [32m+[0m[0m iam_instance_profile                 = "crossregb447-raft-quic-cross-ssm-node4"
      [32m+[0m[0m id                                   = (known after apply)
      [32m+[0m[0m instance_initiated_shutdown_behavior = (known after apply)
      [32m+[0m[0m instance_lifecycle                   = (known after apply)
      [32m+[0m[0m instance_state                       = (known after apply)
      [32m+[0m[0m instance_type                        = "t3.micro"
      [32m+[0m[0m ipv6_address_count                   = (known after apply)
      [32m+[0m[0m ipv6_addresses                       = (known after apply)
      [32m+[0m[0m key_name                             = "crossregb447-raft-quic-cross-node4"
      [32m+[0m[0m monitoring                           = (known after apply)
      [32m+[0m[0m outpost_arn                          = (known after apply)
      [32m+[0m[0m password_data                        = (known after apply)
      [32m+[0m[0m placement_group                      = (known after apply)
      [32m+[0m[0m placement_partition_number           = (known after apply)
      [32m+[0m[0m primary_network_interface_id         = (known after apply)
      [32m+[0m[0m private_dns                          = (known after apply)
      [32m+[0m[0m private_ip                           = (known after apply)
      [32m+[0m[0m public_dns                           = (known after apply)
      [32m+[0m[0m public_ip                            = (known after apply)
      [32m+[0m[0m secondary_private_ips                = (known after apply)
      [32m+[0m[0m security_groups                      = (known after apply)
      [32m+[0m[0m source_dest_check                    = true
      [32m+[0m[0m spot_instance_request_id             = (known after apply)
      [32m+[0m[0m subnet_id                            = (known after apply)
      [32m+[0m[0m tags                                 = {
          [32m+[0m[0m "Name"    = "crossregb447-raft-quic-node4"
          [32m+[0m[0m "Node"    = "node4"
          [32m+[0m[0m "Project" = "raft-quic"
        }
      [32m+[0m[0m tags_all                             = {
          [32m+[0m[0m "Name"    = "crossregb447-raft-quic-node4"
          [32m+[0m[0m "Node"    = "node4"
          [32m+[0m[0m "Project" = "raft-quic"
        }
      [32m+[0m[0m tenancy                              = (known after apply)
      [32m+[0m[0m user_data                            = (known after apply)
      [32m+[0m[0m user_data_base64                     = (known after apply)
      [32m+[0m[0m user_data_replace_on_change          = false
      [32m+[0m[0m vpc_security_group_ids               = (known after apply)

      [32m+[0m[0m capacity_reservation_specification (known after apply)

      [32m+[0m[0m cpu_options (known after apply)

      [32m+[0m[0m ebs_block_device (known after apply)

      [32m+[0m[0m enclave_options (known after apply)

      [32m+[0m[0m ephemeral_block_device (known after apply)

      [32m+[0m[0m instance_market_options (known after apply)

      [32m+[0m[0m maintenance_options (known after apply)

      [32m+[0m[0m metadata_options (known after apply)

      [32m+[0m[0m network_interface (known after apply)

      [32m+[0m[0m private_dns_name_options (known after apply)

      [32m+[0m[0m root_block_device (known after apply)
    }

[1m  # module.node_us[0].aws_key_pair.raft[0m will be created
[0m  [32m+[0m[0m resource "aws_key_pair" "raft" {
      [32m+[0m[0m arn             = (known after apply)
      [32m+[0m[0m fingerprint     = (known after apply)
      [32m+[0m[0m id              = (known after apply)
      [32m+[0m[0m key_name        = "crossregb447-raft-quic-cross-node4"
      [32m+[0m[0m key_name_prefix = (known after apply)
      [32m+[0m[0m key_pair_id     = (known after apply)
      [32m+[0m[0m key_type        = (known after apply)
      [32m+[0m[0m public_key      = (known after apply)
      [32m+[0m[0m tags            = {
          [32m+[0m[0m "Node"    = "node4"
          [32m+[0m[0m "Project" = "raft-quic"
        }
      [32m+[0m[0m tags_all        = {
          [32m+[0m[0m "Node"    = "node4"
          [32m+[0m[0m "Project" = "raft-quic"
        }
    }

[1m  # module.node_us[0].aws_security_group.raft[0m will be created
[0m  [32m+[0m[0m resource "aws_security_group" "raft" {
      [32m+[0m[0m arn                    = (known after apply)
      [32m+[0m[0m description            = "Raft-over-QUIC cluster node node4"
      [32m+[0m[0m egress                 = [
          [32m+[0m[0m {
              [32m+[0m[0m cidr_blocks      = [
                  [32m+[0m[0m "0.0.0.0/0",
                ]
              [32m+[0m[0m from_port        = 0
              [32m+[0m[0m ipv6_cidr_blocks = []
              [32m+[0m[0m prefix_list_ids  = []
              [32m+[0m[0m protocol         = "-1"
              [32m+[0m[0m security_groups  = []
              [32m+[0m[0m self             = false
              [32m+[0m[0m to_port          = 0
                [90m# (1 unchanged attribute hidden)[0m[0m
            },
        ]
      [32m+[0m[0m id                     = (known after apply)
      [32m+[0m[0m ingress                = [
          [32m+[0m[0m {
              [32m+[0m[0m cidr_blocks      = [
                  [32m+[0m[0m "0.0.0.0/0",
                ]
              [32m+[0m[0m from_port        = 22
              [32m+[0m[0m ipv6_cidr_blocks = []
              [32m+[0m[0m prefix_list_ids  = []
              [32m+[0m[0m protocol         = "tcp"
              [32m+[0m[0m security_groups  = []
              [32m+[0m[0m self             = false
              [32m+[0m[0m to_port          = 22
                [90m# (1 unchanged attribute hidden)[0m[0m
            },
          [32m+[0m[0m {
              [32m+[0m[0m cidr_blocks      = [
                  [32m+[0m[0m "0.0.0.0/0",
                ]
              [32m+[0m[0m from_port        = 7001
              [32m+[0m[0m ipv6_cidr_blocks = []
              [32m+[0m[0m prefix_list_ids  = []
              [32m+[0m[0m protocol         = "udp"
              [32m+[0m[0m security_groups  = []
              [32m+[0m[0m self             = false
              [32m+[0m[0m to_port          = 7001
                [90m# (1 unchanged attribute hidden)[0m[0m
            },
          [32m+[0m[0m {
              [32m+[0m[0m cidr_blocks      = [
                  [32m+[0m[0m "0.0.0.0/0",
                ]
              [32m+[0m[0m from_port        = 8001
              [32m+[0m[0m ipv6_cidr_blocks = []
              [32m+[0m[0m prefix_list_ids  = []
              [32m+[0m[0m protocol         = "tcp"
              [32m+[0m[0m security_groups  = []
              [32m+[0m[0m self             = false
              [32m+[0m[0m to_port          = 8001
                [90m# (1 unchanged attribute hidden)[0m[0m
            },
          [32m+[0m[0m {
              [32m+[0m[0m cidr_blocks      = [
                  [32m+[0m[0m "0.0.0.0/0",
                ]
              [32m+[0m[0m from_port        = 9001
              [32m+[0m[0m ipv6_cidr_blocks = []
              [32m+[0m[0m prefix_list_ids  = []
              [32m+[0m[0m protocol         = "tcp"
              [32m+[0m[0m security_groups  = []
              [32m+[0m[0m self             = false
              [32m+[0m[0m to_port          = 9001
                [90m# (1 unchanged attribute hidden)[0m[0m
            },
        ]
      [32m+[0m[0m name                   = "crossregb447-raft-quic-node4"
      [32m+[0m[0m name_prefix            = (known after apply)
      [32m+[0m[0m owner_id               = (known after apply)
      [32m+[0m[0m revoke_rules_on_delete = false
      [32m+[0m[0m tags                   = {
          [32m+[0m[0m "Node"    = "node4"
          [32m+[0m[0m "Project" = "raft-quic"
        }
      [32m+[0m[0m tags_all               = {
          [32m+[0m[0m "Node"    = "node4"
          [32m+[0m[0m "Project" = "raft-quic"
        }
      [32m+[0m[0m vpc_id                 = (known after apply)
    }

[1m  # module.node_us[1].aws_iam_instance_profile.raft_ssm[0m will be created
[0m  [32m+[0m[0m resource "aws_iam_instance_profile" "raft_ssm" {
      [32m+[0m[0m arn         = (known after apply)
      [32m+[0m[0m create_date = (known after apply)
      [32m+[0m[0m id          = (known after apply)
      [32m+[0m[0m name        = "crossregb447-raft-quic-cross-ssm-node5"
      [32m+[0m[0m name_prefix = (known after apply)
      [32m+[0m[0m path        = "/"
      [32m+[0m[0m role        = "crossregb447-raft-quic-cross-ssm-node5"
      [32m+[0m[0m tags_all    = (known after apply)
      [32m+[0m[0m unique_id   = (known after apply)
    }

[1m  # module.node_us[1].aws_iam_role.raft_ssm[0m will be created
[0m  [32m+[0m[0m resource "aws_iam_role" "raft_ssm" {
      [32m+[0m[0m arn                   = (known after apply)
      [32m+[0m[0m assume_role_policy    = jsonencode(
            {
              [32m+[0m[0m Statement = [
                  [32m+[0m[0m {
                      [32m+[0m[0m Action    = "sts:AssumeRole"
                      [32m+[0m[0m Effect    = "Allow"
                      [32m+[0m[0m Principal = {
                          [32m+[0m[0m Service = "ec2.amazonaws.com"
                        }
                    },
                ]
              [32m+[0m[0m Version   = "2012-10-17"
            }
        )
      [32m+[0m[0m create_date           = (known after apply)
      [32m+[0m[0m force_detach_policies = false
      [32m+[0m[0m id                    = (known after apply)
      [32m+[0m[0m managed_policy_arns   = (known after apply)
      [32m+[0m[0m max_session_duration  = 3600
      [32m+[0m[0m name                  = "crossregb447-raft-quic-cross-ssm-node5"
      [32m+[0m[0m name_prefix           = (known after apply)
      [32m+[0m[0m path                  = "/"
      [32m+[0m[0m tags                  = {
          [32m+[0m[0m "Node"    = "node5"
          [32m+[0m[0m "Project" = "raft-quic"
        }
      [32m+[0m[0m tags_all              = {
          [32m+[0m[0m "Node"    = "node5"
          [32m+[0m[0m "Project" = "raft-quic"
        }
      [32m+[0m[0m unique_id             = (known after apply)

      [32m+[0m[0m inline_policy (known after apply)
    }

[1m  # module.node_us[1].aws_iam_role_policy_attachment.ssm_core[0m will be created
[0m  [32m+[0m[0m resource "aws_iam_role_policy_attachment" "ssm_core" {
      [32m+[0m[0m id         = (known after apply)
      [32m+[0m[0m policy_arn = "arn:aws:iam::aws:policy/AmazonSSMManagedInstanceCore"
      [32m+[0m[0m role       = "crossregb447-raft-quic-cross-ssm-node5"
    }

[1m  # module.node_us[1].aws_instance.node[0m will be created
[0m  [32m+[0m[0m resource "aws_instance" "node" {
      [32m+[0m[0m ami                                  = "ami-0d67eaae9ae173448"
      [32m+[0m[0m arn                                  = (known after apply)
      [32m+[0m[0m associate_public_ip_address          = true
      [32m+[0m[0m availability_zone                    = (known after apply)
      [32m+[0m[0m cpu_core_count                       = (known after apply)
      [32m+[0m[0m cpu_threads_per_core                 = (known after apply)
      [32m+[0m[0m disable_api_stop                     = (known after apply)
      [32m+[0m[0m disable_api_termination              = (known after apply)
      [32m+[0m[0m ebs_optimized                        = (known after apply)
      [32m+[0m[0m enable_primary_ipv6                  = (known after apply)
      [32m+[0m[0m get_password_data                    = false
      [32m+[0m[0m host_id                              = (known after apply)
      [32m+[0m[0m host_resource_group_arn              = (known after apply)
      [32m+[0m[0m iam_instance_profile                 = "crossregb447-raft-quic-cross-ssm-node5"
      [32m+[0m[0m id                                   = (known after apply)
      [32m+[0m[0m instance_initiated_shutdown_behavior = (known after apply)
      [32m+[0m[0m instance_lifecycle                   = (known after apply)
      [32m+[0m[0m instance_state                       = (known after apply)
      [32m+[0m[0m instance_type                        = "t3.micro"
      [32m+[0m[0m ipv6_address_count                   = (known after apply)
      [32m+[0m[0m ipv6_addresses                       = (known after apply)
      [32m+[0m[0m key_name                             = "crossregb447-raft-quic-cross-node5"
      [32m+[0m[0m monitoring                           = (known after apply)
      [32m+[0m[0m outpost_arn                          = (known after apply)
      [32m+[0m[0m password_data                        = (known after apply)
      [32m+[0m[0m placement_group                      = (known after apply)
      [32m+[0m[0m placement_partition_number           = (known after apply)
      [32m+[0m[0m primary_network_interface_id         = (known after apply)
      [32m+[0m[0m private_dns                          = (known after apply)
      [32m+[0m[0m private_ip                           = (known after apply)
      [32m+[0m[0m public_dns                           = (known after apply)
      [32m+[0m[0m public_ip                            = (known after apply)
      [32m+[0m[0m secondary_private_ips                = (known after apply)
      [32m+[0m[0m security_groups                      = (known after apply)
      [32m+[0m[0m source_dest_check                    = true
      [32m+[0m[0m spot_instance_request_id             = (known after apply)
      [32m+[0m[0m subnet_id                            = (known after apply)
      [32m+[0m[0m tags                                 = {
          [32m+[0m[0m "Name"    = "crossregb447-raft-quic-node5"
          [32m+[0m[0m "Node"    = "node5"
          [32m+[0m[0m "Project" = "raft-quic"
        }
      [32m+[0m[0m tags_all                             = {
          [32m+[0m[0m "Name"    = "crossregb447-raft-quic-node5"
          [32m+[0m[0m "Node"    = "node5"
          [32m+[0m[0m "Project" = "raft-quic"
        }
      [32m+[0m[0m tenancy                              = (known after apply)
      [32m+[0m[0m user_data                            = (known after apply)
      [32m+[0m[0m user_data_base64                     = (known after apply)
      [32m+[0m[0m user_data_replace_on_change          = false
      [32m+[0m[0m vpc_security_group_ids               = (known after apply)

      [32m+[0m[0m capacity_reservation_specification (known after apply)

      [32m+[0m[0m cpu_options (known after apply)

      [32m+[0m[0m ebs_block_device (known after apply)

      [32m+[0m[0m enclave_options (known after apply)

      [32m+[0m[0m ephemeral_block_device (known after apply)

      [32m+[0m[0m instance_market_options (known after apply)

      [32m+[0m[0m maintenance_options (known after apply)

      [32m+[0m[0m metadata_options (known after apply)

      [32m+[0m[0m network_interface (known after apply)

      [32m+[0m[0m private_dns_name_options (known after apply)

      [32m+[0m[0m root_block_device (known after apply)
    }

[1m  # module.node_us[1].aws_key_pair.raft[0m will be created
[0m  [32m+[0m[0m resource "aws_key_pair" "raft" {
      [32m+[0m[0m arn             = (known after apply)
      [32m+[0m[0m fingerprint     = (known after apply)
      [32m+[0m[0m id              = (known after apply)
      [32m+[0m[0m key_name        = "crossregb447-raft-quic-cross-node5"
      [32m+[0m[0m key_name_prefix = (known after apply)
      [32m+[0m[0m key_pair_id     = (known after apply)
      [32m+[0m[0m key_type        = (known after apply)
      [32m+[0m[0m public_key      = (known after apply)
      [32m+[0m[0m tags            = {
          [32m+[0m[0m "Node"    = "node5"
          [32m+[0m[0m "Project" = "raft-quic"
        }
      [32m+[0m[0m tags_all        = {
          [32m+[0m[0m "Node"    = "node5"
          [32m+[0m[0m "Project" = "raft-quic"
        }
    }

[1m  # module.node_us[1].aws_security_group.raft[0m will be created
[0m  [32m+[0m[0m resource "aws_security_group" "raft" {
      [32m+[0m[0m arn                    = (known after apply)
      [32m+[0m[0m description            = "Raft-over-QUIC cluster node node5"
      [32m+[0m[0m egress                 = [
          [32m+[0m[0m {
              [32m+[0m[0m cidr_blocks      = [
                  [32m+[0m[0m "0.0.0.0/0",
                ]
              [32m+[0m[0m from_port        = 0
              [32m+[0m[0m ipv6_cidr_blocks = []
              [32m+[0m[0m prefix_list_ids  = []
              [32m+[0m[0m protocol         = "-1"
              [32m+[0m[0m security_groups  = []
              [32m+[0m[0m self             = false
              [32m+[0m[0m to_port          = 0
                [90m# (1 unchanged attribute hidden)[0m[0m
            },
        ]
      [32m+[0m[0m id                     = (known after apply)
      [32m+[0m[0m ingress                = [
          [32m+[0m[0m {
              [32m+[0m[0m cidr_blocks      = [
                  [32m+[0m[0m "0.0.0.0/0",
                ]
              [32m+[0m[0m from_port        = 22
              [32m+[0m[0m ipv6_cidr_blocks = []
              [32m+[0m[0m prefix_list_ids  = []
              [32m+[0m[0m protocol         = "tcp"
              [32m+[0m[0m security_groups  = []
              [32m+[0m[0m self             = false
              [32m+[0m[0m to_port          = 22
                [90m# (1 unchanged attribute hidden)[0m[0m
            },
          [32m+[0m[0m {
              [32m+[0m[0m cidr_blocks      = [
                  [32m+[0m[0m "0.0.0.0/0",
                ]
              [32m+[0m[0m from_port        = 7001
              [32m+[0m[0m ipv6_cidr_blocks = []
              [32m+[0m[0m prefix_list_ids  = []
              [32m+[0m[0m protocol         = "udp"
              [32m+[0m[0m security_groups  = []
              [32m+[0m[0m self             = false
              [32m+[0m[0m to_port          = 7001
                [90m# (1 unchanged attribute hidden)[0m[0m
            },
          [32m+[0m[0m {
              [32m+[0m[0m cidr_blocks      = [
                  [32m+[0m[0m "0.0.0.0/0",
                ]
              [32m+[0m[0m from_port        = 8001
              [32m+[0m[0m ipv6_cidr_blocks = []
              [32m+[0m[0m prefix_list_ids  = []
              [32m+[0m[0m protocol         = "tcp"
              [32m+[0m[0m security_groups  = []
              [32m+[0m[0m self             = false
              [32m+[0m[0m to_port          = 8001
                [90m# (1 unchanged attribute hidden)[0m[0m
            },
          [32m+[0m[0m {
              [32m+[0m[0m cidr_blocks      = [
                  [32m+[0m[0m "0.0.0.0/0",
                ]
              [32m+[0m[0m from_port        = 9001
              [32m+[0m[0m ipv6_cidr_blocks = []
              [32m+[0m[0m prefix_list_ids  = []
              [32m+[0m[0m protocol         = "tcp"
              [32m+[0m[0m security_groups  = []
              [32m+[0m[0m self             = false
              [32m+[0m[0m to_port          = 9001
                [90m# (1 unchanged attribute hidden)[0m[0m
            },
        ]
      [32m+[0m[0m name                   = "crossregb447-raft-quic-node5"
      [32m+[0m[0m name_prefix            = (known after apply)
      [32m+[0m[0m owner_id               = (known after apply)
      [32m+[0m[0m revoke_rules_on_delete = false
      [32m+[0m[0m tags                   = {
          [32m+[0m[0m "Node"    = "node5"
          [32m+[0m[0m "Project" = "raft-quic"
        }
      [32m+[0m[0m tags_all               = {
          [32m+[0m[0m "Node"    = "node5"
          [32m+[0m[0m "Project" = "raft-quic"
        }
      [32m+[0m[0m vpc_id                 = (known after apply)
    }

[1mPlan:[0m [0m44 to add, 0 to change, 0 to destroy.

Changes to Outputs:
  [32m+[0m[0m instance_ids  = [
      [32m+[0m[0m (known after apply),
      [32m+[0m[0m (known after apply),
      [32m+[0m[0m (known after apply),
      [32m+[0m[0m (known after apply),
      [32m+[0m[0m (known after apply),
      [32m+[0m[0m (known after apply),
      [32m+[0m[0m (known after apply),
    ]
  [32m+[0m[0m node_ids      = [
      [32m+[0m[0m "node1",
      [32m+[0m[0m "node2",
      [32m+[0m[0m "node3",
      [32m+[0m[0m "node4",
      [32m+[0m[0m "node5",
      [32m+[0m[0m "node6",
      [32m+[0m[0m "node7",
    ]
  [32m+[0m[0m node_ips      = [
      [32m+[0m[0m (known after apply),
      [32m+[0m[0m (known after apply),
      [32m+[0m[0m (known after apply),
      [32m+[0m[0m (known after apply),
      [32m+[0m[0m (known after apply),
      [32m+[0m[0m (known after apply),
      [32m+[0m[0m (known after apply),
    ]
  [32m+[0m[0m region_labels = [
      [32m+[0m[0m "us-east-1",
      [32m+[0m[0m "us-east-1",
      [32m+[0m[0m "us-east-1",
      [32m+[0m[0m "us-west-2",
      [32m+[0m[0m "us-west-2",
      [32m+[0m[0m "eu-west-1",
      [32m+[0m[0m "eu-west-1",
    ]
  [32m+[0m[0m scenario      = "cross-region"
  [32m+[0m[0m ssh_key_file  = "./raft-key.pem"
  [32m+[0m[0m ssh_user      = "ec2-user"
[0m[1mtls_private_key.ssh: Creating...[0m[0m
[0m[1mmodule.node_ap[0].aws_iam_role.raft_ssm: Creating...[0m[0m
[0m[1mmodule.node_ap[1].aws_iam_role.raft_ssm: Creating...[0m[0m
[0m[1mmodule.node_ap[0].aws_security_group.raft: Creating...[0m[0m
[0m[1mmodule.node_ap[2].aws_iam_role.raft_ssm: Creating...[0m[0m
[0m[1mmodule.node_ap[2].aws_security_group.raft: Creating...[0m[0m
[0m[1mmodule.node_ap[1].aws_security_group.raft: Creating...[0m[0m
[0m[1mmodule.node_eu[0].aws_iam_role.raft_ssm: Creating...[0m[0m
[0m[1mmodule.node_eu[1].aws_security_group.raft: Creating...[0m[0m
[0m[1mmodule.node_eu[1].aws_iam_role.raft_ssm: Creating...[0m[0m
[0m[1mtls_private_key.ssh: Creation complete after 1s [id=679493f19d3013d901d9b9559e03a78c22e5fb98][0m
[0m[1mmodule.node_eu[0].aws_security_group.raft: Creating...[0m[0m
[0m[1mmodule.node_ap[1].aws_iam_role.raft_ssm: Creation complete after 2s [id=crossregb447-raft-quic-cross-ssm-node2][0m
[0m[1mmodule.node_ap[2].aws_iam_role.raft_ssm: Creation complete after 2s [id=crossregb447-raft-quic-cross-ssm-node3][0m
[0m[1mmodule.node_us[1].aws_security_group.raft: Creating...[0m[0m
[0m[1mmodule.node_us[0].aws_security_group.raft: Creating...[0m[0m
[0m[1mmodule.node_ap[0].aws_iam_role.raft_ssm: Creation complete after 2s [id=crossregb447-raft-quic-cross-ssm-node1][0m
[0m[1mmodule.node_us[1].aws_iam_role.raft_ssm: Creating...[0m[0m
[0m[1mmodule.node_eu[1].aws_iam_role.raft_ssm: Creation complete after 2s [id=crossregb447-raft-quic-cross-ssm-node7][0m
[0m[1mmodule.node_us[0].aws_iam_role.raft_ssm: Creating...[0m[0m
[0m[1mmodule.node_eu[0].aws_iam_role.raft_ssm: Creation complete after 2s [id=crossregb447-raft-quic-cross-ssm-node6][0m
[0m[1mlocal_sensitive_file.ssh_key: Creating...[0m[0m
[0m[1mlocal_sensitive_file.ssh_key: Creation complete after 0s [id=83f0099cb8aa62f76d63f38f69a7a97b9763ce49][0m
[0m[1mmodule.node_ap[2].aws_iam_instance_profile.raft_ssm: Creating...[0m[0m
[0m[1mmodule.node_us[1].aws_iam_role.raft_ssm: Creation complete after 2s [id=crossregb447-raft-quic-cross-ssm-node5][0m
[0m[1mmodule.node_ap[0].aws_iam_instance_profile.raft_ssm: Creating...[0m[0m
[0m[1mmodule.node_us[0].aws_iam_role.raft_ssm: Creation complete after 2s [id=crossregb447-raft-quic-cross-ssm-node4][0m
[0m[1mmodule.node_ap[1].aws_iam_instance_profile.raft_ssm: Creating...[0m[0m
[0m[1mmodule.node_ap[2].aws_security_group.raft: Creation complete after 6s [id=sg-0802160293e7deddb][0m
[0m[1mmodule.node_ap[1].aws_iam_role_policy_attachment.ssm_core: Creating...[0m[0m
[0m[1mmodule.node_ap[0].aws_security_group.raft: Creation complete after 6s [id=sg-0f661baf15b6a0a8c][0m
[0m[1mmodule.node_ap[1].aws_security_group.raft: Creation complete after 6s [id=sg-010169b2213d12c31][0m
[0m[1mmodule.node_ap[0].aws_iam_role_policy_attachment.ssm_core: Creating...[0m[0m
[0m[1mmodule.node_ap[2].aws_iam_role_policy_attachment.ssm_core: Creating...[0m[0m
[0m[1mmodule.node_ap[1].aws_iam_role_policy_attachment.ssm_core: Creation complete after 1s [id=crossregb447-raft-quic-cross-ssm-node2-20260420175806453500000001][0m
[0m[1mmodule.node_eu[0].aws_iam_instance_profile.raft_ssm: Creating...[0m[0m
[0m[1mmodule.node_ap[2].aws_iam_role_policy_attachment.ssm_core: Creation complete after 1s [id=crossregb447-raft-quic-cross-ssm-node3-20260420175806489500000002][0m
[0m[1mmodule.node_eu[1].aws_iam_instance_profile.raft_ssm: Creating...[0m[0m
[0m[1mmodule.node_ap[0].aws_iam_role_policy_attachment.ssm_core: Creation complete after 1s [id=crossregb447-raft-quic-cross-ssm-node1-20260420175806508000000003][0m
[0m[1mmodule.node_eu[0].aws_iam_role_policy_attachment.ssm_core: Creating...[0m[0m
[0m[1mmodule.node_us[1].aws_security_group.raft: Creation complete after 5s [id=sg-044bf827b89794f91][0m
[0m[1mmodule.node_us[0].aws_security_group.raft: Creation complete after 5s [id=sg-0bc979c880e472ecd][0m
[0m[1mmodule.node_eu[1].aws_iam_role_policy_attachment.ssm_core: Creating...[0m[0m
[0m[1mmodule.node_us[1].aws_key_pair.raft: Creating...[0m[0m
[0m[1mmodule.node_eu[1].aws_security_group.raft: Creation complete after 7s [id=sg-06f3374a427f9e245][0m
[0m[1mmodule.node_us[0].aws_key_pair.raft: Creating...[0m[0m
[0m[1mmodule.node_eu[0].aws_security_group.raft: Creation complete after 7s [id=sg-0a64aaa1e434cec4f][0m
[0m[1mmodule.node_eu[0].aws_key_pair.raft: Creating...[0m[0m
[0m[1mmodule.node_us[1].aws_key_pair.raft: Creation complete after 0s [id=crossregb447-raft-quic-cross-node5][0m
[0m[1mmodule.node_eu[1].aws_key_pair.raft: Creating...[0m[0m
[0m[1mmodule.node_us[0].aws_key_pair.raft: Creation complete after 1s [id=crossregb447-raft-quic-cross-node4][0m
[0m[1mmodule.node_ap[2].aws_key_pair.raft: Creating...[0m[0m
[0m[1mmodule.node_eu[0].aws_key_pair.raft: Creation complete after 1s [id=crossregb447-raft-quic-cross-node6][0m
[0m[1mmodule.node_ap[1].aws_key_pair.raft: Creating...[0m[0m
[0m[1mmodule.node_eu[0].aws_iam_role_policy_attachment.ssm_core: Creation complete after 1s [id=crossregb447-raft-quic-cross-ssm-node6-20260420175807404100000001][0m
[0m[1mmodule.node_ap[0].aws_key_pair.raft: Creating...[0m[0m
[0m[1mmodule.node_eu[1].aws_iam_role_policy_attachment.ssm_core: Creation complete after 1s [id=crossregb447-raft-quic-cross-ssm-node7-20260420175807435100000002][0m
[0m[1mmodule.node_us[0].aws_iam_role_policy_attachment.ssm_core: Creating...[0m[0m
[0m[1mmodule.node_ap[2].aws_key_pair.raft: Creation complete after 0s [id=crossregb447-raft-quic-cross-node3][0m
[0m[1mmodule.node_us[1].aws_iam_role_policy_attachment.ssm_core: Creating...[0m[0m
[0m[1mmodule.node_eu[1].aws_key_pair.raft: Creation complete after 1s [id=crossregb447-raft-quic-cross-node7][0m
[0m[1mmodule.node_us[1].aws_iam_instance_profile.raft_ssm: Creating...[0m[0m
[0m[1mmodule.node_ap[1].aws_key_pair.raft: Creation complete after 1s [id=crossregb447-raft-quic-cross-node2][0m
[0m[1mmodule.node_us[0].aws_iam_instance_profile.raft_ssm: Creating...[0m[0m
[0m[1mmodule.node_us[0].aws_iam_role_policy_attachment.ssm_core: Creation complete after 1s [id=crossregb447-raft-quic-cross-ssm-node4-20260420175808313000000001][0m
[0m[1mmodule.node_ap[0].aws_key_pair.raft: Creation complete after 1s [id=crossregb447-raft-quic-cross-node1][0m
[0m[1mmodule.node_us[1].aws_iam_role_policy_attachment.ssm_core: Creation complete after 1s [id=crossregb447-raft-quic-cross-ssm-node5-20260420175808628800000002][0m
[0m[1mmodule.node_ap[2].aws_iam_instance_profile.raft_ssm: Creation complete after 8s [id=crossregb447-raft-quic-cross-ssm-node3][0m
[0m[1mmodule.node_ap[0].aws_iam_instance_profile.raft_ssm: Creation complete after 8s [id=crossregb447-raft-quic-cross-ssm-node1][0m
[0m[1mmodule.node_ap[1].aws_iam_instance_profile.raft_ssm: Creation complete after 8s [id=crossregb447-raft-quic-cross-ssm-node2][0m
[0m[1mmodule.node_ap[2].aws_instance.node: Creating...[0m[0m
[0m[1mmodule.node_ap[0].aws_instance.node: Creating...[0m[0m
[0m[1mmodule.node_ap[1].aws_instance.node: Creating...[0m[0m
[0m[1mmodule.node_eu[0].aws_iam_instance_profile.raft_ssm: Creation complete after 8s [id=crossregb447-raft-quic-cross-ssm-node6][0m
[0m[1mmodule.node_eu[1].aws_iam_instance_profile.raft_ssm: Creation complete after 8s [id=crossregb447-raft-quic-cross-ssm-node7][0m
[0m[1mmodule.node_eu[0].aws_instance.node: Creating...[0m[0m
[0m[1mmodule.node_eu[1].aws_instance.node: Creating...[0m[0m
[0m[1mmodule.node_us[1].aws_iam_instance_profile.raft_ssm: Creation complete after 8s [id=crossregb447-raft-quic-cross-ssm-node5][0m
[0m[1mmodule.node_us[0].aws_iam_instance_profile.raft_ssm: Creation complete after 7s [id=crossregb447-raft-quic-cross-ssm-node4][0m
[0m[1mmodule.node_us[0].aws_instance.node: Creating...[0m[0m
[0m[1mmodule.node_us[1].aws_instance.node: Creating...[0m[0m
[0m[1mmodule.node_ap[0].aws_instance.node: Still creating... [00m10s elapsed][0m[0m
[0m[1mmodule.node_ap[2].aws_instance.node: Still creating... [00m10s elapsed][0m[0m
[0m[1mmodule.node_ap[1].aws_instance.node: Still creating... [00m10s elapsed][0m[0m
[0m[1mmodule.node_eu[0].aws_instance.node: Still creating... [00m10s elapsed][0m[0m
[0m[1mmodule.node_eu[1].aws_instance.node: Still creating... [00m10s elapsed][0m[0m
[0m[1mmodule.node_us[1].aws_instance.node: Still creating... [00m10s elapsed][0m[0m
[0m[1mmodule.node_us[0].aws_instance.node: Still creating... [00m10s elapsed][0m[0m
[0m[1mmodule.node_ap[2].aws_instance.node: Creation complete after 16s [id=i-0f25488c36e34e7db][0m
[0m[1mmodule.node_ap[1].aws_instance.node: Creation complete after 17s [id=i-0b83a797d262a7062][0m
[0m[1mmodule.node_ap[0].aws_instance.node: Creation complete after 17s [id=i-02f9d5ba14b331c0e][0m
[0m[1mmodule.node_us[1].aws_instance.node: Creation complete after 15s [id=i-09036761b7d011f70][0m
[0m[1mmodule.node_eu[0].aws_instance.node: Creation complete after 16s [id=i-07b52a7df97079481][0m
[0m[1mmodule.node_us[0].aws_instance.node: Creation complete after 15s [id=i-016fa60d16a58c9df][0m
[0m[1mmodule.node_eu[1].aws_instance.node: Creation complete after 17s [id=i-0b574d65e403fe5e8][0m
[0m[1m[32m
Apply complete! Resources: 44 added, 0 changed, 0 destroyed.[0m
[0m[1m[32m
Outputs:

[0minstance_ids = [
  "i-02f9d5ba14b331c0e",
  "i-0b83a797d262a7062",
  "i-0f25488c36e34e7db",
  "i-016fa60d16a58c9df",
  "i-09036761b7d011f70",
  "i-07b52a7df97079481",
  "i-0b574d65e403fe5e8",
]
node_ids = [
  "node1",
  "node2",
  "node3",
  "node4",
  "node5",
  "node6",
  "node7",
]
node_ips = [
  "3.86.67.131",
  "34.207.55.180",
  "54.81.134.171",
  "34.221.252.68",
  "44.247.37.235",
  "18.203.251.141",
  "108.129.178.151",
]
region_labels = [
  "us-east-1",
  "us-east-1",
  "us-east-1",
  "us-west-2",
  "us-west-2",
  "eu-west-1",
  "eu-west-1",
]
scenario = "cross-region"
ssh_key_file = "./raft-key.pem"
ssh_user = "ec2-user"
[+] 集群配置已保存: /Users/richard/code/raft-quic/deploy/cluster-cross-region-7.env
[*] 上传二进制到 S3（供 SSM 拉取）...
/Users/richard/code/raft-quic/scripts/distributed_benchmark.py:243: DeprecationWarning: datetime.datetime.utcnow() is deprecated and scheduled for removal in a future version. Use timezone-aware objects to represent datetimes in UTC: datetime.datetime.now(datetime.UTC).
  suffix = f"{datetime.utcnow().strftime('%Y%m%d%H%M%S')}-{os.getpid()}-{self.scenario}-{self.cluster_size}"
Completed 1.0 MiB/13.2 MiB (832.6 KiB/s) with 1 file(s) remainingCompleted 2.0 MiB/13.2 MiB (1.3 MiB/s) with 1 file(s) remaining  Completed 3.0 MiB/13.2 MiB (1.8 MiB/s) with 1 file(s) remaining  Completed 4.0 MiB/13.2 MiB (2.3 MiB/s) with 1 file(s) remaining  Completed 5.0 MiB/13.2 MiB (2.8 MiB/s) with 1 file(s) remaining  Completed 6.0 MiB/13.2 MiB (3.2 MiB/s) with 1 file(s) remaining  Completed 7.0 MiB/13.2 MiB (3.7 MiB/s) with 1 file(s) remaining  Completed 8.0 MiB/13.2 MiB (4.2 MiB/s) with 1 file(s) remaining  Completed 9.0 MiB/13.2 MiB (4.7 MiB/s) with 1 file(s) remaining  Completed 10.0 MiB/13.2 MiB (4.8 MiB/s) with 1 file(s) remaining Completed 11.0 MiB/13.2 MiB (5.1 MiB/s) with 1 file(s) remaining Completed 12.0 MiB/13.2 MiB (5.5 MiB/s) with 1 file(s) remaining Completed 13.0 MiB/13.2 MiB (5.8 MiB/s) with 1 file(s) remaining Completed 13.2 MiB/13.2 MiB (4.3 MiB/s) with 1 file(s) remaining upload: ./raftd-linux-amd64 to s3://raft-quic-artifacts-560449670342-us-east-1/distributed-benchmark/20260420175835-77204-cross-region-7/raftd-linux-amd64
Completed 1.0 MiB/7.8 MiB (1.2 MiB/s) with 1 file(s) remainingCompleted 2.0 MiB/7.8 MiB (1.8 MiB/s) with 1 file(s) remainingCompleted 3.0 MiB/7.8 MiB (2.6 MiB/s) with 1 file(s) remainingCompleted 4.0 MiB/7.8 MiB (3.3 MiB/s) with 1 file(s) remainingCompleted 5.0 MiB/7.8 MiB (4.1 MiB/s) with 1 file(s) remainingCompleted 6.0 MiB/7.8 MiB (4.8 MiB/s) with 1 file(s) remainingCompleted 7.0 MiB/7.8 MiB (5.5 MiB/s) with 1 file(s) remainingCompleted 7.8 MiB/7.8 MiB (4.7 MiB/s) with 1 file(s) remainingupload: cmd/tcp-server/tcp-server-linux-amd64 to s3://raft-quic-artifacts-560449670342-us-east-1/distributed-benchmark/20260420175835-77204-cross-region-7/tcp-server-linux-amd64
[+] 二进制已上传并生成预签名下载链接
[*] 等待 SSM 就绪: node1 (i-02f9d5ba14b331c0e, us-east-1)
[+] SSM 就绪: node1
[*] 等待 SSM 就绪: node2 (i-0b83a797d262a7062, us-east-1)
[+] SSM 就绪: node2
[*] 等待 SSM 就绪: node3 (i-0f25488c36e34e7db, us-east-1)
[+] SSM 就绪: node3
[*] 等待 SSM 就绪: node4 (i-016fa60d16a58c9df, us-west-2)
[+] SSM 就绪: node4
[*] 等待 SSM 就绪: node5 (i-09036761b7d011f70, us-west-2)
[+] SSM 就绪: node5
[*] 等待 SSM 就绪: node6 (i-07b52a7df97079481, eu-west-1)
[+] SSM 就绪: node6
[*] 等待 SSM 就绪: node7 (i-0b574d65e403fe5e8, eu-west-1)
[+] SSM 就绪: node7
[*] 通过 SSM 启动 bootstrap 节点: node1
[*] 通过 SSM 启动 follower 节点: node2
[*] 通过 SSM 启动 follower 节点: node3
[*] 通过 SSM 启动 follower 节点: node4
[*] 通过 SSM 启动 follower 节点: node5
[*] 通过 SSM 启动 follower 节点: node6
[*] 通过 SSM 启动 follower 节点: node7
[*] 等待 QUIC/TCP 集群状态稳定...
delete: s3://raft-quic-artifacts-560449670342-us-east-1/distributed-benchmark/20260420175835-77204-cross-region-7/raftd-linux-amd64
delete: s3://raft-quic-artifacts-560449670342-us-east-1/distributed-benchmark/20260420175835-77204-cross-region-7/tcp-server-linux-amd64
[!] 测试失败: 集群未在超时内就绪
[*] 销毁 7 节点 cross-region 集群...
[0m[1mtls_private_key.ssh: Refreshing state... [id=679493f19d3013d901d9b9559e03a78c22e5fb98][0m
[0m[1mlocal_sensitive_file.ssh_key: Refreshing state... [id=83f0099cb8aa62f76d63f38f69a7a97b9763ce49][0m
[0m[1mmodule.node_ap[1].data.aws_iam_policy_document.ec2_assume_role: Reading...[0m[0m
[0m[1mmodule.node_ap[0].aws_key_pair.raft: Refreshing state... [id=crossregb447-raft-quic-cross-node1][0m
[0m[1mmodule.node_eu[1].data.aws_ami.al2023: Reading...[0m[0m
[0m[1mmodule.node_ap[1].aws_key_pair.raft: Refreshing state... [id=crossregb447-raft-quic-cross-node2][0m
[0m[1mmodule.node_eu[1].data.aws_iam_policy_document.ec2_assume_role: Reading...[0m[0m
[0m[1mmodule.node_eu[0].data.aws_ami.al2023: Reading...[0m[0m
[0m[1mmodule.node_ap[0].data.aws_iam_policy_document.ec2_assume_role: Reading...[0m[0m
[0m[1mmodule.node_ap[2].data.aws_iam_policy_document.ec2_assume_role: Reading...[0m[0m
[0m[1mmodule.node_ap[2].aws_key_pair.raft: Refreshing state... [id=crossregb447-raft-quic-cross-node3][0m
[0m[1mmodule.node_ap[1].data.aws_iam_policy_document.ec2_assume_role: Read complete after 0s [id=2851119427][0m
[0m[1mmodule.node_eu[1].data.aws_iam_policy_document.ec2_assume_role: Read complete after 0s [id=2851119427][0m
[0m[1mmodule.node_ap[0].data.aws_iam_policy_document.ec2_assume_role: Read complete after 0s [id=2851119427][0m
[0m[1mmodule.node_ap[1].data.aws_ami.al2023: Reading...[0m[0m
[0m[1mmodule.node_ap[2].data.aws_iam_policy_document.ec2_assume_role: Read complete after 0s [id=2851119427][0m
[0m[1mmodule.node_ap[0].data.aws_ami.al2023: Reading...[0m[0m
[0m[1mmodule.node_eu[0].data.aws_iam_policy_document.ec2_assume_role: Reading...[0m[0m
[0m[1mmodule.node_eu[0].aws_key_pair.raft: Refreshing state... [id=crossregb447-raft-quic-cross-node6][0m
[0m[1mmodule.node_eu[0].data.aws_iam_policy_document.ec2_assume_role: Read complete after 0s [id=2851119427][0m
[0m[1mmodule.node_ap[2].data.aws_ami.al2023: Reading...[0m[0m
[0m[1mmodule.node_eu[1].aws_key_pair.raft: Refreshing state... [id=crossregb447-raft-quic-cross-node7][0m
[0m[1mmodule.node_ap[2].aws_security_group.raft: Refreshing state... [id=sg-0802160293e7deddb][0m
[0m[1mmodule.node_ap[0].aws_security_group.raft: Refreshing state... [id=sg-0f661baf15b6a0a8c][0m
[0m[1mmodule.node_ap[1].aws_security_group.raft: Refreshing state... [id=sg-010169b2213d12c31][0m
[0m[1mmodule.node_eu[1].aws_security_group.raft: Refreshing state... [id=sg-06f3374a427f9e245][0m
[0m[1mmodule.node_eu[0].aws_security_group.raft: Refreshing state... [id=sg-0a64aaa1e434cec4f][0m
[0m[1mmodule.node_ap[2].aws_iam_role.raft_ssm: Refreshing state... [id=crossregb447-raft-quic-cross-ssm-node3][0m
[0m[1mmodule.node_ap[0].aws_iam_role.raft_ssm: Refreshing state... [id=crossregb447-raft-quic-cross-ssm-node1][0m
[0m[1mmodule.node_ap[1].aws_iam_role.raft_ssm: Refreshing state... [id=crossregb447-raft-quic-cross-ssm-node2][0m
[0m[1mmodule.node_ap[1].data.aws_ami.al2023: Read complete after 2s [id=ami-0102a36b3e9d5e4df][0m
[0m[1mmodule.node_eu[1].aws_iam_role.raft_ssm: Refreshing state... [id=crossregb447-raft-quic-cross-ssm-node7][0m
[0m[1mmodule.node_eu[0].aws_iam_role.raft_ssm: Refreshing state... [id=crossregb447-raft-quic-cross-ssm-node6][0m
[0m[1mmodule.node_ap[2].data.aws_ami.al2023: Read complete after 2s [id=ami-0102a36b3e9d5e4df][0m
[0m[1mmodule.node_us[1].data.aws_ami.al2023: Reading...[0m[0m
[0m[1mmodule.node_ap[0].data.aws_ami.al2023: Read complete after 2s [id=ami-0102a36b3e9d5e4df][0m
[0m[1mmodule.node_us[0].data.aws_ami.al2023: Reading...[0m[0m
[0m[1mmodule.node_us[1].aws_key_pair.raft: Refreshing state... [id=crossregb447-raft-quic-cross-node5][0m
[0m[1mmodule.node_eu[0].data.aws_ami.al2023: Read complete after 2s [id=ami-07f4d6f1cf436d5e9][0m
[0m[1mmodule.node_eu[1].data.aws_ami.al2023: Read complete after 2s [id=ami-07f4d6f1cf436d5e9][0m
[0m[1mmodule.node_us[0].aws_key_pair.raft: Refreshing state... [id=crossregb447-raft-quic-cross-node4][0m
[0m[1mmodule.node_us[1].aws_security_group.raft: Refreshing state... [id=sg-044bf827b89794f91][0m
[0m[1mmodule.node_us[0].aws_security_group.raft: Refreshing state... [id=sg-0bc979c880e472ecd][0m
[0m[1mmodule.node_us[1].data.aws_iam_policy_document.ec2_assume_role: Reading...[0m[0m
[0m[1mmodule.node_us[1].data.aws_iam_policy_document.ec2_assume_role: Read complete after 0s [id=2851119427][0m
[0m[1mmodule.node_us[0].data.aws_iam_policy_document.ec2_assume_role: Reading...[0m[0m
[0m[1mmodule.node_us[0].data.aws_iam_policy_document.ec2_assume_role: Read complete after 0s [id=2851119427][0m
[0m[1mmodule.node_us[1].aws_iam_role.raft_ssm: Refreshing state... [id=crossregb447-raft-quic-cross-ssm-node5][0m
[0m[1mmodule.node_us[0].aws_iam_role.raft_ssm: Refreshing state... [id=crossregb447-raft-quic-cross-ssm-node4][0m
[0m[1mmodule.node_ap[2].aws_iam_role_policy_attachment.ssm_core: Refreshing state... [id=crossregb447-raft-quic-cross-ssm-node3-20260420175806489500000002][0m
[0m[1mmodule.node_ap[1].aws_iam_role_policy_attachment.ssm_core: Refreshing state... [id=crossregb447-raft-quic-cross-ssm-node2-20260420175806453500000001][0m
[0m[1mmodule.node_ap[2].aws_iam_instance_profile.raft_ssm: Refreshing state... [id=crossregb447-raft-quic-cross-ssm-node3][0m
[0m[1mmodule.node_ap[0].aws_iam_role_policy_attachment.ssm_core: Refreshing state... [id=crossregb447-raft-quic-cross-ssm-node1-20260420175806508000000003][0m
[0m[1mmodule.node_us[1].data.aws_ami.al2023: Read complete after 1s [id=ami-0d67eaae9ae173448][0m
[0m[1mmodule.node_ap[0].aws_iam_instance_profile.raft_ssm: Refreshing state... [id=crossregb447-raft-quic-cross-ssm-node1][0m
[0m[1mmodule.node_ap[1].aws_iam_instance_profile.raft_ssm: Refreshing state... [id=crossregb447-raft-quic-cross-ssm-node2][0m
[0m[1mmodule.node_eu[1].aws_iam_instance_profile.raft_ssm: Refreshing state... [id=crossregb447-raft-quic-cross-ssm-node7][0m
[0m[1mmodule.node_us[0].data.aws_ami.al2023: Read complete after 1s [id=ami-0d67eaae9ae173448][0m
[0m[1mmodule.node_eu[0].aws_iam_instance_profile.raft_ssm: Refreshing state... [id=crossregb447-raft-quic-cross-ssm-node6][0m
[0m[1mmodule.node_eu[1].aws_iam_role_policy_attachment.ssm_core: Refreshing state... [id=crossregb447-raft-quic-cross-ssm-node7-20260420175807435100000002][0m
[0m[1mmodule.node_eu[0].aws_iam_role_policy_attachment.ssm_core: Refreshing state... [id=crossregb447-raft-quic-cross-ssm-node6-20260420175807404100000001][0m
[0m[1mmodule.node_ap[2].aws_instance.node: Refreshing state... [id=i-0f25488c36e34e7db][0m
[0m[1mmodule.node_ap[1].aws_instance.node: Refreshing state... [id=i-0b83a797d262a7062][0m
[0m[1mmodule.node_ap[0].aws_instance.node: Refreshing state... [id=i-02f9d5ba14b331c0e][0m
[0m[1mmodule.node_eu[0].aws_instance.node: Refreshing state... [id=i-07b52a7df97079481][0m
[0m[1mmodule.node_eu[1].aws_instance.node: Refreshing state... [id=i-0b574d65e403fe5e8][0m
[0m[1mmodule.node_us[0].aws_iam_role_policy_attachment.ssm_core: Refreshing state... [id=crossregb447-raft-quic-cross-ssm-node4-20260420175808313000000001][0m
[0m[1mmodule.node_us[0].aws_iam_instance_profile.raft_ssm: Refreshing state... [id=crossregb447-raft-quic-cross-ssm-node4][0m
[0m[1mmodule.node_us[1].aws_iam_role_policy_attachment.ssm_core: Refreshing state... [id=crossregb447-raft-quic-cross-ssm-node5-20260420175808628800000002][0m
[0m[1mmodule.node_us[1].aws_iam_instance_profile.raft_ssm: Refreshing state... [id=crossregb447-raft-quic-cross-ssm-node5][0m
[0m[1mmodule.node_us[1].aws_instance.node: Refreshing state... [id=i-09036761b7d011f70][0m
[0m[1mmodule.node_us[0].aws_instance.node: Refreshing state... [id=i-016fa60d16a58c9df][0m

Terraform used the selected providers to generate the following execution
plan. Resource actions are indicated with the following symbols:
  [31m-[0m destroy[0m

Terraform will perform the following actions:

[1m  # local_sensitive_file.ssh_key[0m will be [1m[31mdestroyed[0m
[0m  [31m-[0m[0m resource "local_sensitive_file" "ssh_key" {
      [31m-[0m[0m content              = (sensitive value) [90m-> null[0m[0m
      [31m-[0m[0m content_base64sha256 = "IWjhYJbmG7kaYg1DW0G14h1uphQp3tkREqoUc0NawS8=" [90m-> null[0m[0m
      [31m-[0m[0m content_base64sha512 = "heycyzHqFl19x9gPJIdpARazgFm8SW9Zqfw9s87ZPRpbRTRGTjrLFxw0/rIH2VKDSULy08ibSztSCMCPifDdyQ==" [90m-> null[0m[0m
      [31m-[0m[0m content_md5          = "c7750c4f58deed028fae53191e2319ca" [90m-> null[0m[0m
      [31m-[0m[0m content_sha1         = "83f0099cb8aa62f76d63f38f69a7a97b9763ce49" [90m-> null[0m[0m
      [31m-[0m[0m content_sha256       = "2168e16096e61bb91a620d435b41b5e21d6ea61429ded91112aa1473435ac12f" [90m-> null[0m[0m
      [31m-[0m[0m content_sha512       = "85ec9ccb31ea165d7dc7d80f2487690116b38059bc496f59a9fc3db3ced93d1a5b4534464e3acb171c34feb207d952834942f2d3c89b4b3b5208c08f89f0ddc9" [90m-> null[0m[0m
      [31m-[0m[0m directory_permission = "0700" [90m-> null[0m[0m
      [31m-[0m[0m file_permission      = "0600" [90m-> null[0m[0m
      [31m-[0m[0m filename             = "./raft-key.pem" [90m-> null[0m[0m
      [31m-[0m[0m id                   = "83f0099cb8aa62f76d63f38f69a7a97b9763ce49" [90m-> null[0m[0m
    }

[1m  # tls_private_key.ssh[0m will be [1m[31mdestroyed[0m
[0m  [31m-[0m[0m resource "tls_private_key" "ssh" {
      [31m-[0m[0m algorithm                     = "RSA" [90m-> null[0m[0m
      [31m-[0m[0m ecdsa_curve                   = "P224" [90m-> null[0m[0m
      [31m-[0m[0m id                            = "679493f19d3013d901d9b9559e03a78c22e5fb98" [90m-> null[0m[0m
      [31m-[0m[0m private_key_openssh           = (sensitive value) [90m-> null[0m[0m
      [31m-[0m[0m private_key_pem               = (sensitive value) [90m-> null[0m[0m
      [31m-[0m[0m private_key_pem_pkcs8         = (sensitive value) [90m-> null[0m[0m
      [31m-[0m[0m public_key_fingerprint_md5    = "c4:7e:d8:d3:79:c6:f7:79:98:d8:2f:29:11:c6:60:19" [90m-> null[0m[0m
      [31m-[0m[0m public_key_fingerprint_sha256 = "SHA256:GLm752BXc6mrD0OUsTRlcMfwrXesUs5Zsv/3mzwijqM" [90m-> null[0m[0m
      [31m-[0m[0m public_key_openssh            = <<-EOT
            ssh-rsa AAAAB3NzaC1yc2EAAAADAQABAAACAQDXsvAZRTxd0B6vC+qhVs5IuWIZlD3yVcoUkV1jAjzQG6L5Oq+WFtPLTnbNUXg0Kw6rKi891k5DKYwn1sxIUREgSetdElajLoUJirSeC51DI7leHOtkWMo4wmCLo75uN++KvMaOS4VvZUIIghJU4qz0pDdtDzgfXH7sVq4oone9ycNHCo4dDqRKwkGahuZOS9X7Ysyp3zwqCo6gHCGLGKM4yWvmGj3EyDk4Y3xdJs15m1B48rJJhs2j1+7X9PXGxCqLBGD/2dXdekxjoo9Ubc8keNR84qQLhZPl+XnFDYvhGefdcT2y23P4MWtj3hXoLiWaPE71V+kFP1UyYL7e1FulNaIgF9fb3MEJqZ7XamZpi+6Kewbt0BBi15xapVQXlWrN8A2FDQA1w0S2tq3MgqzTJ/tKO7yKvrRml72J1GuEG2PWP8LtLrT1kw/S4wYr+hyruUtmG8R3xDb4WMoI5S5rIGTMrJ8lJRs000x1kqxi7fKeccPBec71vpQ5oqZhxFFcfhJf981kFOsWavEXXCymXksiRqJoXmETR1mZjhQTjGG9sXXMHJSzghkcTMV5M67xiDL9a2RIpQkCs59Hgb6VESsN8pNn44h6Jvlw60cf89FJNHBYYB9SHMhGjOWPt/U/ad5Po6eKAGgGe6+ncsRpZrWEK5YG5j3fvSqsYe/CJw==
        EOT [90m-> null[0m[0m
      [31m-[0m[0m public_key_pem                = <<-EOT
            -----BEGIN PUBLIC KEY-----
            MIICIjANBgkqhkiG9w0BAQEFAAOCAg8AMIICCgKCAgEA17LwGUU8XdAerwvqoVbO
            SLliGZQ98lXKFJFdYwI80Bui+TqvlhbTy052zVF4NCsOqyovPdZOQymMJ9bMSFER
            IEnrXRJWoy6FCYq0ngudQyO5XhzrZFjKOMJgi6O+bjfvirzGjkuFb2VCCIISVOKs
            9KQ3bQ84H1x+7FauKKJ3vcnDRwqOHQ6kSsJBmobmTkvV+2LMqd88KgqOoBwhixij
            OMlr5ho9xMg5OGN8XSbNeZtQePKySYbNo9fu1/T1xsQqiwRg/9nV3XpMY6KPVG3P
            JHjUfOKkC4WT5fl5xQ2L4Rnn3XE9sttz+DFrY94V6C4lmjxO9VfpBT9VMmC+3tRb
            pTWiIBfX29zBCame12pmaYvuinsG7dAQYtecWqVUF5VqzfANhQ0ANcNEtratzIKs
            0yf7Sju8ir60Zpe9idRrhBtj1j/C7S609ZMP0uMGK/ocq7lLZhvEd8Q2+FjKCOUu
            ayBkzKyfJSUbNNNMdZKsYu3ynnHDwXnO9b6UOaKmYcRRXH4SX/fNZBTrFmrxF1ws
            pl5LIkaiaF5hE0dZmY4UE4xhvbF1zByUs4IZHEzFeTOu8Ygy/WtkSKUJArOfR4G+
            lRErDfKTZ+OIeib5cOtHH/PRSTRwWGAfUhzIRozlj7f1P2neT6OnigBoBnuvp3LE
            aWa1hCuWBuY9370qrGHvwicCAwEAAQ==
            -----END PUBLIC KEY-----
        EOT [90m-> null[0m[0m
      [31m-[0m[0m rsa_bits                      = 4096 [90m-> null[0m[0m
    }

[1m  # module.node_ap[0].aws_iam_instance_profile.raft_ssm[0m will be [1m[31mdestroyed[0m
[0m  [31m-[0m[0m resource "aws_iam_instance_profile" "raft_ssm" {
      [31m-[0m[0m arn         = "arn:aws:iam::560449670342:instance-profile/crossregb447-raft-quic-cross-ssm-node1" [90m-> null[0m[0m
      [31m-[0m[0m create_date = "2026-04-20T17:58:04Z" [90m-> null[0m[0m
      [31m-[0m[0m id          = "crossregb447-raft-quic-cross-ssm-node1" [90m-> null[0m[0m
      [31m-[0m[0m name        = "crossregb447-raft-quic-cross-ssm-node1" [90m-> null[0m[0m
      [31m-[0m[0m path        = "/" [90m-> null[0m[0m
      [31m-[0m[0m role        = "crossregb447-raft-quic-cross-ssm-node1" [90m-> null[0m[0m
      [31m-[0m[0m tags        = {} [90m-> null[0m[0m
      [31m-[0m[0m tags_all    = {} [90m-> null[0m[0m
      [31m-[0m[0m unique_id   = "AIPAYE7LHJTDAP2DFN6SM" [90m-> null[0m[0m
        [90m# (1 unchanged attribute hidden)[0m[0m
    }

[1m  # module.node_ap[0].aws_iam_role.raft_ssm[0m will be [1m[31mdestroyed[0m
[0m  [31m-[0m[0m resource "aws_iam_role" "raft_ssm" {
      [31m-[0m[0m arn                   = "arn:aws:iam::560449670342:role/crossregb447-raft-quic-cross-ssm-node1" [90m-> null[0m[0m
      [31m-[0m[0m assume_role_policy    = jsonencode(
            {
              [31m-[0m[0m Statement = [
                  [31m-[0m[0m {
                      [31m-[0m[0m Action    = "sts:AssumeRole"
                      [31m-[0m[0m Effect    = "Allow"
                      [31m-[0m[0m Principal = {
                          [31m-[0m[0m Service = "ec2.amazonaws.com"
                        }
                    },
                ]
              [31m-[0m[0m Version   = "2012-10-17"
            }
        ) [90m-> null[0m[0m
      [31m-[0m[0m create_date           = "2026-04-20T17:58:01Z" [90m-> null[0m[0m
      [31m-[0m[0m force_detach_policies = false [90m-> null[0m[0m
      [31m-[0m[0m id                    = "crossregb447-raft-quic-cross-ssm-node1" [90m-> null[0m[0m
      [31m-[0m[0m managed_policy_arns   = [
          [31m-[0m[0m "arn:aws:iam::aws:policy/AmazonSSMManagedInstanceCore",
        ] [90m-> null[0m[0m
      [31m-[0m[0m max_session_duration  = 3600 [90m-> null[0m[0m
      [31m-[0m[0m name                  = "crossregb447-raft-quic-cross-ssm-node1" [90m-> null[0m[0m
      [31m-[0m[0m path                  = "/" [90m-> null[0m[0m
      [31m-[0m[0m tags                  = {
          [31m-[0m[0m "Node"    = "node1"
          [31m-[0m[0m "Project" = "raft-quic"
        } [90m-> null[0m[0m
      [31m-[0m[0m tags_all              = {
          [31m-[0m[0m "Node"    = "node1"
          [31m-[0m[0m "Project" = "raft-quic"
        } [90m-> null[0m[0m
      [31m-[0m[0m unique_id             = "AROAYE7LHJTDIFKUN5EY4" [90m-> null[0m[0m
        [90m# (3 unchanged attributes hidden)[0m[0m
    }

[1m  # module.node_ap[0].aws_iam_role_policy_attachment.ssm_core[0m will be [1m[31mdestroyed[0m
[0m  [31m-[0m[0m resource "aws_iam_role_policy_attachment" "ssm_core" {
      [31m-[0m[0m id         = "crossregb447-raft-quic-cross-ssm-node1-20260420175806508000000003" [90m-> null[0m[0m
      [31m-[0m[0m policy_arn = "arn:aws:iam::aws:policy/AmazonSSMManagedInstanceCore" [90m-> null[0m[0m
      [31m-[0m[0m role       = "crossregb447-raft-quic-cross-ssm-node1" [90m-> null[0m[0m
    }

[1m  # module.node_ap[0].aws_instance.node[0m will be [1m[31mdestroyed[0m
[0m  [31m-[0m[0m resource "aws_instance" "node" {
      [31m-[0m[0m ami                                  = "ami-0102a36b3e9d5e4df" [90m-> null[0m[0m
      [31m-[0m[0m arn                                  = "arn:aws:ec2:us-east-1:560449670342:instance/i-02f9d5ba14b331c0e" [90m-> null[0m[0m
      [31m-[0m[0m associate_public_ip_address          = true [90m-> null[0m[0m
      [31m-[0m[0m availability_zone                    = "us-east-1d" [90m-> null[0m[0m
      [31m-[0m[0m cpu_core_count                       = 1 [90m-> null[0m[0m
      [31m-[0m[0m cpu_threads_per_core                 = 2 [90m-> null[0m[0m
      [31m-[0m[0m disable_api_stop                     = false [90m-> null[0m[0m
      [31m-[0m[0m disable_api_termination              = false [90m-> null[0m[0m
      [31m-[0m[0m ebs_optimized                        = false [90m-> null[0m[0m
      [31m-[0m[0m get_password_data                    = false [90m-> null[0m[0m
      [31m-[0m[0m hibernation                          = false [90m-> null[0m[0m
      [31m-[0m[0m iam_instance_profile                 = "crossregb447-raft-quic-cross-ssm-node1" [90m-> null[0m[0m
      [31m-[0m[0m id                                   = "i-02f9d5ba14b331c0e" [90m-> null[0m[0m
      [31m-[0m[0m instance_initiated_shutdown_behavior = "stop" [90m-> null[0m[0m
      [31m-[0m[0m instance_state                       = "running" [90m-> null[0m[0m
      [31m-[0m[0m instance_type                        = "t3.micro" [90m-> null[0m[0m
      [31m-[0m[0m ipv6_address_count                   = 0 [90m-> null[0m[0m
      [31m-[0m[0m ipv6_addresses                       = [] [90m-> null[0m[0m
      [31m-[0m[0m key_name                             = "crossregb447-raft-quic-cross-node1" [90m-> null[0m[0m
      [31m-[0m[0m monitoring                           = false [90m-> null[0m[0m
      [31m-[0m[0m placement_partition_number           = 0 [90m-> null[0m[0m
      [31m-[0m[0m primary_network_interface_id         = "eni-05fb9afd207d1a268" [90m-> null[0m[0m
      [31m-[0m[0m private_dns                          = "ip-172-31-34-189.ec2.internal" [90m-> null[0m[0m
      [31m-[0m[0m private_ip                           = "172.31.34.189" [90m-> null[0m[0m
      [31m-[0m[0m public_dns                           = "ec2-3-86-67-131.compute-1.amazonaws.com" [90m-> null[0m[0m
      [31m-[0m[0m public_ip                            = "3.86.67.131" [90m-> null[0m[0m
      [31m-[0m[0m secondary_private_ips                = [] [90m-> null[0m[0m
      [31m-[0m[0m security_groups                      = [
          [31m-[0m[0m "crossregb447-raft-quic-node1",
        ] [90m-> null[0m[0m
      [31m-[0m[0m source_dest_check                    = true [90m-> null[0m[0m
      [31m-[0m[0m subnet_id                            = "subnet-055764690b8558cd1" [90m-> null[0m[0m
      [31m-[0m[0m tags                                 = {
          [31m-[0m[0m "Name"    = "crossregb447-raft-quic-node1"
          [31m-[0m[0m "Node"    = "node1"
          [31m-[0m[0m "Project" = "raft-quic"
        } [90m-> null[0m[0m
      [31m-[0m[0m tags_all                             = {
          [31m-[0m[0m "Name"    = "crossregb447-raft-quic-node1"
          [31m-[0m[0m "Node"    = "node1"
          [31m-[0m[0m "Project" = "raft-quic"
        } [90m-> null[0m[0m
      [31m-[0m[0m tenancy                              = "default" [90m-> null[0m[0m
      [31m-[0m[0m user_data_replace_on_change          = false [90m-> null[0m[0m
      [31m-[0m[0m vpc_security_group_ids               = [
          [31m-[0m[0m "sg-0f661baf15b6a0a8c",
        ] [90m-> null[0m[0m
        [90m# (6 unchanged attributes hidden)[0m[0m

      [31m-[0m[0m capacity_reservation_specification {
          [31m-[0m[0m capacity_reservation_preference = "open" [90m-> null[0m[0m
        }

      [31m-[0m[0m cpu_options {
          [31m-[0m[0m core_count       = 1 [90m-> null[0m[0m
          [31m-[0m[0m threads_per_core = 2 [90m-> null[0m[0m
            [90m# (1 unchanged attribute hidden)[0m[0m
        }

      [31m-[0m[0m credit_specification {
          [31m-[0m[0m cpu_credits = "unlimited" [90m-> null[0m[0m
        }

      [31m-[0m[0m enclave_options {
          [31m-[0m[0m enabled = false [90m-> null[0m[0m
        }

      [31m-[0m[0m maintenance_options {
          [31m-[0m[0m auto_recovery = "default" [90m-> null[0m[0m
        }

      [31m-[0m[0m metadata_options {
          [31m-[0m[0m http_endpoint               = "enabled" [90m-> null[0m[0m
          [31m-[0m[0m http_protocol_ipv6          = "disabled" [90m-> null[0m[0m
          [31m-[0m[0m http_put_response_hop_limit = 2 [90m-> null[0m[0m
          [31m-[0m[0m http_tokens                 = "required" [90m-> null[0m[0m
          [31m-[0m[0m instance_metadata_tags      = "disabled" [90m-> null[0m[0m
        }

      [31m-[0m[0m private_dns_name_options {
          [31m-[0m[0m enable_resource_name_dns_a_record    = false [90m-> null[0m[0m
          [31m-[0m[0m enable_resource_name_dns_aaaa_record = false [90m-> null[0m[0m
          [31m-[0m[0m hostname_type                        = "ip-name" [90m-> null[0m[0m
        }

      [31m-[0m[0m root_block_device {
          [31m-[0m[0m delete_on_termination = true [90m-> null[0m[0m
          [31m-[0m[0m device_name           = "/dev/xvda" [90m-> null[0m[0m
          [31m-[0m[0m encrypted             = false [90m-> null[0m[0m
          [31m-[0m[0m iops                  = 3000 [90m-> null[0m[0m
          [31m-[0m[0m tags                  = {} [90m-> null[0m[0m
          [31m-[0m[0m tags_all              = {} [90m-> null[0m[0m
          [31m-[0m[0m throughput            = 125 [90m-> null[0m[0m
          [31m-[0m[0m volume_id             = "vol-08bd67db9ab3e3677" [90m-> null[0m[0m
          [31m-[0m[0m volume_size           = 30 [90m-> null[0m[0m
          [31m-[0m[0m volume_type           = "gp3" [90m-> null[0m[0m
            [90m# (1 unchanged attribute hidden)[0m[0m
        }
    }

[1m  # module.node_ap[0].aws_key_pair.raft[0m will be [1m[31mdestroyed[0m
[0m  [31m-[0m[0m resource "aws_key_pair" "raft" {
      [31m-[0m[0m arn             = "arn:aws:ec2:us-east-1:560449670342:key-pair/crossregb447-raft-quic-cross-node1" [90m-> null[0m[0m
      [31m-[0m[0m fingerprint     = "33:f9:76:72:7f:5b:f7:e2:66:2a:2b:78:23:47:8b:1a" [90m-> null[0m[0m
      [31m-[0m[0m id              = "crossregb447-raft-quic-cross-node1" [90m-> null[0m[0m
      [31m-[0m[0m key_name        = "crossregb447-raft-quic-cross-node1" [90m-> null[0m[0m
      [31m-[0m[0m key_pair_id     = "key-09f3641973ba526ca" [90m-> null[0m[0m
      [31m-[0m[0m key_type        = "rsa" [90m-> null[0m[0m
      [31m-[0m[0m public_key      = "ssh-rsa AAAAB3NzaC1yc2EAAAADAQABAAACAQDXsvAZRTxd0B6vC+qhVs5IuWIZlD3yVcoUkV1jAjzQG6L5Oq+WFtPLTnbNUXg0Kw6rKi891k5DKYwn1sxIUREgSetdElajLoUJirSeC51DI7leHOtkWMo4wmCLo75uN++KvMaOS4VvZUIIghJU4qz0pDdtDzgfXH7sVq4oone9ycNHCo4dDqRKwkGahuZOS9X7Ysyp3zwqCo6gHCGLGKM4yWvmGj3EyDk4Y3xdJs15m1B48rJJhs2j1+7X9PXGxCqLBGD/2dXdekxjoo9Ubc8keNR84qQLhZPl+XnFDYvhGefdcT2y23P4MWtj3hXoLiWaPE71V+kFP1UyYL7e1FulNaIgF9fb3MEJqZ7XamZpi+6Kewbt0BBi15xapVQXlWrN8A2FDQA1w0S2tq3MgqzTJ/tKO7yKvrRml72J1GuEG2PWP8LtLrT1kw/S4wYr+hyruUtmG8R3xDb4WMoI5S5rIGTMrJ8lJRs000x1kqxi7fKeccPBec71vpQ5oqZhxFFcfhJf981kFOsWavEXXCymXksiRqJoXmETR1mZjhQTjGG9sXXMHJSzghkcTMV5M67xiDL9a2RIpQkCs59Hgb6VESsN8pNn44h6Jvlw60cf89FJNHBYYB9SHMhGjOWPt/U/ad5Po6eKAGgGe6+ncsRpZrWEK5YG5j3fvSqsYe/CJw==" [90m-> null[0m[0m
      [31m-[0m[0m tags            = {
          [31m-[0m[0m "Node"    = "node1"
          [31m-[0m[0m "Project" = "raft-quic"
        } [90m-> null[0m[0m
      [31m-[0m[0m tags_all        = {
          [31m-[0m[0m "Node"    = "node1"
          [31m-[0m[0m "Project" = "raft-quic"
        } [90m-> null[0m[0m
        [90m# (1 unchanged attribute hidden)[0m[0m
    }

[1m  # module.node_ap[0].aws_security_group.raft[0m will be [1m[31mdestroyed[0m
[0m  [31m-[0m[0m resource "aws_security_group" "raft" {
      [31m-[0m[0m arn                    = "arn:aws:ec2:us-east-1:560449670342:security-group/sg-0f661baf15b6a0a8c" [90m-> null[0m[0m
      [31m-[0m[0m description            = "Raft-over-QUIC cluster node node1" [90m-> null[0m[0m
      [31m-[0m[0m egress                 = [
          [31m-[0m[0m {
              [31m-[0m[0m cidr_blocks      = [
                  [31m-[0m[0m "0.0.0.0/0",
                ]
              [31m-[0m[0m from_port        = 0
              [31m-[0m[0m ipv6_cidr_blocks = []
              [31m-[0m[0m prefix_list_ids  = []
              [31m-[0m[0m protocol         = "-1"
              [31m-[0m[0m security_groups  = []
              [31m-[0m[0m self             = false
              [31m-[0m[0m to_port          = 0
                [90m# (1 unchanged attribute hidden)[0m[0m
            },
        ] [90m-> null[0m[0m
      [31m-[0m[0m id                     = "sg-0f661baf15b6a0a8c" [90m-> null[0m[0m
      [31m-[0m[0m ingress                = [
          [31m-[0m[0m {
              [31m-[0m[0m cidr_blocks      = [
                  [31m-[0m[0m "0.0.0.0/0",
                ]
              [31m-[0m[0m from_port        = 22
              [31m-[0m[0m ipv6_cidr_blocks = []
              [31m-[0m[0m prefix_list_ids  = []
              [31m-[0m[0m protocol         = "tcp"
              [31m-[0m[0m security_groups  = []
              [31m-[0m[0m self             = false
              [31m-[0m[0m to_port          = 22
                [90m# (1 unchanged attribute hidden)[0m[0m
            },
          [31m-[0m[0m {
              [31m-[0m[0m cidr_blocks      = [
                  [31m-[0m[0m "0.0.0.0/0",
                ]
              [31m-[0m[0m from_port        = 7001
              [31m-[0m[0m ipv6_cidr_blocks = []
              [31m-[0m[0m prefix_list_ids  = []
              [31m-[0m[0m protocol         = "udp"
              [31m-[0m[0m security_groups  = []
              [31m-[0m[0m self             = false
              [31m-[0m[0m to_port          = 7001
                [90m# (1 unchanged attribute hidden)[0m[0m
            },
          [31m-[0m[0m {
              [31m-[0m[0m cidr_blocks      = [
                  [31m-[0m[0m "0.0.0.0/0",
                ]
              [31m-[0m[0m from_port        = 8001
              [31m-[0m[0m ipv6_cidr_blocks = []
              [31m-[0m[0m prefix_list_ids  = []
              [31m-[0m[0m protocol         = "tcp"
              [31m-[0m[0m security_groups  = []
              [31m-[0m[0m self             = false
              [31m-[0m[0m to_port          = 8001
                [90m# (1 unchanged attribute hidden)[0m[0m
            },
          [31m-[0m[0m {
              [31m-[0m[0m cidr_blocks      = [
                  [31m-[0m[0m "0.0.0.0/0",
                ]
              [31m-[0m[0m from_port        = 9001
              [31m-[0m[0m ipv6_cidr_blocks = []
              [31m-[0m[0m prefix_list_ids  = []
              [31m-[0m[0m protocol         = "tcp"
              [31m-[0m[0m security_groups  = []
              [31m-[0m[0m self             = false
              [31m-[0m[0m to_port          = 9001
                [90m# (1 unchanged attribute hidden)[0m[0m
            },
        ] [90m-> null[0m[0m
      [31m-[0m[0m name                   = "crossregb447-raft-quic-node1" [90m-> null[0m[0m
      [31m-[0m[0m owner_id               = "560449670342" [90m-> null[0m[0m
      [31m-[0m[0m revoke_rules_on_delete = false [90m-> null[0m[0m
      [31m-[0m[0m tags                   = {
          [31m-[0m[0m "Node"    = "node1"
          [31m-[0m[0m "Project" = "raft-quic"
        } [90m-> null[0m[0m
      [31m-[0m[0m tags_all               = {
          [31m-[0m[0m "Node"    = "node1"
          [31m-[0m[0m "Project" = "raft-quic"
        } [90m-> null[0m[0m
      [31m-[0m[0m vpc_id                 = "vpc-0d14d4388abbe65e8" [90m-> null[0m[0m
        [90m# (1 unchanged attribute hidden)[0m[0m
    }

[1m  # module.node_ap[1].aws_iam_instance_profile.raft_ssm[0m will be [1m[31mdestroyed[0m
[0m  [31m-[0m[0m resource "aws_iam_instance_profile" "raft_ssm" {
      [31m-[0m[0m arn         = "arn:aws:iam::560449670342:instance-profile/crossregb447-raft-quic-cross-ssm-node2" [90m-> null[0m[0m
      [31m-[0m[0m create_date = "2026-04-20T17:58:04Z" [90m-> null[0m[0m
      [31m-[0m[0m id          = "crossregb447-raft-quic-cross-ssm-node2" [90m-> null[0m[0m
      [31m-[0m[0m name        = "crossregb447-raft-quic-cross-ssm-node2" [90m-> null[0m[0m
      [31m-[0m[0m path        = "/" [90m-> null[0m[0m
      [31m-[0m[0m role        = "crossregb447-raft-quic-cross-ssm-node2" [90m-> null[0m[0m
      [31m-[0m[0m tags        = {} [90m-> null[0m[0m
      [31m-[0m[0m tags_all    = {} [90m-> null[0m[0m
      [31m-[0m[0m unique_id   = "AIPAYE7LHJTDGRAUAWIKM" [90m-> null[0m[0m
        [90m# (1 unchanged attribute hidden)[0m[0m
    }

[1m  # module.node_ap[1].aws_iam_role.raft_ssm[0m will be [1m[31mdestroyed[0m
[0m  [31m-[0m[0m resource "aws_iam_role" "raft_ssm" {
      [31m-[0m[0m arn                   = "arn:aws:iam::560449670342:role/crossregb447-raft-quic-cross-ssm-node2" [90m-> null[0m[0m
      [31m-[0m[0m assume_role_policy    = jsonencode(
            {
              [31m-[0m[0m Statement = [
                  [31m-[0m[0m {
                      [31m-[0m[0m Action    = "sts:AssumeRole"
                      [31m-[0m[0m Effect    = "Allow"
                      [31m-[0m[0m Principal = {
                          [31m-[0m[0m Service = "ec2.amazonaws.com"
                        }
                    },
                ]
              [31m-[0m[0m Version   = "2012-10-17"
            }
        ) [90m-> null[0m[0m
      [31m-[0m[0m create_date           = "2026-04-20T17:58:01Z" [90m-> null[0m[0m
      [31m-[0m[0m force_detach_policies = false [90m-> null[0m[0m
      [31m-[0m[0m id                    = "crossregb447-raft-quic-cross-ssm-node2" [90m-> null[0m[0m
      [31m-[0m[0m managed_policy_arns   = [
          [31m-[0m[0m "arn:aws:iam::aws:policy/AmazonSSMManagedInstanceCore",
        ] [90m-> null[0m[0m
      [31m-[0m[0m max_session_duration  = 3600 [90m-> null[0m[0m
      [31m-[0m[0m name                  = "crossregb447-raft-quic-cross-ssm-node2" [90m-> null[0m[0m
      [31m-[0m[0m path                  = "/" [90m-> null[0m[0m
      [31m-[0m[0m tags                  = {
          [31m-[0m[0m "Node"    = "node2"
          [31m-[0m[0m "Project" = "raft-quic"
        } [90m-> null[0m[0m
      [31m-[0m[0m tags_all              = {
          [31m-[0m[0m "Node"    = "node2"
          [31m-[0m[0m "Project" = "raft-quic"
        } [90m-> null[0m[0m
      [31m-[0m[0m unique_id             = "AROAYE7LHJTDKZC7YKZBU" [90m-> null[0m[0m
        [90m# (3 unchanged attributes hidden)[0m[0m
    }

[1m  # module.node_ap[1].aws_iam_role_policy_attachment.ssm_core[0m will be [1m[31mdestroyed[0m
[0m  [31m-[0m[0m resource "aws_iam_role_policy_attachment" "ssm_core" {
      [31m-[0m[0m id         = "crossregb447-raft-quic-cross-ssm-node2-20260420175806453500000001" [90m-> null[0m[0m
      [31m-[0m[0m policy_arn = "arn:aws:iam::aws:policy/AmazonSSMManagedInstanceCore" [90m-> null[0m[0m
      [31m-[0m[0m role       = "crossregb447-raft-quic-cross-ssm-node2" [90m-> null[0m[0m
    }

[1m  # module.node_ap[1].aws_instance.node[0m will be [1m[31mdestroyed[0m
[0m  [31m-[0m[0m resource "aws_instance" "node" {
      [31m-[0m[0m ami                                  = "ami-0102a36b3e9d5e4df" [90m-> null[0m[0m
      [31m-[0m[0m arn                                  = "arn:aws:ec2:us-east-1:560449670342:instance/i-0b83a797d262a7062" [90m-> null[0m[0m
      [31m-[0m[0m associate_public_ip_address          = true [90m-> null[0m[0m
      [31m-[0m[0m availability_zone                    = "us-east-1d" [90m-> null[0m[0m
      [31m-[0m[0m cpu_core_count                       = 1 [90m-> null[0m[0m
      [31m-[0m[0m cpu_threads_per_core                 = 2 [90m-> null[0m[0m
      [31m-[0m[0m disable_api_stop                     = false [90m-> null[0m[0m
      [31m-[0m[0m disable_api_termination              = false [90m-> null[0m[0m
      [31m-[0m[0m ebs_optimized                        = false [90m-> null[0m[0m
      [31m-[0m[0m get_password_data                    = false [90m-> null[0m[0m
      [31m-[0m[0m hibernation                          = false [90m-> null[0m[0m
      [31m-[0m[0m iam_instance_profile                 = "crossregb447-raft-quic-cross-ssm-node2" [90m-> null[0m[0m
      [31m-[0m[0m id                                   = "i-0b83a797d262a7062" [90m-> null[0m[0m
      [31m-[0m[0m instance_initiated_shutdown_behavior = "stop" [90m-> null[0m[0m
      [31m-[0m[0m instance_state                       = "running" [90m-> null[0m[0m
      [31m-[0m[0m instance_type                        = "t3.micro" [90m-> null[0m[0m
      [31m-[0m[0m ipv6_address_count                   = 0 [90m-> null[0m[0m
      [31m-[0m[0m ipv6_addresses                       = [] [90m-> null[0m[0m
      [31m-[0m[0m key_name                             = "crossregb447-raft-quic-cross-node2" [90m-> null[0m[0m
      [31m-[0m[0m monitoring                           = false [90m-> null[0m[0m
      [31m-[0m[0m placement_partition_number           = 0 [90m-> null[0m[0m
      [31m-[0m[0m primary_network_interface_id         = "eni-047dd495e8e38449f" [90m-> null[0m[0m
      [31m-[0m[0m private_dns                          = "ip-172-31-46-170.ec2.internal" [90m-> null[0m[0m
      [31m-[0m[0m private_ip                           = "172.31.46.170" [90m-> null[0m[0m
      [31m-[0m[0m public_dns                           = "ec2-34-207-55-180.compute-1.amazonaws.com" [90m-> null[0m[0m
      [31m-[0m[0m public_ip                            = "34.207.55.180" [90m-> null[0m[0m
      [31m-[0m[0m secondary_private_ips                = [] [90m-> null[0m[0m
      [31m-[0m[0m security_groups                      = [
          [31m-[0m[0m "crossregb447-raft-quic-node2",
        ] [90m-> null[0m[0m
      [31m-[0m[0m source_dest_check                    = true [90m-> null[0m[0m
      [31m-[0m[0m subnet_id                            = "subnet-055764690b8558cd1" [90m-> null[0m[0m
      [31m-[0m[0m tags                                 = {
          [31m-[0m[0m "Name"    = "crossregb447-raft-quic-node2"
          [31m-[0m[0m "Node"    = "node2"
          [31m-[0m[0m "Project" = "raft-quic"
        } [90m-> null[0m[0m
      [31m-[0m[0m tags_all                             = {
          [31m-[0m[0m "Name"    = "crossregb447-raft-quic-node2"
          [31m-[0m[0m "Node"    = "node2"
          [31m-[0m[0m "Project" = "raft-quic"
        } [90m-> null[0m[0m
      [31m-[0m[0m tenancy                              = "default" [90m-> null[0m[0m
      [31m-[0m[0m user_data_replace_on_change          = false [90m-> null[0m[0m
      [31m-[0m[0m vpc_security_group_ids               = [
          [31m-[0m[0m "sg-010169b2213d12c31",
        ] [90m-> null[0m[0m
        [90m# (6 unchanged attributes hidden)[0m[0m

      [31m-[0m[0m capacity_reservation_specification {
          [31m-[0m[0m capacity_reservation_preference = "open" [90m-> null[0m[0m
        }

      [31m-[0m[0m cpu_options {
          [31m-[0m[0m core_count       = 1 [90m-> null[0m[0m
          [31m-[0m[0m threads_per_core = 2 [90m-> null[0m[0m
            [90m# (1 unchanged attribute hidden)[0m[0m
        }

      [31m-[0m[0m credit_specification {
          [31m-[0m[0m cpu_credits = "unlimited" [90m-> null[0m[0m
        }

      [31m-[0m[0m enclave_options {
          [31m-[0m[0m enabled = false [90m-> null[0m[0m
        }

      [31m-[0m[0m maintenance_options {
          [31m-[0m[0m auto_recovery = "default" [90m-> null[0m[0m
        }

      [31m-[0m[0m metadata_options {
          [31m-[0m[0m http_endpoint               = "enabled" [90m-> null[0m[0m
          [31m-[0m[0m http_protocol_ipv6          = "disabled" [90m-> null[0m[0m
          [31m-[0m[0m http_put_response_hop_limit = 2 [90m-> null[0m[0m
          [31m-[0m[0m http_tokens                 = "required" [90m-> null[0m[0m
          [31m-[0m[0m instance_metadata_tags      = "disabled" [90m-> null[0m[0m
        }

      [31m-[0m[0m private_dns_name_options {
          [31m-[0m[0m enable_resource_name_dns_a_record    = false [90m-> null[0m[0m
          [31m-[0m[0m enable_resource_name_dns_aaaa_record = false [90m-> null[0m[0m
          [31m-[0m[0m hostname_type                        = "ip-name" [90m-> null[0m[0m
        }

      [31m-[0m[0m root_block_device {
          [31m-[0m[0m delete_on_termination = true [90m-> null[0m[0m
          [31m-[0m[0m device_name           = "/dev/xvda" [90m-> null[0m[0m
          [31m-[0m[0m encrypted             = false [90m-> null[0m[0m
          [31m-[0m[0m iops                  = 3000 [90m-> null[0m[0m
          [31m-[0m[0m tags                  = {} [90m-> null[0m[0m
          [31m-[0m[0m tags_all              = {} [90m-> null[0m[0m
          [31m-[0m[0m throughput            = 125 [90m-> null[0m[0m
          [31m-[0m[0m volume_id             = "vol-036133a72fdb7e867" [90m-> null[0m[0m
          [31m-[0m[0m volume_size           = 30 [90m-> null[0m[0m
          [31m-[0m[0m volume_type           = "gp3" [90m-> null[0m[0m
            [90m# (1 unchanged attribute hidden)[0m[0m
        }
    }

[1m  # module.node_ap[1].aws_key_pair.raft[0m will be [1m[31mdestroyed[0m
[0m  [31m-[0m[0m resource "aws_key_pair" "raft" {
      [31m-[0m[0m arn             = "arn:aws:ec2:us-east-1:560449670342:key-pair/crossregb447-raft-quic-cross-node2" [90m-> null[0m[0m
      [31m-[0m[0m fingerprint     = "33:f9:76:72:7f:5b:f7:e2:66:2a:2b:78:23:47:8b:1a" [90m-> null[0m[0m
      [31m-[0m[0m id              = "crossregb447-raft-quic-cross-node2" [90m-> null[0m[0m
      [31m-[0m[0m key_name        = "crossregb447-raft-quic-cross-node2" [90m-> null[0m[0m
      [31m-[0m[0m key_pair_id     = "key-05e5be92f4e8847c7" [90m-> null[0m[0m
      [31m-[0m[0m key_type        = "rsa" [90m-> null[0m[0m
      [31m-[0m[0m public_key      = "ssh-rsa AAAAB3NzaC1yc2EAAAADAQABAAACAQDXsvAZRTxd0B6vC+qhVs5IuWIZlD3yVcoUkV1jAjzQG6L5Oq+WFtPLTnbNUXg0Kw6rKi891k5DKYwn1sxIUREgSetdElajLoUJirSeC51DI7leHOtkWMo4wmCLo75uN++KvMaOS4VvZUIIghJU4qz0pDdtDzgfXH7sVq4oone9ycNHCo4dDqRKwkGahuZOS9X7Ysyp3zwqCo6gHCGLGKM4yWvmGj3EyDk4Y3xdJs15m1B48rJJhs2j1+7X9PXGxCqLBGD/2dXdekxjoo9Ubc8keNR84qQLhZPl+XnFDYvhGefdcT2y23P4MWtj3hXoLiWaPE71V+kFP1UyYL7e1FulNaIgF9fb3MEJqZ7XamZpi+6Kewbt0BBi15xapVQXlWrN8A2FDQA1w0S2tq3MgqzTJ/tKO7yKvrRml72J1GuEG2PWP8LtLrT1kw/S4wYr+hyruUtmG8R3xDb4WMoI5S5rIGTMrJ8lJRs000x1kqxi7fKeccPBec71vpQ5oqZhxFFcfhJf981kFOsWavEXXCymXksiRqJoXmETR1mZjhQTjGG9sXXMHJSzghkcTMV5M67xiDL9a2RIpQkCs59Hgb6VESsN8pNn44h6Jvlw60cf89FJNHBYYB9SHMhGjOWPt/U/ad5Po6eKAGgGe6+ncsRpZrWEK5YG5j3fvSqsYe/CJw==" [90m-> null[0m[0m
      [31m-[0m[0m tags            = {
          [31m-[0m[0m "Node"    = "node2"
          [31m-[0m[0m "Project" = "raft-quic"
        } [90m-> null[0m[0m
      [31m-[0m[0m tags_all        = {
          [31m-[0m[0m "Node"    = "node2"
          [31m-[0m[0m "Project" = "raft-quic"
        } [90m-> null[0m[0m
        [90m# (1 unchanged attribute hidden)[0m[0m
    }

[1m  # module.node_ap[1].aws_security_group.raft[0m will be [1m[31mdestroyed[0m
[0m  [31m-[0m[0m resource "aws_security_group" "raft" {
      [31m-[0m[0m arn                    = "arn:aws:ec2:us-east-1:560449670342:security-group/sg-010169b2213d12c31" [90m-> null[0m[0m
      [31m-[0m[0m description            = "Raft-over-QUIC cluster node node2" [90m-> null[0m[0m
      [31m-[0m[0m egress                 = [
          [31m-[0m[0m {
              [31m-[0m[0m cidr_blocks      = [
                  [31m-[0m[0m "0.0.0.0/0",
                ]
              [31m-[0m[0m from_port        = 0
              [31m-[0m[0m ipv6_cidr_blocks = []
              [31m-[0m[0m prefix_list_ids  = []
              [31m-[0m[0m protocol         = "-1"
              [31m-[0m[0m security_groups  = []
              [31m-[0m[0m self             = false
              [31m-[0m[0m to_port          = 0
                [90m# (1 unchanged attribute hidden)[0m[0m
            },
        ] [90m-> null[0m[0m
      [31m-[0m[0m id                     = "sg-010169b2213d12c31" [90m-> null[0m[0m
      [31m-[0m[0m ingress                = [
          [31m-[0m[0m {
              [31m-[0m[0m cidr_blocks      = [
                  [31m-[0m[0m "0.0.0.0/0",
                ]
              [31m-[0m[0m from_port        = 22
              [31m-[0m[0m ipv6_cidr_blocks = []
              [31m-[0m[0m prefix_list_ids  = []
              [31m-[0m[0m protocol         = "tcp"
              [31m-[0m[0m security_groups  = []
              [31m-[0m[0m self             = false
              [31m-[0m[0m to_port          = 22
                [90m# (1 unchanged attribute hidden)[0m[0m
            },
          [31m-[0m[0m {
              [31m-[0m[0m cidr_blocks      = [
                  [31m-[0m[0m "0.0.0.0/0",
                ]
              [31m-[0m[0m from_port        = 7001
              [31m-[0m[0m ipv6_cidr_blocks = []
              [31m-[0m[0m prefix_list_ids  = []
              [31m-[0m[0m protocol         = "udp"
              [31m-[0m[0m security_groups  = []
              [31m-[0m[0m self             = false
              [31m-[0m[0m to_port          = 7001
                [90m# (1 unchanged attribute hidden)[0m[0m
            },
          [31m-[0m[0m {
              [31m-[0m[0m cidr_blocks      = [
                  [31m-[0m[0m "0.0.0.0/0",
                ]
              [31m-[0m[0m from_port        = 8001
              [31m-[0m[0m ipv6_cidr_blocks = []
              [31m-[0m[0m prefix_list_ids  = []
              [31m-[0m[0m protocol         = "tcp"
              [31m-[0m[0m security_groups  = []
              [31m-[0m[0m self             = false
              [31m-[0m[0m to_port          = 8001
                [90m# (1 unchanged attribute hidden)[0m[0m
            },
          [31m-[0m[0m {
              [31m-[0m[0m cidr_blocks      = [
                  [31m-[0m[0m "0.0.0.0/0",
                ]
              [31m-[0m[0m from_port        = 9001
              [31m-[0m[0m ipv6_cidr_blocks = []
              [31m-[0m[0m prefix_list_ids  = []
              [31m-[0m[0m protocol         = "tcp"
              [31m-[0m[0m security_groups  = []
              [31m-[0m[0m self             = false
              [31m-[0m[0m to_port          = 9001
                [90m# (1 unchanged attribute hidden)[0m[0m
            },
        ] [90m-> null[0m[0m
      [31m-[0m[0m name                   = "crossregb447-raft-quic-node2" [90m-> null[0m[0m
      [31m-[0m[0m owner_id               = "560449670342" [90m-> null[0m[0m
      [31m-[0m[0m revoke_rules_on_delete = false [90m-> null[0m[0m
      [31m-[0m[0m tags                   = {
          [31m-[0m[0m "Node"    = "node2"
          [31m-[0m[0m "Project" = "raft-quic"
        } [90m-> null[0m[0m
      [31m-[0m[0m tags_all               = {
          [31m-[0m[0m "Node"    = "node2"
          [31m-[0m[0m "Project" = "raft-quic"
        } [90m-> null[0m[0m
      [31m-[0m[0m vpc_id                 = "vpc-0d14d4388abbe65e8" [90m-> null[0m[0m
        [90m# (1 unchanged attribute hidden)[0m[0m
    }

[1m  # module.node_ap[2].aws_iam_instance_profile.raft_ssm[0m will be [1m[31mdestroyed[0m
[0m  [31m-[0m[0m resource "aws_iam_instance_profile" "raft_ssm" {
      [31m-[0m[0m arn         = "arn:aws:iam::560449670342:instance-profile/crossregb447-raft-quic-cross-ssm-node3" [90m-> null[0m[0m
      [31m-[0m[0m create_date = "2026-04-20T17:58:02Z" [90m-> null[0m[0m
      [31m-[0m[0m id          = "crossregb447-raft-quic-cross-ssm-node3" [90m-> null[0m[0m
      [31m-[0m[0m name        = "crossregb447-raft-quic-cross-ssm-node3" [90m-> null[0m[0m
      [31m-[0m[0m path        = "/" [90m-> null[0m[0m
      [31m-[0m[0m role        = "crossregb447-raft-quic-cross-ssm-node3" [90m-> null[0m[0m
      [31m-[0m[0m tags        = {} [90m-> null[0m[0m
      [31m-[0m[0m tags_all    = {} [90m-> null[0m[0m
      [31m-[0m[0m unique_id   = "AIPAYE7LHJTDMIMGBQRV6" [90m-> null[0m[0m
        [90m# (1 unchanged attribute hidden)[0m[0m
    }

[1m  # module.node_ap[2].aws_iam_role.raft_ssm[0m will be [1m[31mdestroyed[0m
[0m  [31m-[0m[0m resource "aws_iam_role" "raft_ssm" {
      [31m-[0m[0m arn                   = "arn:aws:iam::560449670342:role/crossregb447-raft-quic-cross-ssm-node3" [90m-> null[0m[0m
      [31m-[0m[0m assume_role_policy    = jsonencode(
            {
              [31m-[0m[0m Statement = [
                  [31m-[0m[0m {
                      [31m-[0m[0m Action    = "sts:AssumeRole"
                      [31m-[0m[0m Effect    = "Allow"
                      [31m-[0m[0m Principal = {
                          [31m-[0m[0m Service = "ec2.amazonaws.com"
                        }
                    },
                ]
              [31m-[0m[0m Version   = "2012-10-17"
            }
        ) [90m-> null[0m[0m
      [31m-[0m[0m create_date           = "2026-04-20T17:58:01Z" [90m-> null[0m[0m
      [31m-[0m[0m force_detach_policies = false [90m-> null[0m[0m
      [31m-[0m[0m id                    = "crossregb447-raft-quic-cross-ssm-node3" [90m-> null[0m[0m
      [31m-[0m[0m managed_policy_arns   = [
          [31m-[0m[0m "arn:aws:iam::aws:policy/AmazonSSMManagedInstanceCore",
        ] [90m-> null[0m[0m
      [31m-[0m[0m max_session_duration  = 3600 [90m-> null[0m[0m
      [31m-[0m[0m name                  = "crossregb447-raft-quic-cross-ssm-node3" [90m-> null[0m[0m
      [31m-[0m[0m path                  = "/" [90m-> null[0m[0m
      [31m-[0m[0m tags                  = {
          [31m-[0m[0m "Node"    = "node3"
          [31m-[0m[0m "Project" = "raft-quic"
        } [90m-> null[0m[0m
      [31m-[0m[0m tags_all              = {
          [31m-[0m[0m "Node"    = "node3"
          [31m-[0m[0m "Project" = "raft-quic"
        } [90m-> null[0m[0m
      [31m-[0m[0m unique_id             = "AROAYE7LHJTDARQKV7NXH" [90m-> null[0m[0m
        [90m# (3 unchanged attributes hidden)[0m[0m
    }

[1m  # module.node_ap[2].aws_iam_role_policy_attachment.ssm_core[0m will be [1m[31mdestroyed[0m
[0m  [31m-[0m[0m resource "aws_iam_role_policy_attachment" "ssm_core" {
      [31m-[0m[0m id         = "crossregb447-raft-quic-cross-ssm-node3-20260420175806489500000002" [90m-> null[0m[0m
      [31m-[0m[0m policy_arn = "arn:aws:iam::aws:policy/AmazonSSMManagedInstanceCore" [90m-> null[0m[0m
      [31m-[0m[0m role       = "crossregb447-raft-quic-cross-ssm-node3" [90m-> null[0m[0m
    }

[1m  # module.node_ap[2].aws_instance.node[0m will be [1m[31mdestroyed[0m
[0m  [31m-[0m[0m resource "aws_instance" "node" {
      [31m-[0m[0m ami                                  = "ami-0102a36b3e9d5e4df" [90m-> null[0m[0m
      [31m-[0m[0m arn                                  = "arn:aws:ec2:us-east-1:560449670342:instance/i-0f25488c36e34e7db" [90m-> null[0m[0m
      [31m-[0m[0m associate_public_ip_address          = true [90m-> null[0m[0m
      [31m-[0m[0m availability_zone                    = "us-east-1d" [90m-> null[0m[0m
      [31m-[0m[0m cpu_core_count                       = 1 [90m-> null[0m[0m
      [31m-[0m[0m cpu_threads_per_core                 = 2 [90m-> null[0m[0m
      [31m-[0m[0m disable_api_stop                     = false [90m-> null[0m[0m
      [31m-[0m[0m disable_api_termination              = false [90m-> null[0m[0m
      [31m-[0m[0m ebs_optimized                        = false [90m-> null[0m[0m
      [31m-[0m[0m get_password_data                    = false [90m-> null[0m[0m
      [31m-[0m[0m hibernation                          = false [90m-> null[0m[0m
      [31m-[0m[0m iam_instance_profile                 = "crossregb447-raft-quic-cross-ssm-node3" [90m-> null[0m[0m
      [31m-[0m[0m id                                   = "i-0f25488c36e34e7db" [90m-> null[0m[0m
      [31m-[0m[0m instance_initiated_shutdown_behavior = "stop" [90m-> null[0m[0m
      [31m-[0m[0m instance_state                       = "running" [90m-> null[0m[0m
      [31m-[0m[0m instance_type                        = "t3.micro" [90m-> null[0m[0m
      [31m-[0m[0m ipv6_address_count                   = 0 [90m-> null[0m[0m
      [31m-[0m[0m ipv6_addresses                       = [] [90m-> null[0m[0m
      [31m-[0m[0m key_name                             = "crossregb447-raft-quic-cross-node3" [90m-> null[0m[0m
      [31m-[0m[0m monitoring                           = false [90m-> null[0m[0m
      [31m-[0m[0m placement_partition_number           = 0 [90m-> null[0m[0m
      [31m-[0m[0m primary_network_interface_id         = "eni-0e2e378a19b6b8150" [90m-> null[0m[0m
      [31m-[0m[0m private_dns                          = "ip-172-31-32-121.ec2.internal" [90m-> null[0m[0m
      [31m-[0m[0m private_ip                           = "172.31.32.121" [90m-> null[0m[0m
      [31m-[0m[0m public_dns                           = "ec2-54-81-134-171.compute-1.amazonaws.com" [90m-> null[0m[0m
      [31m-[0m[0m public_ip                            = "54.81.134.171" [90m-> null[0m[0m
      [31m-[0m[0m secondary_private_ips                = [] [90m-> null[0m[0m
      [31m-[0m[0m security_groups                      = [
          [31m-[0m[0m "crossregb447-raft-quic-node3",
        ] [90m-> null[0m[0m
      [31m-[0m[0m source_dest_check                    = true [90m-> null[0m[0m
      [31m-[0m[0m subnet_id                            = "subnet-055764690b8558cd1" [90m-> null[0m[0m
      [31m-[0m[0m tags                                 = {
          [31m-[0m[0m "Name"    = "crossregb447-raft-quic-node3"
          [31m-[0m[0m "Node"    = "node3"
          [31m-[0m[0m "Project" = "raft-quic"
        } [90m-> null[0m[0m
      [31m-[0m[0m tags_all                             = {
          [31m-[0m[0m "Name"    = "crossregb447-raft-quic-node3"
          [31m-[0m[0m "Node"    = "node3"
          [31m-[0m[0m "Project" = "raft-quic"
        } [90m-> null[0m[0m
      [31m-[0m[0m tenancy                              = "default" [90m-> null[0m[0m
      [31m-[0m[0m user_data_replace_on_change          = false [90m-> null[0m[0m
      [31m-[0m[0m vpc_security_group_ids               = [
          [31m-[0m[0m "sg-0802160293e7deddb",
        ] [90m-> null[0m[0m
        [90m# (6 unchanged attributes hidden)[0m[0m

      [31m-[0m[0m capacity_reservation_specification {
          [31m-[0m[0m capacity_reservation_preference = "open" [90m-> null[0m[0m
        }

      [31m-[0m[0m cpu_options {
          [31m-[0m[0m core_count       = 1 [90m-> null[0m[0m
          [31m-[0m[0m threads_per_core = 2 [90m-> null[0m[0m
            [90m# (1 unchanged attribute hidden)[0m[0m
        }

      [31m-[0m[0m credit_specification {
          [31m-[0m[0m cpu_credits = "unlimited" [90m-> null[0m[0m
        }

      [31m-[0m[0m enclave_options {
          [31m-[0m[0m enabled = false [90m-> null[0m[0m
        }

      [31m-[0m[0m maintenance_options {
          [31m-[0m[0m auto_recovery = "default" [90m-> null[0m[0m
        }

      [31m-[0m[0m metadata_options {
          [31m-[0m[0m http_endpoint               = "enabled" [90m-> null[0m[0m
          [31m-[0m[0m http_protocol_ipv6          = "disabled" [90m-> null[0m[0m
          [31m-[0m[0m http_put_response_hop_limit = 2 [90m-> null[0m[0m
          [31m-[0m[0m http_tokens                 = "required" [90m-> null[0m[0m
          [31m-[0m[0m instance_metadata_tags      = "disabled" [90m-> null[0m[0m
        }

      [31m-[0m[0m private_dns_name_options {
          [31m-[0m[0m enable_resource_name_dns_a_record    = false [90m-> null[0m[0m
          [31m-[0m[0m enable_resource_name_dns_aaaa_record = false [90m-> null[0m[0m
          [31m-[0m[0m hostname_type                        = "ip-name" [90m-> null[0m[0m
        }

      [31m-[0m[0m root_block_device {
          [31m-[0m[0m delete_on_termination = true [90m-> null[0m[0m
          [31m-[0m[0m device_name           = "/dev/xvda" [90m-> null[0m[0m
          [31m-[0m[0m encrypted             = false [90m-> null[0m[0m
          [31m-[0m[0m iops                  = 3000 [90m-> null[0m[0m
          [31m-[0m[0m tags                  = {} [90m-> null[0m[0m
          [31m-[0m[0m tags_all              = {} [90m-> null[0m[0m
          [31m-[0m[0m throughput            = 125 [90m-> null[0m[0m
          [31m-[0m[0m volume_id             = "vol-0baa2325172bdb208" [90m-> null[0m[0m
          [31m-[0m[0m volume_size           = 30 [90m-> null[0m[0m
          [31m-[0m[0m volume_type           = "gp3" [90m-> null[0m[0m
            [90m# (1 unchanged attribute hidden)[0m[0m
        }
    }

[1m  # module.node_ap[2].aws_key_pair.raft[0m will be [1m[31mdestroyed[0m
[0m  [31m-[0m[0m resource "aws_key_pair" "raft" {
      [31m-[0m[0m arn             = "arn:aws:ec2:us-east-1:560449670342:key-pair/crossregb447-raft-quic-cross-node3" [90m-> null[0m[0m
      [31m-[0m[0m fingerprint     = "33:f9:76:72:7f:5b:f7:e2:66:2a:2b:78:23:47:8b:1a" [90m-> null[0m[0m
      [31m-[0m[0m id              = "crossregb447-raft-quic-cross-node3" [90m-> null[0m[0m
      [31m-[0m[0m key_name        = "crossregb447-raft-quic-cross-node3" [90m-> null[0m[0m
      [31m-[0m[0m key_pair_id     = "key-08018ce118991437a" [90m-> null[0m[0m
      [31m-[0m[0m key_type        = "rsa" [90m-> null[0m[0m
      [31m-[0m[0m public_key      = "ssh-rsa AAAAB3NzaC1yc2EAAAADAQABAAACAQDXsvAZRTxd0B6vC+qhVs5IuWIZlD3yVcoUkV1jAjzQG6L5Oq+WFtPLTnbNUXg0Kw6rKi891k5DKYwn1sxIUREgSetdElajLoUJirSeC51DI7leHOtkWMo4wmCLo75uN++KvMaOS4VvZUIIghJU4qz0pDdtDzgfXH7sVq4oone9ycNHCo4dDqRKwkGahuZOS9X7Ysyp3zwqCo6gHCGLGKM4yWvmGj3EyDk4Y3xdJs15m1B48rJJhs2j1+7X9PXGxCqLBGD/2dXdekxjoo9Ubc8keNR84qQLhZPl+XnFDYvhGefdcT2y23P4MWtj3hXoLiWaPE71V+kFP1UyYL7e1FulNaIgF9fb3MEJqZ7XamZpi+6Kewbt0BBi15xapVQXlWrN8A2FDQA1w0S2tq3MgqzTJ/tKO7yKvrRml72J1GuEG2PWP8LtLrT1kw/S4wYr+hyruUtmG8R3xDb4WMoI5S5rIGTMrJ8lJRs000x1kqxi7fKeccPBec71vpQ5oqZhxFFcfhJf981kFOsWavEXXCymXksiRqJoXmETR1mZjhQTjGG9sXXMHJSzghkcTMV5M67xiDL9a2RIpQkCs59Hgb6VESsN8pNn44h6Jvlw60cf89FJNHBYYB9SHMhGjOWPt/U/ad5Po6eKAGgGe6+ncsRpZrWEK5YG5j3fvSqsYe/CJw==" [90m-> null[0m[0m
      [31m-[0m[0m tags            = {
          [31m-[0m[0m "Node"    = "node3"
          [31m-[0m[0m "Project" = "raft-quic"
        } [90m-> null[0m[0m
      [31m-[0m[0m tags_all        = {
          [31m-[0m[0m "Node"    = "node3"
          [31m-[0m[0m "Project" = "raft-quic"
        } [90m-> null[0m[0m
        [90m# (1 unchanged attribute hidden)[0m[0m
    }

[1m  # module.node_ap[2].aws_security_group.raft[0m will be [1m[31mdestroyed[0m
[0m  [31m-[0m[0m resource "aws_security_group" "raft" {
      [31m-[0m[0m arn                    = "arn:aws:ec2:us-east-1:560449670342:security-group/sg-0802160293e7deddb" [90m-> null[0m[0m
      [31m-[0m[0m description            = "Raft-over-QUIC cluster node node3" [90m-> null[0m[0m
      [31m-[0m[0m egress                 = [
          [31m-[0m[0m {
              [31m-[0m[0m cidr_blocks      = [
                  [31m-[0m[0m "0.0.0.0/0",
                ]
              [31m-[0m[0m from_port        = 0
              [31m-[0m[0m ipv6_cidr_blocks = []
              [31m-[0m[0m prefix_list_ids  = []
              [31m-[0m[0m protocol         = "-1"
              [31m-[0m[0m security_groups  = []
              [31m-[0m[0m self             = false
              [31m-[0m[0m to_port          = 0
                [90m# (1 unchanged attribute hidden)[0m[0m
            },
        ] [90m-> null[0m[0m
      [31m-[0m[0m id                     = "sg-0802160293e7deddb" [90m-> null[0m[0m
      [31m-[0m[0m ingress                = [
          [31m-[0m[0m {
              [31m-[0m[0m cidr_blocks      = [
                  [31m-[0m[0m "0.0.0.0/0",
                ]
              [31m-[0m[0m from_port        = 22
              [31m-[0m[0m ipv6_cidr_blocks = []
              [31m-[0m[0m prefix_list_ids  = []
              [31m-[0m[0m protocol         = "tcp"
              [31m-[0m[0m security_groups  = []
              [31m-[0m[0m self             = false
              [31m-[0m[0m to_port          = 22
                [90m# (1 unchanged attribute hidden)[0m[0m
            },
          [31m-[0m[0m {
              [31m-[0m[0m cidr_blocks      = [
                  [31m-[0m[0m "0.0.0.0/0",
                ]
              [31m-[0m[0m from_port        = 7001
              [31m-[0m[0m ipv6_cidr_blocks = []
              [31m-[0m[0m prefix_list_ids  = []
              [31m-[0m[0m protocol         = "udp"
              [31m-[0m[0m security_groups  = []
              [31m-[0m[0m self             = false
              [31m-[0m[0m to_port          = 7001
                [90m# (1 unchanged attribute hidden)[0m[0m
            },
          [31m-[0m[0m {
              [31m-[0m[0m cidr_blocks      = [
                  [31m-[0m[0m "0.0.0.0/0",
                ]
              [31m-[0m[0m from_port        = 8001
              [31m-[0m[0m ipv6_cidr_blocks = []
              [31m-[0m[0m prefix_list_ids  = []
              [31m-[0m[0m protocol         = "tcp"
              [31m-[0m[0m security_groups  = []
              [31m-[0m[0m self             = false
              [31m-[0m[0m to_port          = 8001
                [90m# (1 unchanged attribute hidden)[0m[0m
            },
          [31m-[0m[0m {
              [31m-[0m[0m cidr_blocks      = [
                  [31m-[0m[0m "0.0.0.0/0",
                ]
              [31m-[0m[0m from_port        = 9001
              [31m-[0m[0m ipv6_cidr_blocks = []
              [31m-[0m[0m prefix_list_ids  = []
              [31m-[0m[0m protocol         = "tcp"
              [31m-[0m[0m security_groups  = []
              [31m-[0m[0m self             = false
              [31m-[0m[0m to_port          = 9001
                [90m# (1 unchanged attribute hidden)[0m[0m
            },
        ] [90m-> null[0m[0m
      [31m-[0m[0m name                   = "crossregb447-raft-quic-node3" [90m-> null[0m[0m
      [31m-[0m[0m owner_id               = "560449670342" [90m-> null[0m[0m
      [31m-[0m[0m revoke_rules_on_delete = false [90m-> null[0m[0m
      [31m-[0m[0m tags                   = {
          [31m-[0m[0m "Node"    = "node3"
          [31m-[0m[0m "Project" = "raft-quic"
        } [90m-> null[0m[0m
      [31m-[0m[0m tags_all               = {
          [31m-[0m[0m "Node"    = "node3"
          [31m-[0m[0m "Project" = "raft-quic"
        } [90m-> null[0m[0m
      [31m-[0m[0m vpc_id                 = "vpc-0d14d4388abbe65e8" [90m-> null[0m[0m
        [90m# (1 unchanged attribute hidden)[0m[0m
    }

[1m  # module.node_eu[0].aws_iam_instance_profile.raft_ssm[0m will be [1m[31mdestroyed[0m
[0m  [31m-[0m[0m resource "aws_iam_instance_profile" "raft_ssm" {
      [31m-[0m[0m arn         = "arn:aws:iam::560449670342:instance-profile/crossregb447-raft-quic-cross-ssm-node6" [90m-> null[0m[0m
      [31m-[0m[0m create_date = "2026-04-20T17:58:06Z" [90m-> null[0m[0m
      [31m-[0m[0m id          = "crossregb447-raft-quic-cross-ssm-node6" [90m-> null[0m[0m
      [31m-[0m[0m name        = "crossregb447-raft-quic-cross-ssm-node6" [90m-> null[0m[0m
      [31m-[0m[0m path        = "/" [90m-> null[0m[0m
      [31m-[0m[0m role        = "crossregb447-raft-quic-cross-ssm-node6" [90m-> null[0m[0m
      [31m-[0m[0m tags        = {} [90m-> null[0m[0m
      [31m-[0m[0m tags_all    = {} [90m-> null[0m[0m
      [31m-[0m[0m unique_id   = "AIPAYE7LHJTDLEBGCVMBH" [90m-> null[0m[0m
        [90m# (1 unchanged attribute hidden)[0m[0m
    }

[1m  # module.node_eu[0].aws_iam_role.raft_ssm[0m will be [1m[31mdestroyed[0m
[0m  [31m-[0m[0m resource "aws_iam_role" "raft_ssm" {
      [31m-[0m[0m arn                   = "arn:aws:iam::560449670342:role/crossregb447-raft-quic-cross-ssm-node6" [90m-> null[0m[0m
      [31m-[0m[0m assume_role_policy    = jsonencode(
            {
              [31m-[0m[0m Statement = [
                  [31m-[0m[0m {
                      [31m-[0m[0m Action    = "sts:AssumeRole"
                      [31m-[0m[0m Effect    = "Allow"
                      [31m-[0m[0m Principal = {
                          [31m-[0m[0m Service = "ec2.amazonaws.com"
                        }
                    },
                ]
              [31m-[0m[0m Version   = "2012-10-17"
            }
        ) [90m-> null[0m[0m
      [31m-[0m[0m create_date           = "2026-04-20T17:58:01Z" [90m-> null[0m[0m
      [31m-[0m[0m force_detach_policies = false [90m-> null[0m[0m
      [31m-[0m[0m id                    = "crossregb447-raft-quic-cross-ssm-node6" [90m-> null[0m[0m
      [31m-[0m[0m managed_policy_arns   = [
          [31m-[0m[0m "arn:aws:iam::aws:policy/AmazonSSMManagedInstanceCore",
        ] [90m-> null[0m[0m
      [31m-[0m[0m max_session_duration  = 3600 [90m-> null[0m[0m
      [31m-[0m[0m name                  = "crossregb447-raft-quic-cross-ssm-node6" [90m-> null[0m[0m
      [31m-[0m[0m path                  = "/" [90m-> null[0m[0m
      [31m-[0m[0m tags                  = {
          [31m-[0m[0m "Node"    = "node6"
          [31m-[0m[0m "Project" = "raft-quic"
        } [90m-> null[0m[0m
      [31m-[0m[0m tags_all              = {
          [31m-[0m[0m "Node"    = "node6"
          [31m-[0m[0m "Project" = "raft-quic"
        } [90m-> null[0m[0m
      [31m-[0m[0m unique_id             = "AROAYE7LHJTDOYLBAIQQJ" [90m-> null[0m[0m
        [90m# (3 unchanged attributes hidden)[0m[0m
    }

[1m  # module.node_eu[0].aws_iam_role_policy_attachment.ssm_core[0m will be [1m[31mdestroyed[0m
[0m  [31m-[0m[0m resource "aws_iam_role_policy_attachment" "ssm_core" {
      [31m-[0m[0m id         = "crossregb447-raft-quic-cross-ssm-node6-20260420175807404100000001" [90m-> null[0m[0m
      [31m-[0m[0m policy_arn = "arn:aws:iam::aws:policy/AmazonSSMManagedInstanceCore" [90m-> null[0m[0m
      [31m-[0m[0m role       = "crossregb447-raft-quic-cross-ssm-node6" [90m-> null[0m[0m
    }

[1m  # module.node_eu[0].aws_instance.node[0m will be [1m[31mdestroyed[0m
[0m  [31m-[0m[0m resource "aws_instance" "node" {
      [31m-[0m[0m ami                                  = "ami-07f4d6f1cf436d5e9" [90m-> null[0m[0m
      [31m-[0m[0m arn                                  = "arn:aws:ec2:eu-west-1:560449670342:instance/i-07b52a7df97079481" [90m-> null[0m[0m
      [31m-[0m[0m associate_public_ip_address          = true [90m-> null[0m[0m
      [31m-[0m[0m availability_zone                    = "eu-west-1b" [90m-> null[0m[0m
      [31m-[0m[0m cpu_core_count                       = 1 [90m-> null[0m[0m
      [31m-[0m[0m cpu_threads_per_core                 = 2 [90m-> null[0m[0m
      [31m-[0m[0m disable_api_stop                     = false [90m-> null[0m[0m
      [31m-[0m[0m disable_api_termination              = false [90m-> null[0m[0m
      [31m-[0m[0m ebs_optimized                        = false [90m-> null[0m[0m
      [31m-[0m[0m get_password_data                    = false [90m-> null[0m[0m
      [31m-[0m[0m hibernation                          = false [90m-> null[0m[0m
      [31m-[0m[0m iam_instance_profile                 = "crossregb447-raft-quic-cross-ssm-node6" [90m-> null[0m[0m
      [31m-[0m[0m id                                   = "i-07b52a7df97079481" [90m-> null[0m[0m
      [31m-[0m[0m instance_initiated_shutdown_behavior = "stop" [90m-> null[0m[0m
      [31m-[0m[0m instance_state                       = "running" [90m-> null[0m[0m
      [31m-[0m[0m instance_type                        = "t3.micro" [90m-> null[0m[0m
      [31m-[0m[0m ipv6_address_count                   = 0 [90m-> null[0m[0m
      [31m-[0m[0m ipv6_addresses                       = [] [90m-> null[0m[0m
      [31m-[0m[0m key_name                             = "crossregb447-raft-quic-cross-node6" [90m-> null[0m[0m
      [31m-[0m[0m monitoring                           = false [90m-> null[0m[0m
      [31m-[0m[0m placement_partition_number           = 0 [90m-> null[0m[0m
      [31m-[0m[0m primary_network_interface_id         = "eni-091f94768067f99f6" [90m-> null[0m[0m
      [31m-[0m[0m private_dns                          = "ip-172-31-47-198.eu-west-1.compute.internal" [90m-> null[0m[0m
      [31m-[0m[0m private_ip                           = "172.31.47.198" [90m-> null[0m[0m
      [31m-[0m[0m public_dns                           = "ec2-18-203-251-141.eu-west-1.compute.amazonaws.com" [90m-> null[0m[0m
      [31m-[0m[0m public_ip                            = "18.203.251.141" [90m-> null[0m[0m
      [31m-[0m[0m secondary_private_ips                = [] [90m-> null[0m[0m
      [31m-[0m[0m security_groups                      = [
          [31m-[0m[0m "crossregb447-raft-quic-node6",
        ] [90m-> null[0m[0m
      [31m-[0m[0m source_dest_check                    = true [90m-> null[0m[0m
      [31m-[0m[0m subnet_id                            = "subnet-0d0ac1d17ace8bf29" [90m-> null[0m[0m
      [31m-[0m[0m tags                                 = {
          [31m-[0m[0m "Name"    = "crossregb447-raft-quic-node6"
          [31m-[0m[0m "Node"    = "node6"
          [31m-[0m[0m "Project" = "raft-quic"
        } [90m-> null[0m[0m
      [31m-[0m[0m tags_all                             = {
          [31m-[0m[0m "Name"    = "crossregb447-raft-quic-node6"
          [31m-[0m[0m "Node"    = "node6"
          [31m-[0m[0m "Project" = "raft-quic"
        } [90m-> null[0m[0m
      [31m-[0m[0m tenancy                              = "default" [90m-> null[0m[0m
      [31m-[0m[0m user_data_replace_on_change          = false [90m-> null[0m[0m
      [31m-[0m[0m vpc_security_group_ids               = [
          [31m-[0m[0m "sg-0a64aaa1e434cec4f",
        ] [90m-> null[0m[0m
        [90m# (6 unchanged attributes hidden)[0m[0m

      [31m-[0m[0m capacity_reservation_specification {
          [31m-[0m[0m capacity_reservation_preference = "open" [90m-> null[0m[0m
        }

      [31m-[0m[0m cpu_options {
          [31m-[0m[0m core_count       = 1 [90m-> null[0m[0m
          [31m-[0m[0m threads_per_core = 2 [90m-> null[0m[0m
            [90m# (1 unchanged attribute hidden)[0m[0m
        }

      [31m-[0m[0m credit_specification {
          [31m-[0m[0m cpu_credits = "unlimited" [90m-> null[0m[0m
        }

      [31m-[0m[0m enclave_options {
          [31m-[0m[0m enabled = false [90m-> null[0m[0m
        }

      [31m-[0m[0m maintenance_options {
          [31m-[0m[0m auto_recovery = "default" [90m-> null[0m[0m
        }

      [31m-[0m[0m metadata_options {
          [31m-[0m[0m http_endpoint               = "enabled" [90m-> null[0m[0m
          [31m-[0m[0m http_protocol_ipv6          = "disabled" [90m-> null[0m[0m
          [31m-[0m[0m http_put_response_hop_limit = 2 [90m-> null[0m[0m
          [31m-[0m[0m http_tokens                 = "required" [90m-> null[0m[0m
          [31m-[0m[0m instance_metadata_tags      = "disabled" [90m-> null[0m[0m
        }

      [31m-[0m[0m private_dns_name_options {
          [31m-[0m[0m enable_resource_name_dns_a_record    = false [90m-> null[0m[0m
          [31m-[0m[0m enable_resource_name_dns_aaaa_record = false [90m-> null[0m[0m
          [31m-[0m[0m hostname_type                        = "ip-name" [90m-> null[0m[0m
        }

      [31m-[0m[0m root_block_device {
          [31m-[0m[0m delete_on_termination = true [90m-> null[0m[0m
          [31m-[0m[0m device_name           = "/dev/xvda" [90m-> null[0m[0m
          [31m-[0m[0m encrypted             = false [90m-> null[0m[0m
          [31m-[0m[0m iops                  = 3000 [90m-> null[0m[0m
          [31m-[0m[0m tags                  = {} [90m-> null[0m[0m
          [31m-[0m[0m tags_all              = {} [90m-> null[0m[0m
          [31m-[0m[0m throughput            = 125 [90m-> null[0m[0m
          [31m-[0m[0m volume_id             = "vol-0b4ee1e8401a0542b" [90m-> null[0m[0m
          [31m-[0m[0m volume_size           = 30 [90m-> null[0m[0m
          [31m-[0m[0m volume_type           = "gp3" [90m-> null[0m[0m
            [90m# (1 unchanged attribute hidden)[0m[0m
        }
    }

[1m  # module.node_eu[0].aws_key_pair.raft[0m will be [1m[31mdestroyed[0m
[0m  [31m-[0m[0m resource "aws_key_pair" "raft" {
      [31m-[0m[0m arn             = "arn:aws:ec2:eu-west-1:560449670342:key-pair/crossregb447-raft-quic-cross-node6" [90m-> null[0m[0m
      [31m-[0m[0m fingerprint     = "33:f9:76:72:7f:5b:f7:e2:66:2a:2b:78:23:47:8b:1a" [90m-> null[0m[0m
      [31m-[0m[0m id              = "crossregb447-raft-quic-cross-node6" [90m-> null[0m[0m
      [31m-[0m[0m key_name        = "crossregb447-raft-quic-cross-node6" [90m-> null[0m[0m
      [31m-[0m[0m key_pair_id     = "key-0f3cb9ba342b94015" [90m-> null[0m[0m
      [31m-[0m[0m key_type        = "rsa" [90m-> null[0m[0m
      [31m-[0m[0m public_key      = "ssh-rsa AAAAB3NzaC1yc2EAAAADAQABAAACAQDXsvAZRTxd0B6vC+qhVs5IuWIZlD3yVcoUkV1jAjzQG6L5Oq+WFtPLTnbNUXg0Kw6rKi891k5DKYwn1sxIUREgSetdElajLoUJirSeC51DI7leHOtkWMo4wmCLo75uN++KvMaOS4VvZUIIghJU4qz0pDdtDzgfXH7sVq4oone9ycNHCo4dDqRKwkGahuZOS9X7Ysyp3zwqCo6gHCGLGKM4yWvmGj3EyDk4Y3xdJs15m1B48rJJhs2j1+7X9PXGxCqLBGD/2dXdekxjoo9Ubc8keNR84qQLhZPl+XnFDYvhGefdcT2y23P4MWtj3hXoLiWaPE71V+kFP1UyYL7e1FulNaIgF9fb3MEJqZ7XamZpi+6Kewbt0BBi15xapVQXlWrN8A2FDQA1w0S2tq3MgqzTJ/tKO7yKvrRml72J1GuEG2PWP8LtLrT1kw/S4wYr+hyruUtmG8R3xDb4WMoI5S5rIGTMrJ8lJRs000x1kqxi7fKeccPBec71vpQ5oqZhxFFcfhJf981kFOsWavEXXCymXksiRqJoXmETR1mZjhQTjGG9sXXMHJSzghkcTMV5M67xiDL9a2RIpQkCs59Hgb6VESsN8pNn44h6Jvlw60cf89FJNHBYYB9SHMhGjOWPt/U/ad5Po6eKAGgGe6+ncsRpZrWEK5YG5j3fvSqsYe/CJw==" [90m-> null[0m[0m
      [31m-[0m[0m tags            = {
          [31m-[0m[0m "Node"    = "node6"
          [31m-[0m[0m "Project" = "raft-quic"
        } [90m-> null[0m[0m
      [31m-[0m[0m tags_all        = {
          [31m-[0m[0m "Node"    = "node6"
          [31m-[0m[0m "Project" = "raft-quic"
        } [90m-> null[0m[0m
        [90m# (1 unchanged attribute hidden)[0m[0m
    }

[1m  # module.node_eu[0].aws_security_group.raft[0m will be [1m[31mdestroyed[0m
[0m  [31m-[0m[0m resource "aws_security_group" "raft" {
      [31m-[0m[0m arn                    = "arn:aws:ec2:eu-west-1:560449670342:security-group/sg-0a64aaa1e434cec4f" [90m-> null[0m[0m
      [31m-[0m[0m description            = "Raft-over-QUIC cluster node node6" [90m-> null[0m[0m
      [31m-[0m[0m egress                 = [
          [31m-[0m[0m {
              [31m-[0m[0m cidr_blocks      = [
                  [31m-[0m[0m "0.0.0.0/0",
                ]
              [31m-[0m[0m from_port        = 0
              [31m-[0m[0m ipv6_cidr_blocks = []
              [31m-[0m[0m prefix_list_ids  = []
              [31m-[0m[0m protocol         = "-1"
              [31m-[0m[0m security_groups  = []
              [31m-[0m[0m self             = false
              [31m-[0m[0m to_port          = 0
                [90m# (1 unchanged attribute hidden)[0m[0m
            },
        ] [90m-> null[0m[0m
      [31m-[0m[0m id                     = "sg-0a64aaa1e434cec4f" [90m-> null[0m[0m
      [31m-[0m[0m ingress                = [
          [31m-[0m[0m {
              [31m-[0m[0m cidr_blocks      = [
                  [31m-[0m[0m "0.0.0.0/0",
                ]
              [31m-[0m[0m from_port        = 22
              [31m-[0m[0m ipv6_cidr_blocks = []
              [31m-[0m[0m prefix_list_ids  = []
              [31m-[0m[0m protocol         = "tcp"
              [31m-[0m[0m security_groups  = []
              [31m-[0m[0m self             = false
              [31m-[0m[0m to_port          = 22
                [90m# (1 unchanged attribute hidden)[0m[0m
            },
          [31m-[0m[0m {
              [31m-[0m[0m cidr_blocks      = [
                  [31m-[0m[0m "0.0.0.0/0",
                ]
              [31m-[0m[0m from_port        = 7001
              [31m-[0m[0m ipv6_cidr_blocks = []
              [31m-[0m[0m prefix_list_ids  = []
              [31m-[0m[0m protocol         = "udp"
              [31m-[0m[0m security_groups  = []
              [31m-[0m[0m self             = false
              [31m-[0m[0m to_port          = 7001
                [90m# (1 unchanged attribute hidden)[0m[0m
            },
          [31m-[0m[0m {
              [31m-[0m[0m cidr_blocks      = [
                  [31m-[0m[0m "0.0.0.0/0",
                ]
              [31m-[0m[0m from_port        = 8001
              [31m-[0m[0m ipv6_cidr_blocks = []
              [31m-[0m[0m prefix_list_ids  = []
              [31m-[0m[0m protocol         = "tcp"
              [31m-[0m[0m security_groups  = []
              [31m-[0m[0m self             = false
              [31m-[0m[0m to_port          = 8001
                [90m# (1 unchanged attribute hidden)[0m[0m
            },
          [31m-[0m[0m {
              [31m-[0m[0m cidr_blocks      = [
                  [31m-[0m[0m "0.0.0.0/0",
                ]
              [31m-[0m[0m from_port        = 9001
              [31m-[0m[0m ipv6_cidr_blocks = []
              [31m-[0m[0m prefix_list_ids  = []
              [31m-[0m[0m protocol         = "tcp"
              [31m-[0m[0m security_groups  = []
              [31m-[0m[0m self             = false
              [31m-[0m[0m to_port          = 9001
                [90m# (1 unchanged attribute hidden)[0m[0m
            },
        ] [90m-> null[0m[0m
      [31m-[0m[0m name                   = "crossregb447-raft-quic-node6" [90m-> null[0m[0m
      [31m-[0m[0m owner_id               = "560449670342" [90m-> null[0m[0m
      [31m-[0m[0m revoke_rules_on_delete = false [90m-> null[0m[0m
      [31m-[0m[0m tags                   = {
          [31m-[0m[0m "Node"    = "node6"
          [31m-[0m[0m "Project" = "raft-quic"
        } [90m-> null[0m[0m
      [31m-[0m[0m tags_all               = {
          [31m-[0m[0m "Node"    = "node6"
          [31m-[0m[0m "Project" = "raft-quic"
        } [90m-> null[0m[0m
      [31m-[0m[0m vpc_id                 = "vpc-0dc506a69df1e5536" [90m-> null[0m[0m
        [90m# (1 unchanged attribute hidden)[0m[0m
    }

[1m  # module.node_eu[1].aws_iam_instance_profile.raft_ssm[0m will be [1m[31mdestroyed[0m
[0m  [31m-[0m[0m resource "aws_iam_instance_profile" "raft_ssm" {
      [31m-[0m[0m arn         = "arn:aws:iam::560449670342:instance-profile/crossregb447-raft-quic-cross-ssm-node7" [90m-> null[0m[0m
      [31m-[0m[0m create_date = "2026-04-20T17:58:07Z" [90m-> null[0m[0m
      [31m-[0m[0m id          = "crossregb447-raft-quic-cross-ssm-node7" [90m-> null[0m[0m
      [31m-[0m[0m name        = "crossregb447-raft-quic-cross-ssm-node7" [90m-> null[0m[0m
      [31m-[0m[0m path        = "/" [90m-> null[0m[0m
      [31m-[0m[0m role        = "crossregb447-raft-quic-cross-ssm-node7" [90m-> null[0m[0m
      [31m-[0m[0m tags        = {} [90m-> null[0m[0m
      [31m-[0m[0m tags_all    = {} [90m-> null[0m[0m
      [31m-[0m[0m unique_id   = "AIPAYE7LHJTDJSMDSQUAB" [90m-> null[0m[0m
        [90m# (1 unchanged attribute hidden)[0m[0m
    }

[1m  # module.node_eu[1].aws_iam_role.raft_ssm[0m will be [1m[31mdestroyed[0m
[0m  [31m-[0m[0m resource "aws_iam_role" "raft_ssm" {
      [31m-[0m[0m arn                   = "arn:aws:iam::560449670342:role/crossregb447-raft-quic-cross-ssm-node7" [90m-> null[0m[0m
      [31m-[0m[0m assume_role_policy    = jsonencode(
            {
              [31m-[0m[0m Statement = [
                  [31m-[0m[0m {
                      [31m-[0m[0m Action    = "sts:AssumeRole"
                      [31m-[0m[0m Effect    = "Allow"
                      [31m-[0m[0m Principal = {
                          [31m-[0m[0m Service = "ec2.amazonaws.com"
                        }
                    },
                ]
              [31m-[0m[0m Version   = "2012-10-17"
            }
        ) [90m-> null[0m[0m
      [31m-[0m[0m create_date           = "2026-04-20T17:58:01Z" [90m-> null[0m[0m
      [31m-[0m[0m force_detach_policies = false [90m-> null[0m[0m
      [31m-[0m[0m id                    = "crossregb447-raft-quic-cross-ssm-node7" [90m-> null[0m[0m
      [31m-[0m[0m managed_policy_arns   = [
          [31m-[0m[0m "arn:aws:iam::aws:policy/AmazonSSMManagedInstanceCore",
        ] [90m-> null[0m[0m
      [31m-[0m[0m max_session_duration  = 3600 [90m-> null[0m[0m
      [31m-[0m[0m name                  = "crossregb447-raft-quic-cross-ssm-node7" [90m-> null[0m[0m
      [31m-[0m[0m path                  = "/" [90m-> null[0m[0m
      [31m-[0m[0m tags                  = {
          [31m-[0m[0m "Node"    = "node7"
          [31m-[0m[0m "Project" = "raft-quic"
        } [90m-> null[0m[0m
      [31m-[0m[0m tags_all              = {
          [31m-[0m[0m "Node"    = "node7"
          [31m-[0m[0m "Project" = "raft-quic"
        } [90m-> null[0m[0m
      [31m-[0m[0m unique_id             = "AROAYE7LHJTDM7C6EU3KX" [90m-> null[0m[0m
        [90m# (3 unchanged attributes hidden)[0m[0m
    }

[1m  # module.node_eu[1].aws_iam_role_policy_attachment.ssm_core[0m will be [1m[31mdestroyed[0m
[0m  [31m-[0m[0m resource "aws_iam_role_policy_attachment" "ssm_core" {
      [31m-[0m[0m id         = "crossregb447-raft-quic-cross-ssm-node7-20260420175807435100000002" [90m-> null[0m[0m
      [31m-[0m[0m policy_arn = "arn:aws:iam::aws:policy/AmazonSSMManagedInstanceCore" [90m-> null[0m[0m
      [31m-[0m[0m role       = "crossregb447-raft-quic-cross-ssm-node7" [90m-> null[0m[0m
    }

[1m  # module.node_eu[1].aws_instance.node[0m will be [1m[31mdestroyed[0m
[0m  [31m-[0m[0m resource "aws_instance" "node" {
      [31m-[0m[0m ami                                  = "ami-07f4d6f1cf436d5e9" [90m-> null[0m[0m
      [31m-[0m[0m arn                                  = "arn:aws:ec2:eu-west-1:560449670342:instance/i-0b574d65e403fe5e8" [90m-> null[0m[0m
      [31m-[0m[0m associate_public_ip_address          = true [90m-> null[0m[0m
      [31m-[0m[0m availability_zone                    = "eu-west-1b" [90m-> null[0m[0m
      [31m-[0m[0m cpu_core_count                       = 1 [90m-> null[0m[0m
      [31m-[0m[0m cpu_threads_per_core                 = 2 [90m-> null[0m[0m
      [31m-[0m[0m disable_api_stop                     = false [90m-> null[0m[0m
      [31m-[0m[0m disable_api_termination              = false [90m-> null[0m[0m
      [31m-[0m[0m ebs_optimized                        = false [90m-> null[0m[0m
      [31m-[0m[0m get_password_data                    = false [90m-> null[0m[0m
      [31m-[0m[0m hibernation                          = false [90m-> null[0m[0m
      [31m-[0m[0m iam_instance_profile                 = "crossregb447-raft-quic-cross-ssm-node7" [90m-> null[0m[0m
      [31m-[0m[0m id                                   = "i-0b574d65e403fe5e8" [90m-> null[0m[0m
      [31m-[0m[0m instance_initiated_shutdown_behavior = "stop" [90m-> null[0m[0m
      [31m-[0m[0m instance_state                       = "running" [90m-> null[0m[0m
      [31m-[0m[0m instance_type                        = "t3.micro" [90m-> null[0m[0m
      [31m-[0m[0m ipv6_address_count                   = 0 [90m-> null[0m[0m
      [31m-[0m[0m ipv6_addresses                       = [] [90m-> null[0m[0m
      [31m-[0m[0m key_name                             = "crossregb447-raft-quic-cross-node7" [90m-> null[0m[0m
      [31m-[0m[0m monitoring                           = false [90m-> null[0m[0m
      [31m-[0m[0m placement_partition_number           = 0 [90m-> null[0m[0m
      [31m-[0m[0m primary_network_interface_id         = "eni-0005bab705e9d8182" [90m-> null[0m[0m
      [31m-[0m[0m private_dns                          = "ip-172-31-37-82.eu-west-1.compute.internal" [90m-> null[0m[0m
      [31m-[0m[0m private_ip                           = "172.31.37.82" [90m-> null[0m[0m
      [31m-[0m[0m public_dns                           = "ec2-108-129-178-151.eu-west-1.compute.amazonaws.com" [90m-> null[0m[0m
      [31m-[0m[0m public_ip                            = "108.129.178.151" [90m-> null[0m[0m
      [31m-[0m[0m secondary_private_ips                = [] [90m-> null[0m[0m
      [31m-[0m[0m security_groups                      = [
          [31m-[0m[0m "crossregb447-raft-quic-node7",
        ] [90m-> null[0m[0m
      [31m-[0m[0m source_dest_check                    = true [90m-> null[0m[0m
      [31m-[0m[0m subnet_id                            = "subnet-0d0ac1d17ace8bf29" [90m-> null[0m[0m
      [31m-[0m[0m tags                                 = {
          [31m-[0m[0m "Name"    = "crossregb447-raft-quic-node7"
          [31m-[0m[0m "Node"    = "node7"
          [31m-[0m[0m "Project" = "raft-quic"
        } [90m-> null[0m[0m
      [31m-[0m[0m tags_all                             = {
          [31m-[0m[0m "Name"    = "crossregb447-raft-quic-node7"
          [31m-[0m[0m "Node"    = "node7"
          [31m-[0m[0m "Project" = "raft-quic"
        } [90m-> null[0m[0m
      [31m-[0m[0m tenancy                              = "default" [90m-> null[0m[0m
      [31m-[0m[0m user_data_replace_on_change          = false [90m-> null[0m[0m
      [31m-[0m[0m vpc_security_group_ids               = [
          [31m-[0m[0m "sg-06f3374a427f9e245",
        ] [90m-> null[0m[0m
        [90m# (6 unchanged attributes hidden)[0m[0m

      [31m-[0m[0m capacity_reservation_specification {
          [31m-[0m[0m capacity_reservation_preference = "open" [90m-> null[0m[0m
        }

      [31m-[0m[0m cpu_options {
          [31m-[0m[0m core_count       = 1 [90m-> null[0m[0m
          [31m-[0m[0m threads_per_core = 2 [90m-> null[0m[0m
            [90m# (1 unchanged attribute hidden)[0m[0m
        }

      [31m-[0m[0m credit_specification {
          [31m-[0m[0m cpu_credits = "unlimited" [90m-> null[0m[0m
        }

      [31m-[0m[0m enclave_options {
          [31m-[0m[0m enabled = false [90m-> null[0m[0m
        }

      [31m-[0m[0m maintenance_options {
          [31m-[0m[0m auto_recovery = "default" [90m-> null[0m[0m
        }

      [31m-[0m[0m metadata_options {
          [31m-[0m[0m http_endpoint               = "enabled" [90m-> null[0m[0m
          [31m-[0m[0m http_protocol_ipv6          = "disabled" [90m-> null[0m[0m
          [31m-[0m[0m http_put_response_hop_limit = 2 [90m-> null[0m[0m
          [31m-[0m[0m http_tokens                 = "required" [90m-> null[0m[0m
          [31m-[0m[0m instance_metadata_tags      = "disabled" [90m-> null[0m[0m
        }

      [31m-[0m[0m private_dns_name_options {
          [31m-[0m[0m enable_resource_name_dns_a_record    = false [90m-> null[0m[0m
          [31m-[0m[0m enable_resource_name_dns_aaaa_record = false [90m-> null[0m[0m
          [31m-[0m[0m hostname_type                        = "ip-name" [90m-> null[0m[0m
        }

      [31m-[0m[0m root_block_device {
          [31m-[0m[0m delete_on_termination = true [90m-> null[0m[0m
          [31m-[0m[0m device_name           = "/dev/xvda" [90m-> null[0m[0m
          [31m-[0m[0m encrypted             = false [90m-> null[0m[0m
          [31m-[0m[0m iops                  = 3000 [90m-> null[0m[0m
          [31m-[0m[0m tags                  = {} [90m-> null[0m[0m
          [31m-[0m[0m tags_all              = {} [90m-> null[0m[0m
          [31m-[0m[0m throughput            = 125 [90m-> null[0m[0m
          [31m-[0m[0m volume_id             = "vol-07d4f17de3bc64e31" [90m-> null[0m[0m
          [31m-[0m[0m volume_size           = 30 [90m-> null[0m[0m
          [31m-[0m[0m volume_type           = "gp3" [90m-> null[0m[0m
            [90m# (1 unchanged attribute hidden)[0m[0m
        }
    }

[1m  # module.node_eu[1].aws_key_pair.raft[0m will be [1m[31mdestroyed[0m
[0m  [31m-[0m[0m resource "aws_key_pair" "raft" {
      [31m-[0m[0m arn             = "arn:aws:ec2:eu-west-1:560449670342:key-pair/crossregb447-raft-quic-cross-node7" [90m-> null[0m[0m
      [31m-[0m[0m fingerprint     = "33:f9:76:72:7f:5b:f7:e2:66:2a:2b:78:23:47:8b:1a" [90m-> null[0m[0m
      [31m-[0m[0m id              = "crossregb447-raft-quic-cross-node7" [90m-> null[0m[0m
      [31m-[0m[0m key_name        = "crossregb447-raft-quic-cross-node7" [90m-> null[0m[0m
      [31m-[0m[0m key_pair_id     = "key-03156d8d372aafc5e" [90m-> null[0m[0m
      [31m-[0m[0m key_type        = "rsa" [90m-> null[0m[0m
      [31m-[0m[0m public_key      = "ssh-rsa AAAAB3NzaC1yc2EAAAADAQABAAACAQDXsvAZRTxd0B6vC+qhVs5IuWIZlD3yVcoUkV1jAjzQG6L5Oq+WFtPLTnbNUXg0Kw6rKi891k5DKYwn1sxIUREgSetdElajLoUJirSeC51DI7leHOtkWMo4wmCLo75uN++KvMaOS4VvZUIIghJU4qz0pDdtDzgfXH7sVq4oone9ycNHCo4dDqRKwkGahuZOS9X7Ysyp3zwqCo6gHCGLGKM4yWvmGj3EyDk4Y3xdJs15m1B48rJJhs2j1+7X9PXGxCqLBGD/2dXdekxjoo9Ubc8keNR84qQLhZPl+XnFDYvhGefdcT2y23P4MWtj3hXoLiWaPE71V+kFP1UyYL7e1FulNaIgF9fb3MEJqZ7XamZpi+6Kewbt0BBi15xapVQXlWrN8A2FDQA1w0S2tq3MgqzTJ/tKO7yKvrRml72J1GuEG2PWP8LtLrT1kw/S4wYr+hyruUtmG8R3xDb4WMoI5S5rIGTMrJ8lJRs000x1kqxi7fKeccPBec71vpQ5oqZhxFFcfhJf981kFOsWavEXXCymXksiRqJoXmETR1mZjhQTjGG9sXXMHJSzghkcTMV5M67xiDL9a2RIpQkCs59Hgb6VESsN8pNn44h6Jvlw60cf89FJNHBYYB9SHMhGjOWPt/U/ad5Po6eKAGgGe6+ncsRpZrWEK5YG5j3fvSqsYe/CJw==" [90m-> null[0m[0m
      [31m-[0m[0m tags            = {
          [31m-[0m[0m "Node"    = "node7"
          [31m-[0m[0m "Project" = "raft-quic"
        } [90m-> null[0m[0m
      [31m-[0m[0m tags_all        = {
          [31m-[0m[0m "Node"    = "node7"
          [31m-[0m[0m "Project" = "raft-quic"
        } [90m-> null[0m[0m
        [90m# (1 unchanged attribute hidden)[0m[0m
    }

[1m  # module.node_eu[1].aws_security_group.raft[0m will be [1m[31mdestroyed[0m
[0m  [31m-[0m[0m resource "aws_security_group" "raft" {
      [31m-[0m[0m arn                    = "arn:aws:ec2:eu-west-1:560449670342:security-group/sg-06f3374a427f9e245" [90m-> null[0m[0m
      [31m-[0m[0m description            = "Raft-over-QUIC cluster node node7" [90m-> null[0m[0m
      [31m-[0m[0m egress                 = [
          [31m-[0m[0m {
              [31m-[0m[0m cidr_blocks      = [
                  [31m-[0m[0m "0.0.0.0/0",
                ]
              [31m-[0m[0m from_port        = 0
              [31m-[0m[0m ipv6_cidr_blocks = []
              [31m-[0m[0m prefix_list_ids  = []
              [31m-[0m[0m protocol         = "-1"
              [31m-[0m[0m security_groups  = []
              [31m-[0m[0m self             = false
              [31m-[0m[0m to_port          = 0
                [90m# (1 unchanged attribute hidden)[0m[0m
            },
        ] [90m-> null[0m[0m
      [31m-[0m[0m id                     = "sg-06f3374a427f9e245" [90m-> null[0m[0m
      [31m-[0m[0m ingress                = [
          [31m-[0m[0m {
              [31m-[0m[0m cidr_blocks      = [
                  [31m-[0m[0m "0.0.0.0/0",
                ]
              [31m-[0m[0m from_port        = 22
              [31m-[0m[0m ipv6_cidr_blocks = []
              [31m-[0m[0m prefix_list_ids  = []
              [31m-[0m[0m protocol         = "tcp"
              [31m-[0m[0m security_groups  = []
              [31m-[0m[0m self             = false
              [31m-[0m[0m to_port          = 22
                [90m# (1 unchanged attribute hidden)[0m[0m
            },
          [31m-[0m[0m {
              [31m-[0m[0m cidr_blocks      = [
                  [31m-[0m[0m "0.0.0.0/0",
                ]
              [31m-[0m[0m from_port        = 7001
              [31m-[0m[0m ipv6_cidr_blocks = []
              [31m-[0m[0m prefix_list_ids  = []
              [31m-[0m[0m protocol         = "udp"
              [31m-[0m[0m security_groups  = []
              [31m-[0m[0m self             = false
              [31m-[0m[0m to_port          = 7001
                [90m# (1 unchanged attribute hidden)[0m[0m
            },
          [31m-[0m[0m {
              [31m-[0m[0m cidr_blocks      = [
                  [31m-[0m[0m "0.0.0.0/0",
                ]
              [31m-[0m[0m from_port        = 8001
              [31m-[0m[0m ipv6_cidr_blocks = []
              [31m-[0m[0m prefix_list_ids  = []
              [31m-[0m[0m protocol         = "tcp"
              [31m-[0m[0m security_groups  = []
              [31m-[0m[0m self             = false
              [31m-[0m[0m to_port          = 8001
                [90m# (1 unchanged attribute hidden)[0m[0m
            },
          [31m-[0m[0m {
              [31m-[0m[0m cidr_blocks      = [
                  [31m-[0m[0m "0.0.0.0/0",
                ]
              [31m-[0m[0m from_port        = 9001
              [31m-[0m[0m ipv6_cidr_blocks = []
              [31m-[0m[0m prefix_list_ids  = []
              [31m-[0m[0m protocol         = "tcp"
              [31m-[0m[0m security_groups  = []
              [31m-[0m[0m self             = false
              [31m-[0m[0m to_port          = 9001
                [90m# (1 unchanged attribute hidden)[0m[0m
            },
        ] [90m-> null[0m[0m
      [31m-[0m[0m name                   = "crossregb447-raft-quic-node7" [90m-> null[0m[0m
      [31m-[0m[0m owner_id               = "560449670342" [90m-> null[0m[0m
      [31m-[0m[0m revoke_rules_on_delete = false [90m-> null[0m[0m
      [31m-[0m[0m tags                   = {
          [31m-[0m[0m "Node"    = "node7"
          [31m-[0m[0m "Project" = "raft-quic"
        } [90m-> null[0m[0m
      [31m-[0m[0m tags_all               = {
          [31m-[0m[0m "Node"    = "node7"
          [31m-[0m[0m "Project" = "raft-quic"
        } [90m-> null[0m[0m
      [31m-[0m[0m vpc_id                 = "vpc-0dc506a69df1e5536" [90m-> null[0m[0m
        [90m# (1 unchanged attribute hidden)[0m[0m
    }

[1m  # module.node_us[0].aws_iam_instance_profile.raft_ssm[0m will be [1m[31mdestroyed[0m
[0m  [31m-[0m[0m resource "aws_iam_instance_profile" "raft_ssm" {
      [31m-[0m[0m arn         = "arn:aws:iam::560449670342:instance-profile/crossregb447-raft-quic-cross-ssm-node4" [90m-> null[0m[0m
      [31m-[0m[0m create_date = "2026-04-20T17:58:08Z" [90m-> null[0m[0m
      [31m-[0m[0m id          = "crossregb447-raft-quic-cross-ssm-node4" [90m-> null[0m[0m
      [31m-[0m[0m name        = "crossregb447-raft-quic-cross-ssm-node4" [90m-> null[0m[0m
      [31m-[0m[0m path        = "/" [90m-> null[0m[0m
      [31m-[0m[0m role        = "crossregb447-raft-quic-cross-ssm-node4" [90m-> null[0m[0m
      [31m-[0m[0m tags        = {} [90m-> null[0m[0m
      [31m-[0m[0m tags_all    = {} [90m-> null[0m[0m
      [31m-[0m[0m unique_id   = "AIPAYE7LHJTDLUL7TEDVK" [90m-> null[0m[0m
        [90m# (1 unchanged attribute hidden)[0m[0m
    }

[1m  # module.node_us[0].aws_iam_role.raft_ssm[0m will be [1m[31mdestroyed[0m
[0m  [31m-[0m[0m resource "aws_iam_role" "raft_ssm" {
      [31m-[0m[0m arn                   = "arn:aws:iam::560449670342:role/crossregb447-raft-quic-cross-ssm-node4" [90m-> null[0m[0m
      [31m-[0m[0m assume_role_policy    = jsonencode(
            {
              [31m-[0m[0m Statement = [
                  [31m-[0m[0m {
                      [31m-[0m[0m Action    = "sts:AssumeRole"
                      [31m-[0m[0m Effect    = "Allow"
                      [31m-[0m[0m Principal = {
                          [31m-[0m[0m Service = "ec2.amazonaws.com"
                        }
                    },
                ]
              [31m-[0m[0m Version   = "2012-10-17"
            }
        ) [90m-> null[0m[0m
      [31m-[0m[0m create_date           = "2026-04-20T17:58:03Z" [90m-> null[0m[0m
      [31m-[0m[0m force_detach_policies = false [90m-> null[0m[0m
      [31m-[0m[0m id                    = "crossregb447-raft-quic-cross-ssm-node4" [90m-> null[0m[0m
      [31m-[0m[0m managed_policy_arns   = [
          [31m-[0m[0m "arn:aws:iam::aws:policy/AmazonSSMManagedInstanceCore",
        ] [90m-> null[0m[0m
      [31m-[0m[0m max_session_duration  = 3600 [90m-> null[0m[0m
      [31m-[0m[0m name                  = "crossregb447-raft-quic-cross-ssm-node4" [90m-> null[0m[0m
      [31m-[0m[0m path                  = "/" [90m-> null[0m[0m
      [31m-[0m[0m tags                  = {
          [31m-[0m[0m "Node"    = "node4"
          [31m-[0m[0m "Project" = "raft-quic"
        } [90m-> null[0m[0m
      [31m-[0m[0m tags_all              = {
          [31m-[0m[0m "Node"    = "node4"
          [31m-[0m[0m "Project" = "raft-quic"
        } [90m-> null[0m[0m
      [31m-[0m[0m unique_id             = "AROAYE7LHJTDJRP4O3AHH" [90m-> null[0m[0m
        [90m# (3 unchanged attributes hidden)[0m[0m
    }

[1m  # module.node_us[0].aws_iam_role_policy_attachment.ssm_core[0m will be [1m[31mdestroyed[0m
[0m  [31m-[0m[0m resource "aws_iam_role_policy_attachment" "ssm_core" {
      [31m-[0m[0m id         = "crossregb447-raft-quic-cross-ssm-node4-20260420175808313000000001" [90m-> null[0m[0m
      [31m-[0m[0m policy_arn = "arn:aws:iam::aws:policy/AmazonSSMManagedInstanceCore" [90m-> null[0m[0m
      [31m-[0m[0m role       = "crossregb447-raft-quic-cross-ssm-node4" [90m-> null[0m[0m
    }

[1m  # module.node_us[0].aws_instance.node[0m will be [1m[31mdestroyed[0m
[0m  [31m-[0m[0m resource "aws_instance" "node" {
      [31m-[0m[0m ami                                  = "ami-0d67eaae9ae173448" [90m-> null[0m[0m
      [31m-[0m[0m arn                                  = "arn:aws:ec2:us-west-2:560449670342:instance/i-016fa60d16a58c9df" [90m-> null[0m[0m
      [31m-[0m[0m associate_public_ip_address          = true [90m-> null[0m[0m
      [31m-[0m[0m availability_zone                    = "us-west-2c" [90m-> null[0m[0m
      [31m-[0m[0m cpu_core_count                       = 1 [90m-> null[0m[0m
      [31m-[0m[0m cpu_threads_per_core                 = 2 [90m-> null[0m[0m
      [31m-[0m[0m disable_api_stop                     = false [90m-> null[0m[0m
      [31m-[0m[0m disable_api_termination              = false [90m-> null[0m[0m
      [31m-[0m[0m ebs_optimized                        = false [90m-> null[0m[0m
      [31m-[0m[0m get_password_data                    = false [90m-> null[0m[0m
      [31m-[0m[0m hibernation                          = false [90m-> null[0m[0m
      [31m-[0m[0m iam_instance_profile                 = "crossregb447-raft-quic-cross-ssm-node4" [90m-> null[0m[0m
      [31m-[0m[0m id                                   = "i-016fa60d16a58c9df" [90m-> null[0m[0m
      [31m-[0m[0m instance_initiated_shutdown_behavior = "stop" [90m-> null[0m[0m
      [31m-[0m[0m instance_state                       = "running" [90m-> null[0m[0m
      [31m-[0m[0m instance_type                        = "t3.micro" [90m-> null[0m[0m
      [31m-[0m[0m ipv6_address_count                   = 0 [90m-> null[0m[0m
      [31m-[0m[0m ipv6_addresses                       = [] [90m-> null[0m[0m
      [31m-[0m[0m key_name                             = "crossregb447-raft-quic-cross-node4" [90m-> null[0m[0m
      [31m-[0m[0m monitoring                           = false [90m-> null[0m[0m
      [31m-[0m[0m placement_partition_number           = 0 [90m-> null[0m[0m
      [31m-[0m[0m primary_network_interface_id         = "eni-021f29c3722709d45" [90m-> null[0m[0m
      [31m-[0m[0m private_dns                          = "ip-172-31-7-198.us-west-2.compute.internal" [90m-> null[0m[0m
      [31m-[0m[0m private_ip                           = "172.31.7.198" [90m-> null[0m[0m
      [31m-[0m[0m public_dns                           = "ec2-34-221-252-68.us-west-2.compute.amazonaws.com" [90m-> null[0m[0m
      [31m-[0m[0m public_ip                            = "34.221.252.68" [90m-> null[0m[0m
      [31m-[0m[0m secondary_private_ips                = [] [90m-> null[0m[0m
      [31m-[0m[0m security_groups                      = [
          [31m-[0m[0m "crossregb447-raft-quic-node4",
        ] [90m-> null[0m[0m
      [31m-[0m[0m source_dest_check                    = true [90m-> null[0m[0m
      [31m-[0m[0m subnet_id                            = "subnet-0abcff56d9bcfd1bb" [90m-> null[0m[0m
      [31m-[0m[0m tags                                 = {
          [31m-[0m[0m "Name"    = "crossregb447-raft-quic-node4"
          [31m-[0m[0m "Node"    = "node4"
          [31m-[0m[0m "Project" = "raft-quic"
        } [90m-> null[0m[0m
      [31m-[0m[0m tags_all                             = {
          [31m-[0m[0m "Name"    = "crossregb447-raft-quic-node4"
          [31m-[0m[0m "Node"    = "node4"
          [31m-[0m[0m "Project" = "raft-quic"
        } [90m-> null[0m[0m
      [31m-[0m[0m tenancy                              = "default" [90m-> null[0m[0m
      [31m-[0m[0m user_data_replace_on_change          = false [90m-> null[0m[0m
      [31m-[0m[0m vpc_security_group_ids               = [
          [31m-[0m[0m "sg-0bc979c880e472ecd",
        ] [90m-> null[0m[0m
        [90m# (6 unchanged attributes hidden)[0m[0m

      [31m-[0m[0m capacity_reservation_specification {
          [31m-[0m[0m capacity_reservation_preference = "open" [90m-> null[0m[0m
        }

      [31m-[0m[0m cpu_options {
          [31m-[0m[0m core_count       = 1 [90m-> null[0m[0m
          [31m-[0m[0m threads_per_core = 2 [90m-> null[0m[0m
            [90m# (1 unchanged attribute hidden)[0m[0m
        }

      [31m-[0m[0m credit_specification {
          [31m-[0m[0m cpu_credits = "unlimited" [90m-> null[0m[0m
        }

      [31m-[0m[0m enclave_options {
          [31m-[0m[0m enabled = false [90m-> null[0m[0m
        }

      [31m-[0m[0m maintenance_options {
          [31m-[0m[0m auto_recovery = "default" [90m-> null[0m[0m
        }

      [31m-[0m[0m metadata_options {
          [31m-[0m[0m http_endpoint               = "enabled" [90m-> null[0m[0m
          [31m-[0m[0m http_protocol_ipv6          = "disabled" [90m-> null[0m[0m
          [31m-[0m[0m http_put_response_hop_limit = 2 [90m-> null[0m[0m
          [31m-[0m[0m http_tokens                 = "required" [90m-> null[0m[0m
          [31m-[0m[0m instance_metadata_tags      = "disabled" [90m-> null[0m[0m
        }

      [31m-[0m[0m private_dns_name_options {
          [31m-[0m[0m enable_resource_name_dns_a_record    = false [90m-> null[0m[0m
          [31m-[0m[0m enable_resource_name_dns_aaaa_record = false [90m-> null[0m[0m
          [31m-[0m[0m hostname_type                        = "ip-name" [90m-> null[0m[0m
        }

      [31m-[0m[0m root_block_device {
          [31m-[0m[0m delete_on_termination = true [90m-> null[0m[0m
          [31m-[0m[0m device_name           = "/dev/xvda" [90m-> null[0m[0m
          [31m-[0m[0m encrypted             = false [90m-> null[0m[0m
          [31m-[0m[0m iops                  = 3000 [90m-> null[0m[0m
          [31m-[0m[0m tags                  = {} [90m-> null[0m[0m
          [31m-[0m[0m tags_all              = {} [90m-> null[0m[0m
          [31m-[0m[0m throughput            = 125 [90m-> null[0m[0m
          [31m-[0m[0m volume_id             = "vol-09cfe0ec48ca0519a" [90m-> null[0m[0m
          [31m-[0m[0m volume_size           = 30 [90m-> null[0m[0m
          [31m-[0m[0m volume_type           = "gp3" [90m-> null[0m[0m
            [90m# (1 unchanged attribute hidden)[0m[0m
        }
    }

[1m  # module.node_us[0].aws_key_pair.raft[0m will be [1m[31mdestroyed[0m
[0m  [31m-[0m[0m resource "aws_key_pair" "raft" {
      [31m-[0m[0m arn             = "arn:aws:ec2:us-west-2:560449670342:key-pair/crossregb447-raft-quic-cross-node4" [90m-> null[0m[0m
      [31m-[0m[0m fingerprint     = "33:f9:76:72:7f:5b:f7:e2:66:2a:2b:78:23:47:8b:1a" [90m-> null[0m[0m
      [31m-[0m[0m id              = "crossregb447-raft-quic-cross-node4" [90m-> null[0m[0m
      [31m-[0m[0m key_name        = "crossregb447-raft-quic-cross-node4" [90m-> null[0m[0m
      [31m-[0m[0m key_pair_id     = "key-00c2457058224cf78" [90m-> null[0m[0m
      [31m-[0m[0m key_type        = "rsa" [90m-> null[0m[0m
      [31m-[0m[0m public_key      = "ssh-rsa AAAAB3NzaC1yc2EAAAADAQABAAACAQDXsvAZRTxd0B6vC+qhVs5IuWIZlD3yVcoUkV1jAjzQG6L5Oq+WFtPLTnbNUXg0Kw6rKi891k5DKYwn1sxIUREgSetdElajLoUJirSeC51DI7leHOtkWMo4wmCLo75uN++KvMaOS4VvZUIIghJU4qz0pDdtDzgfXH7sVq4oone9ycNHCo4dDqRKwkGahuZOS9X7Ysyp3zwqCo6gHCGLGKM4yWvmGj3EyDk4Y3xdJs15m1B48rJJhs2j1+7X9PXGxCqLBGD/2dXdekxjoo9Ubc8keNR84qQLhZPl+XnFDYvhGefdcT2y23P4MWtj3hXoLiWaPE71V+kFP1UyYL7e1FulNaIgF9fb3MEJqZ7XamZpi+6Kewbt0BBi15xapVQXlWrN8A2FDQA1w0S2tq3MgqzTJ/tKO7yKvrRml72J1GuEG2PWP8LtLrT1kw/S4wYr+hyruUtmG8R3xDb4WMoI5S5rIGTMrJ8lJRs000x1kqxi7fKeccPBec71vpQ5oqZhxFFcfhJf981kFOsWavEXXCymXksiRqJoXmETR1mZjhQTjGG9sXXMHJSzghkcTMV5M67xiDL9a2RIpQkCs59Hgb6VESsN8pNn44h6Jvlw60cf89FJNHBYYB9SHMhGjOWPt/U/ad5Po6eKAGgGe6+ncsRpZrWEK5YG5j3fvSqsYe/CJw==" [90m-> null[0m[0m
      [31m-[0m[0m tags            = {
          [31m-[0m[0m "Node"    = "node4"
          [31m-[0m[0m "Project" = "raft-quic"
        } [90m-> null[0m[0m
      [31m-[0m[0m tags_all        = {
          [31m-[0m[0m "Node"    = "node4"
          [31m-[0m[0m "Project" = "raft-quic"
        } [90m-> null[0m[0m
        [90m# (1 unchanged attribute hidden)[0m[0m
    }

[1m  # module.node_us[0].aws_security_group.raft[0m will be [1m[31mdestroyed[0m
[0m  [31m-[0m[0m resource "aws_security_group" "raft" {
      [31m-[0m[0m arn                    = "arn:aws:ec2:us-west-2:560449670342:security-group/sg-0bc979c880e472ecd" [90m-> null[0m[0m
      [31m-[0m[0m description            = "Raft-over-QUIC cluster node node4" [90m-> null[0m[0m
      [31m-[0m[0m egress                 = [
          [31m-[0m[0m {
              [31m-[0m[0m cidr_blocks      = [
                  [31m-[0m[0m "0.0.0.0/0",
                ]
              [31m-[0m[0m from_port        = 0
              [31m-[0m[0m ipv6_cidr_blocks = []
              [31m-[0m[0m prefix_list_ids  = []
              [31m-[0m[0m protocol         = "-1"
              [31m-[0m[0m security_groups  = []
              [31m-[0m[0m self             = false
              [31m-[0m[0m to_port          = 0
                [90m# (1 unchanged attribute hidden)[0m[0m
            },
        ] [90m-> null[0m[0m
      [31m-[0m[0m id                     = "sg-0bc979c880e472ecd" [90m-> null[0m[0m
      [31m-[0m[0m ingress                = [
          [31m-[0m[0m {
              [31m-[0m[0m cidr_blocks      = [
                  [31m-[0m[0m "0.0.0.0/0",
                ]
              [31m-[0m[0m from_port        = 22
              [31m-[0m[0m ipv6_cidr_blocks = []
              [31m-[0m[0m prefix_list_ids  = []
              [31m-[0m[0m protocol         = "tcp"
              [31m-[0m[0m security_groups  = []
              [31m-[0m[0m self             = false
              [31m-[0m[0m to_port          = 22
                [90m# (1 unchanged attribute hidden)[0m[0m
            },
          [31m-[0m[0m {
              [31m-[0m[0m cidr_blocks      = [
                  [31m-[0m[0m "0.0.0.0/0",
                ]
              [31m-[0m[0m from_port        = 7001
              [31m-[0m[0m ipv6_cidr_blocks = []
              [31m-[0m[0m prefix_list_ids  = []
              [31m-[0m[0m protocol         = "udp"
              [31m-[0m[0m security_groups  = []
              [31m-[0m[0m self             = false
              [31m-[0m[0m to_port          = 7001
                [90m# (1 unchanged attribute hidden)[0m[0m
            },
          [31m-[0m[0m {
              [31m-[0m[0m cidr_blocks      = [
                  [31m-[0m[0m "0.0.0.0/0",
                ]
              [31m-[0m[0m from_port        = 8001
              [31m-[0m[0m ipv6_cidr_blocks = []
              [31m-[0m[0m prefix_list_ids  = []
              [31m-[0m[0m protocol         = "tcp"
              [31m-[0m[0m security_groups  = []
              [31m-[0m[0m self             = false
              [31m-[0m[0m to_port          = 8001
                [90m# (1 unchanged attribute hidden)[0m[0m
            },
          [31m-[0m[0m {
              [31m-[0m[0m cidr_blocks      = [
                  [31m-[0m[0m "0.0.0.0/0",
                ]
              [31m-[0m[0m from_port        = 9001
              [31m-[0m[0m ipv6_cidr_blocks = []
              [31m-[0m[0m prefix_list_ids  = []
              [31m-[0m[0m protocol         = "tcp"
              [31m-[0m[0m security_groups  = []
              [31m-[0m[0m self             = false
              [31m-[0m[0m to_port          = 9001
                [90m# (1 unchanged attribute hidden)[0m[0m
            },
        ] [90m-> null[0m[0m
      [31m-[0m[0m name                   = "crossregb447-raft-quic-node4" [90m-> null[0m[0m
      [31m-[0m[0m owner_id               = "560449670342" [90m-> null[0m[0m
      [31m-[0m[0m revoke_rules_on_delete = false [90m-> null[0m[0m
      [31m-[0m[0m tags                   = {
          [31m-[0m[0m "Node"    = "node4"
          [31m-[0m[0m "Project" = "raft-quic"
        } [90m-> null[0m[0m
      [31m-[0m[0m tags_all               = {
          [31m-[0m[0m "Node"    = "node4"
          [31m-[0m[0m "Project" = "raft-quic"
        } [90m-> null[0m[0m
      [31m-[0m[0m vpc_id                 = "vpc-074344e78ddef545c" [90m-> null[0m[0m
        [90m# (1 unchanged attribute hidden)[0m[0m
    }

[1m  # module.node_us[1].aws_iam_instance_profile.raft_ssm[0m will be [1m[31mdestroyed[0m
[0m  [31m-[0m[0m resource "aws_iam_instance_profile" "raft_ssm" {
      [31m-[0m[0m arn         = "arn:aws:iam::560449670342:instance-profile/crossregb447-raft-quic-cross-ssm-node5" [90m-> null[0m[0m
      [31m-[0m[0m create_date = "2026-04-20T17:58:08Z" [90m-> null[0m[0m
      [31m-[0m[0m id          = "crossregb447-raft-quic-cross-ssm-node5" [90m-> null[0m[0m
      [31m-[0m[0m name        = "crossregb447-raft-quic-cross-ssm-node5" [90m-> null[0m[0m
      [31m-[0m[0m path        = "/" [90m-> null[0m[0m
      [31m-[0m[0m role        = "crossregb447-raft-quic-cross-ssm-node5" [90m-> null[0m[0m
      [31m-[0m[0m tags        = {} [90m-> null[0m[0m
      [31m-[0m[0m tags_all    = {} [90m-> null[0m[0m
      [31m-[0m[0m unique_id   = "AIPAYE7LHJTDCKOUYTLZZ" [90m-> null[0m[0m
        [90m# (1 unchanged attribute hidden)[0m[0m
    }

[1m  # module.node_us[1].aws_iam_role.raft_ssm[0m will be [1m[31mdestroyed[0m
[0m  [31m-[0m[0m resource "aws_iam_role" "raft_ssm" {
      [31m-[0m[0m arn                   = "arn:aws:iam::560449670342:role/crossregb447-raft-quic-cross-ssm-node5" [90m-> null[0m[0m
      [31m-[0m[0m assume_role_policy    = jsonencode(
            {
              [31m-[0m[0m Statement = [
                  [31m-[0m[0m {
                      [31m-[0m[0m Action    = "sts:AssumeRole"
                      [31m-[0m[0m Effect    = "Allow"
                      [31m-[0m[0m Principal = {
                          [31m-[0m[0m Service = "ec2.amazonaws.com"
                        }
                    },
                ]
              [31m-[0m[0m Version   = "2012-10-17"
            }
        ) [90m-> null[0m[0m
      [31m-[0m[0m create_date           = "2026-04-20T17:58:03Z" [90m-> null[0m[0m
      [31m-[0m[0m force_detach_policies = false [90m-> null[0m[0m
      [31m-[0m[0m id                    = "crossregb447-raft-quic-cross-ssm-node5" [90m-> null[0m[0m
      [31m-[0m[0m managed_policy_arns   = [
          [31m-[0m[0m "arn:aws:iam::aws:policy/AmazonSSMManagedInstanceCore",
        ] [90m-> null[0m[0m
      [31m-[0m[0m max_session_duration  = 3600 [90m-> null[0m[0m
      [31m-[0m[0m name                  = "crossregb447-raft-quic-cross-ssm-node5" [90m-> null[0m[0m
      [31m-[0m[0m path                  = "/" [90m-> null[0m[0m
      [31m-[0m[0m tags                  = {
          [31m-[0m[0m "Node"    = "node5"
          [31m-[0m[0m "Project" = "raft-quic"
        } [90m-> null[0m[0m
      [31m-[0m[0m tags_all              = {
          [31m-[0m[0m "Node"    = "node5"
          [31m-[0m[0m "Project" = "raft-quic"
        } [90m-> null[0m[0m
      [31m-[0m[0m unique_id             = "AROAYE7LHJTDA6AABVQ27" [90m-> null[0m[0m
        [90m# (3 unchanged attributes hidden)[0m[0m
    }

[1m  # module.node_us[1].aws_iam_role_policy_attachment.ssm_core[0m will be [1m[31mdestroyed[0m
[0m  [31m-[0m[0m resource "aws_iam_role_policy_attachment" "ssm_core" {
      [31m-[0m[0m id         = "crossregb447-raft-quic-cross-ssm-node5-20260420175808628800000002" [90m-> null[0m[0m
      [31m-[0m[0m policy_arn = "arn:aws:iam::aws:policy/AmazonSSMManagedInstanceCore" [90m-> null[0m[0m
      [31m-[0m[0m role       = "crossregb447-raft-quic-cross-ssm-node5" [90m-> null[0m[0m
    }

[1m  # module.node_us[1].aws_instance.node[0m will be [1m[31mdestroyed[0m
[0m  [31m-[0m[0m resource "aws_instance" "node" {
      [31m-[0m[0m ami                                  = "ami-0d67eaae9ae173448" [90m-> null[0m[0m
      [31m-[0m[0m arn                                  = "arn:aws:ec2:us-west-2:560449670342:instance/i-09036761b7d011f70" [90m-> null[0m[0m
      [31m-[0m[0m associate_public_ip_address          = true [90m-> null[0m[0m
      [31m-[0m[0m availability_zone                    = "us-west-2c" [90m-> null[0m[0m
      [31m-[0m[0m cpu_core_count                       = 1 [90m-> null[0m[0m
      [31m-[0m[0m cpu_threads_per_core                 = 2 [90m-> null[0m[0m
      [31m-[0m[0m disable_api_stop                     = false [90m-> null[0m[0m
      [31m-[0m[0m disable_api_termination              = false [90m-> null[0m[0m
      [31m-[0m[0m ebs_optimized                        = false [90m-> null[0m[0m
      [31m-[0m[0m get_password_data                    = false [90m-> null[0m[0m
      [31m-[0m[0m hibernation                          = false [90m-> null[0m[0m
      [31m-[0m[0m iam_instance_profile                 = "crossregb447-raft-quic-cross-ssm-node5" [90m-> null[0m[0m
      [31m-[0m[0m id                                   = "i-09036761b7d011f70" [90m-> null[0m[0m
      [31m-[0m[0m instance_initiated_shutdown_behavior = "stop" [90m-> null[0m[0m
      [31m-[0m[0m instance_state                       = "running" [90m-> null[0m[0m
      [31m-[0m[0m instance_type                        = "t3.micro" [90m-> null[0m[0m
      [31m-[0m[0m ipv6_address_count                   = 0 [90m-> null[0m[0m
      [31m-[0m[0m ipv6_addresses                       = [] [90m-> null[0m[0m
      [31m-[0m[0m key_name                             = "crossregb447-raft-quic-cross-node5" [90m-> null[0m[0m
      [31m-[0m[0m monitoring                           = false [90m-> null[0m[0m
      [31m-[0m[0m placement_partition_number           = 0 [90m-> null[0m[0m
      [31m-[0m[0m primary_network_interface_id         = "eni-04aefb1c7dbb44d6b" [90m-> null[0m[0m
      [31m-[0m[0m private_dns                          = "ip-172-31-4-91.us-west-2.compute.internal" [90m-> null[0m[0m
      [31m-[0m[0m private_ip                           = "172.31.4.91" [90m-> null[0m[0m
      [31m-[0m[0m public_dns                           = "ec2-44-247-37-235.us-west-2.compute.amazonaws.com" [90m-> null[0m[0m
      [31m-[0m[0m public_ip                            = "44.247.37.235" [90m-> null[0m[0m
      [31m-[0m[0m secondary_private_ips                = [] [90m-> null[0m[0m
      [31m-[0m[0m security_groups                      = [
          [31m-[0m[0m "crossregb447-raft-quic-node5",
        ] [90m-> null[0m[0m
      [31m-[0m[0m source_dest_check                    = true [90m-> null[0m[0m
      [31m-[0m[0m subnet_id                            = "subnet-0abcff56d9bcfd1bb" [90m-> null[0m[0m
      [31m-[0m[0m tags                                 = {
          [31m-[0m[0m "Name"    = "crossregb447-raft-quic-node5"
          [31m-[0m[0m "Node"    = "node5"
          [31m-[0m[0m "Project" = "raft-quic"
        } [90m-> null[0m[0m
      [31m-[0m[0m tags_all                             = {
          [31m-[0m[0m "Name"    = "crossregb447-raft-quic-node5"
          [31m-[0m[0m "Node"    = "node5"
          [31m-[0m[0m "Project" = "raft-quic"
        } [90m-> null[0m[0m
      [31m-[0m[0m tenancy                              = "default" [90m-> null[0m[0m
      [31m-[0m[0m user_data_replace_on_change          = false [90m-> null[0m[0m
      [31m-[0m[0m vpc_security_group_ids               = [
          [31m-[0m[0m "sg-044bf827b89794f91",
        ] [90m-> null[0m[0m
        [90m# (6 unchanged attributes hidden)[0m[0m

      [31m-[0m[0m capacity_reservation_specification {
          [31m-[0m[0m capacity_reservation_preference = "open" [90m-> null[0m[0m
        }

      [31m-[0m[0m cpu_options {
          [31m-[0m[0m core_count       = 1 [90m-> null[0m[0m
          [31m-[0m[0m threads_per_core = 2 [90m-> null[0m[0m
            [90m# (1 unchanged attribute hidden)[0m[0m
        }

      [31m-[0m[0m credit_specification {
          [31m-[0m[0m cpu_credits = "unlimited" [90m-> null[0m[0m
        }

      [31m-[0m[0m enclave_options {
          [31m-[0m[0m enabled = false [90m-> null[0m[0m
        }

      [31m-[0m[0m maintenance_options {
          [31m-[0m[0m auto_recovery = "default" [90m-> null[0m[0m
        }

      [31m-[0m[0m metadata_options {
          [31m-[0m[0m http_endpoint               = "enabled" [90m-> null[0m[0m
          [31m-[0m[0m http_protocol_ipv6          = "disabled" [90m-> null[0m[0m
          [31m-[0m[0m http_put_response_hop_limit = 2 [90m-> null[0m[0m
          [31m-[0m[0m http_tokens                 = "required" [90m-> null[0m[0m
          [31m-[0m[0m instance_metadata_tags      = "disabled" [90m-> null[0m[0m
        }

      [31m-[0m[0m private_dns_name_options {
          [31m-[0m[0m enable_resource_name_dns_a_record    = false [90m-> null[0m[0m
          [31m-[0m[0m enable_resource_name_dns_aaaa_record = false [90m-> null[0m[0m
          [31m-[0m[0m hostname_type                        = "ip-name" [90m-> null[0m[0m
        }

      [31m-[0m[0m root_block_device {
          [31m-[0m[0m delete_on_termination = true [90m-> null[0m[0m
          [31m-[0m[0m device_name           = "/dev/xvda" [90m-> null[0m[0m
          [31m-[0m[0m encrypted             = false [90m-> null[0m[0m
          [31m-[0m[0m iops                  = 3000 [90m-> null[0m[0m
          [31m-[0m[0m tags                  = {} [90m-> null[0m[0m
          [31m-[0m[0m tags_all              = {} [90m-> null[0m[0m
          [31m-[0m[0m throughput            = 125 [90m-> null[0m[0m
          [31m-[0m[0m volume_id             = "vol-0c667d045bb939838" [90m-> null[0m[0m
          [31m-[0m[0m volume_size           = 30 [90m-> null[0m[0m
          [31m-[0m[0m volume_type           = "gp3" [90m-> null[0m[0m
            [90m# (1 unchanged attribute hidden)[0m[0m
        }
    }

[1m  # module.node_us[1].aws_key_pair.raft[0m will be [1m[31mdestroyed[0m
[0m  [31m-[0m[0m resource "aws_key_pair" "raft" {
      [31m-[0m[0m arn             = "arn:aws:ec2:us-west-2:560449670342:key-pair/crossregb447-raft-quic-cross-node5" [90m-> null[0m[0m
      [31m-[0m[0m fingerprint     = "33:f9:76:72:7f:5b:f7:e2:66:2a:2b:78:23:47:8b:1a" [90m-> null[0m[0m
      [31m-[0m[0m id              = "crossregb447-raft-quic-cross-node5" [90m-> null[0m[0m
      [31m-[0m[0m key_name        = "crossregb447-raft-quic-cross-node5" [90m-> null[0m[0m
      [31m-[0m[0m key_pair_id     = "key-0f75d5207439c822b" [90m-> null[0m[0m
      [31m-[0m[0m key_type        = "rsa" [90m-> null[0m[0m
      [31m-[0m[0m public_key      = "ssh-rsa AAAAB3NzaC1yc2EAAAADAQABAAACAQDXsvAZRTxd0B6vC+qhVs5IuWIZlD3yVcoUkV1jAjzQG6L5Oq+WFtPLTnbNUXg0Kw6rKi891k5DKYwn1sxIUREgSetdElajLoUJirSeC51DI7leHOtkWMo4wmCLo75uN++KvMaOS4VvZUIIghJU4qz0pDdtDzgfXH7sVq4oone9ycNHCo4dDqRKwkGahuZOS9X7Ysyp3zwqCo6gHCGLGKM4yWvmGj3EyDk4Y3xdJs15m1B48rJJhs2j1+7X9PXGxCqLBGD/2dXdekxjoo9Ubc8keNR84qQLhZPl+XnFDYvhGefdcT2y23P4MWtj3hXoLiWaPE71V+kFP1UyYL7e1FulNaIgF9fb3MEJqZ7XamZpi+6Kewbt0BBi15xapVQXlWrN8A2FDQA1w0S2tq3MgqzTJ/tKO7yKvrRml72J1GuEG2PWP8LtLrT1kw/S4wYr+hyruUtmG8R3xDb4WMoI5S5rIGTMrJ8lJRs000x1kqxi7fKeccPBec71vpQ5oqZhxFFcfhJf981kFOsWavEXXCymXksiRqJoXmETR1mZjhQTjGG9sXXMHJSzghkcTMV5M67xiDL9a2RIpQkCs59Hgb6VESsN8pNn44h6Jvlw60cf89FJNHBYYB9SHMhGjOWPt/U/ad5Po6eKAGgGe6+ncsRpZrWEK5YG5j3fvSqsYe/CJw==" [90m-> null[0m[0m
      [31m-[0m[0m tags            = {
          [31m-[0m[0m "Node"    = "node5"
          [31m-[0m[0m "Project" = "raft-quic"
        } [90m-> null[0m[0m
      [31m-[0m[0m tags_all        = {
          [31m-[0m[0m "Node"    = "node5"
          [31m-[0m[0m "Project" = "raft-quic"
        } [90m-> null[0m[0m
        [90m# (1 unchanged attribute hidden)[0m[0m
    }

[1m  # module.node_us[1].aws_security_group.raft[0m will be [1m[31mdestroyed[0m
[0m  [31m-[0m[0m resource "aws_security_group" "raft" {
      [31m-[0m[0m arn                    = "arn:aws:ec2:us-west-2:560449670342:security-group/sg-044bf827b89794f91" [90m-> null[0m[0m
      [31m-[0m[0m description            = "Raft-over-QUIC cluster node node5" [90m-> null[0m[0m
      [31m-[0m[0m egress                 = [
          [31m-[0m[0m {
              [31m-[0m[0m cidr_blocks      = [
                  [31m-[0m[0m "0.0.0.0/0",
                ]
              [31m-[0m[0m from_port        = 0
              [31m-[0m[0m ipv6_cidr_blocks = []
              [31m-[0m[0m prefix_list_ids  = []
              [31m-[0m[0m protocol         = "-1"
              [31m-[0m[0m security_groups  = []
              [31m-[0m[0m self             = false
              [31m-[0m[0m to_port          = 0
                [90m# (1 unchanged attribute hidden)[0m[0m
            },
        ] [90m-> null[0m[0m
      [31m-[0m[0m id                     = "sg-044bf827b89794f91" [90m-> null[0m[0m
      [31m-[0m[0m ingress                = [
          [31m-[0m[0m {
              [31m-[0m[0m cidr_blocks      = [
                  [31m-[0m[0m "0.0.0.0/0",
                ]
              [31m-[0m[0m from_port        = 22
              [31m-[0m[0m ipv6_cidr_blocks = []
              [31m-[0m[0m prefix_list_ids  = []
              [31m-[0m[0m protocol         = "tcp"
              [31m-[0m[0m security_groups  = []
              [31m-[0m[0m self             = false
              [31m-[0m[0m to_port          = 22
                [90m# (1 unchanged attribute hidden)[0m[0m
            },
          [31m-[0m[0m {
              [31m-[0m[0m cidr_blocks      = [
                  [31m-[0m[0m "0.0.0.0/0",
                ]
              [31m-[0m[0m from_port        = 7001
              [31m-[0m[0m ipv6_cidr_blocks = []
              [31m-[0m[0m prefix_list_ids  = []
              [31m-[0m[0m protocol         = "udp"
              [31m-[0m[0m security_groups  = []
              [31m-[0m[0m self             = false
              [31m-[0m[0m to_port          = 7001
                [90m# (1 unchanged attribute hidden)[0m[0m
            },
          [31m-[0m[0m {
              [31m-[0m[0m cidr_blocks      = [
                  [31m-[0m[0m "0.0.0.0/0",
                ]
              [31m-[0m[0m from_port        = 8001
              [31m-[0m[0m ipv6_cidr_blocks = []
              [31m-[0m[0m prefix_list_ids  = []
              [31m-[0m[0m protocol         = "tcp"
              [31m-[0m[0m security_groups  = []
              [31m-[0m[0m self             = false
              [31m-[0m[0m to_port          = 8001
                [90m# (1 unchanged attribute hidden)[0m[0m
            },
          [31m-[0m[0m {
              [31m-[0m[0m cidr_blocks      = [
                  [31m-[0m[0m "0.0.0.0/0",
                ]
              [31m-[0m[0m from_port        = 9001
              [31m-[0m[0m ipv6_cidr_blocks = []
              [31m-[0m[0m prefix_list_ids  = []
              [31m-[0m[0m protocol         = "tcp"
              [31m-[0m[0m security_groups  = []
              [31m-[0m[0m self             = false
              [31m-[0m[0m to_port          = 9001
                [90m# (1 unchanged attribute hidden)[0m[0m
            },
        ] [90m-> null[0m[0m
      [31m-[0m[0m name                   = "crossregb447-raft-quic-node5" [90m-> null[0m[0m
      [31m-[0m[0m owner_id               = "560449670342" [90m-> null[0m[0m
      [31m-[0m[0m revoke_rules_on_delete = false [90m-> null[0m[0m
      [31m-[0m[0m tags                   = {
          [31m-[0m[0m "Node"    = "node5"
          [31m-[0m[0m "Project" = "raft-quic"
        } [90m-> null[0m[0m
      [31m-[0m[0m tags_all               = {
          [31m-[0m[0m "Node"    = "node5"
          [31m-[0m[0m "Project" = "raft-quic"
        } [90m-> null[0m[0m
      [31m-[0m[0m vpc_id                 = "vpc-074344e78ddef545c" [90m-> null[0m[0m
        [90m# (1 unchanged attribute hidden)[0m[0m
    }

[1mPlan:[0m [0m0 to add, 0 to change, 44 to destroy.

Changes to Outputs:
  [31m-[0m[0m instance_ids  = [
      [31m-[0m[0m "i-02f9d5ba14b331c0e",
      [31m-[0m[0m "i-0b83a797d262a7062",
      [31m-[0m[0m "i-0f25488c36e34e7db",
      [31m-[0m[0m "i-016fa60d16a58c9df",
      [31m-[0m[0m "i-09036761b7d011f70",
      [31m-[0m[0m "i-07b52a7df97079481",
      [31m-[0m[0m "i-0b574d65e403fe5e8",
    ] [90m-> null[0m[0m
  [31m-[0m[0m node_ids      = [
      [31m-[0m[0m "node1",
      [31m-[0m[0m "node2",
      [31m-[0m[0m "node3",
      [31m-[0m[0m "node4",
      [31m-[0m[0m "node5",
      [31m-[0m[0m "node6",
      [31m-[0m[0m "node7",
    ] [90m-> null[0m[0m
  [31m-[0m[0m node_ips      = [
      [31m-[0m[0m "3.86.67.131",
      [31m-[0m[0m "34.207.55.180",
      [31m-[0m[0m "54.81.134.171",
      [31m-[0m[0m "34.221.252.68",
      [31m-[0m[0m "44.247.37.235",
      [31m-[0m[0m "18.203.251.141",
      [31m-[0m[0m "108.129.178.151",
    ] [90m-> null[0m[0m
  [31m-[0m[0m region_labels = [
      [31m-[0m[0m "us-east-1",
      [31m-[0m[0m "us-east-1",
      [31m-[0m[0m "us-east-1",
      [31m-[0m[0m "us-west-2",
      [31m-[0m[0m "us-west-2",
      [31m-[0m[0m "eu-west-1",
      [31m-[0m[0m "eu-west-1",
    ] [90m-> null[0m[0m
  [31m-[0m[0m scenario      = "cross-region" [90m-> null[0m[0m
  [31m-[0m[0m ssh_key_file  = "./raft-key.pem" [90m-> null[0m[0m
  [31m-[0m[0m ssh_user      = "ec2-user" [90m-> null[0m[0m
[0m[1mlocal_sensitive_file.ssh_key: Destroying... [id=83f0099cb8aa62f76d63f38f69a7a97b9763ce49][0m[0m
[0m[1mlocal_sensitive_file.ssh_key: Destruction complete after 0s[0m
[0m[1mmodule.node_eu[0].aws_iam_role_policy_attachment.ssm_core: Destroying... [id=crossregb447-raft-quic-cross-ssm-node6-20260420175807404100000001][0m[0m
[0m[1mmodule.node_eu[1].aws_iam_role_policy_attachment.ssm_core: Destroying... [id=crossregb447-raft-quic-cross-ssm-node7-20260420175807435100000002][0m[0m
[0m[1mmodule.node_eu[1].aws_instance.node: Destroying... [id=i-0b574d65e403fe5e8][0m[0m
[0m[1mmodule.node_eu[0].aws_instance.node: Destroying... [id=i-07b52a7df97079481][0m[0m
[0m[1mmodule.node_ap[0].aws_iam_role_policy_attachment.ssm_core: Destroying... [id=crossregb447-raft-quic-cross-ssm-node1-20260420175806508000000003][0m[0m
[0m[1mmodule.node_ap[1].aws_iam_role_policy_attachment.ssm_core: Destroying... [id=crossregb447-raft-quic-cross-ssm-node2-20260420175806453500000001][0m[0m
[0m[1mmodule.node_ap[2].aws_iam_role_policy_attachment.ssm_core: Destroying... [id=crossregb447-raft-quic-cross-ssm-node3-20260420175806489500000002][0m[0m
[0m[1mmodule.node_ap[2].aws_instance.node: Destroying... [id=i-0f25488c36e34e7db][0m[0m
[0m[1mmodule.node_ap[1].aws_instance.node: Destroying... [id=i-0b83a797d262a7062][0m[0m
[0m[1mmodule.node_ap[0].aws_instance.node: Destroying... [id=i-02f9d5ba14b331c0e][0m[0m
[0m[1mmodule.node_eu[1].aws_iam_role_policy_attachment.ssm_core: Destruction complete after 1s[0m
[0m[1mmodule.node_us[0].aws_iam_role_policy_attachment.ssm_core: Destroying... [id=crossregb447-raft-quic-cross-ssm-node4-20260420175808313000000001][0m[0m
[0m[1mmodule.node_eu[0].aws_iam_role_policy_attachment.ssm_core: Destruction complete after 1s[0m
[0m[1mmodule.node_us[0].aws_instance.node: Destroying... [id=i-016fa60d16a58c9df][0m[0m
[0m[1mmodule.node_ap[2].aws_iam_role_policy_attachment.ssm_core: Destruction complete after 1s[0m
[0m[1mmodule.node_ap[1].aws_iam_role_policy_attachment.ssm_core: Destruction complete after 1s[0m
[0m[1mmodule.node_ap[0].aws_iam_role_policy_attachment.ssm_core: Destruction complete after 1s[0m
[0m[1mmodule.node_us[1].aws_iam_role_policy_attachment.ssm_core: Destroying... [id=crossregb447-raft-quic-cross-ssm-node5-20260420175808628800000002][0m[0m
[0m[1mmodule.node_us[1].aws_instance.node: Destroying... [id=i-09036761b7d011f70][0m[0m
[0m[1mmodule.node_us[0].aws_iam_role_policy_attachment.ssm_core: Destruction complete after 1s[0m
[0m[1mmodule.node_us[1].aws_iam_role_policy_attachment.ssm_core: Destruction complete after 2s[0m
[0m[1mmodule.node_eu[1].aws_instance.node: Still destroying... [id=i-0b574d65e403fe5e8, 00m10s elapsed][0m[0m
[0m[1mmodule.node_eu[0].aws_instance.node: Still destroying... [id=i-07b52a7df97079481, 00m10s elapsed][0m[0m
[0m[1mmodule.node_ap[2].aws_instance.node: Still destroying... [id=i-0f25488c36e34e7db, 00m10s elapsed][0m[0m
[0m[1mmodule.node_ap[1].aws_instance.node: Still destroying... [id=i-0b83a797d262a7062, 00m10s elapsed][0m[0m
[0m[1mmodule.node_ap[0].aws_instance.node: Still destroying... [id=i-02f9d5ba14b331c0e, 00m10s elapsed][0m[0m
[0m[1mmodule.node_us[0].aws_instance.node: Still destroying... [id=i-016fa60d16a58c9df, 00m10s elapsed][0m[0m
[0m[1mmodule.node_us[1].aws_instance.node: Still destroying... [id=i-09036761b7d011f70, 00m10s elapsed][0m[0m
[0m[1mmodule.node_eu[0].aws_instance.node: Still destroying... [id=i-07b52a7df97079481, 00m20s elapsed][0m[0m
[0m[1mmodule.node_eu[1].aws_instance.node: Still destroying... [id=i-0b574d65e403fe5e8, 00m20s elapsed][0m[0m
[0m[1mmodule.node_ap[1].aws_instance.node: Still destroying... [id=i-0b83a797d262a7062, 00m20s elapsed][0m[0m
[0m[1mmodule.node_ap[2].aws_instance.node: Still destroying... [id=i-0f25488c36e34e7db, 00m20s elapsed][0m[0m
[0m[1mmodule.node_ap[0].aws_instance.node: Still destroying... [id=i-02f9d5ba14b331c0e, 00m20s elapsed][0m[0m
[0m[1mmodule.node_us[0].aws_instance.node: Still destroying... [id=i-016fa60d16a58c9df, 00m20s elapsed][0m[0m
[0m[1mmodule.node_us[1].aws_instance.node: Still destroying... [id=i-09036761b7d011f70, 00m20s elapsed][0m[0m
[0m[1mmodule.node_ap[1].aws_instance.node: Destruction complete after 23s[0m
[0m[1mmodule.node_ap[1].aws_key_pair.raft: Destroying... [id=crossregb447-raft-quic-cross-node2][0m[0m
[0m[1mmodule.node_ap[1].aws_iam_instance_profile.raft_ssm: Destroying... [id=crossregb447-raft-quic-cross-ssm-node2][0m[0m
[0m[1mmodule.node_ap[1].aws_security_group.raft: Destroying... [id=sg-010169b2213d12c31][0m[0m
[0m[1mmodule.node_ap[1].aws_key_pair.raft: Destruction complete after 0s[0m
[0m[1mmodule.node_ap[1].aws_iam_instance_profile.raft_ssm: Destruction complete after 0s[0m
[0m[1mmodule.node_ap[1].aws_iam_role.raft_ssm: Destroying... [id=crossregb447-raft-quic-cross-ssm-node2][0m[0m
[0m[1mmodule.node_ap[1].aws_security_group.raft: Destruction complete after 1s[0m
[0m[1mmodule.node_ap[1].aws_iam_role.raft_ssm: Destruction complete after 1s[0m
[0m[1mmodule.node_eu[0].aws_instance.node: Still destroying... [id=i-07b52a7df97079481, 00m30s elapsed][0m[0m
[0m[1mmodule.node_eu[1].aws_instance.node: Still destroying... [id=i-0b574d65e403fe5e8, 00m30s elapsed][0m[0m
[0m[1mmodule.node_ap[2].aws_instance.node: Still destroying... [id=i-0f25488c36e34e7db, 00m30s elapsed][0m[0m
[0m[1mmodule.node_ap[0].aws_instance.node: Still destroying... [id=i-02f9d5ba14b331c0e, 00m30s elapsed][0m[0m
[0m[1mmodule.node_us[0].aws_instance.node: Still destroying... [id=i-016fa60d16a58c9df, 00m30s elapsed][0m[0m
[0m[1mmodule.node_us[1].aws_instance.node: Still destroying... [id=i-09036761b7d011f70, 00m30s elapsed][0m[0m
[0m[1mmodule.node_ap[0].aws_instance.node: Destruction complete after 33s[0m
[0m[1mmodule.node_ap[0].aws_iam_instance_profile.raft_ssm: Destroying... [id=crossregb447-raft-quic-cross-ssm-node1][0m[0m
[0m[1mmodule.node_ap[0].aws_key_pair.raft: Destroying... [id=crossregb447-raft-quic-cross-node1][0m[0m
[0m[1mmodule.node_ap[0].aws_security_group.raft: Destroying... [id=sg-0f661baf15b6a0a8c][0m[0m
[0m[1mmodule.node_eu[0].aws_instance.node: Destruction complete after 33s[0m
[0m[1mmodule.node_us[0].aws_instance.node: Destruction complete after 32s[0m
[0m[1mmodule.node_eu[0].aws_iam_instance_profile.raft_ssm: Destroying... [id=crossregb447-raft-quic-cross-ssm-node6][0m[0m
[0m[1mmodule.node_eu[0].aws_key_pair.raft: Destroying... [id=crossregb447-raft-quic-cross-node6][0m[0m
[0m[1mmodule.node_eu[0].aws_security_group.raft: Destroying... [id=sg-0a64aaa1e434cec4f][0m[0m
[0m[1mmodule.node_us[0].aws_security_group.raft: Destroying... [id=sg-0bc979c880e472ecd][0m[0m
[0m[1mmodule.node_us[1].aws_instance.node: Destruction complete after 32s[0m
[0m[1mmodule.node_us[0].aws_key_pair.raft: Destroying... [id=crossregb447-raft-quic-cross-node4][0m[0m
[0m[1mmodule.node_ap[0].aws_key_pair.raft: Destruction complete after 0s[0m
[0m[1mmodule.node_us[0].aws_iam_instance_profile.raft_ssm: Destroying... [id=crossregb447-raft-quic-cross-ssm-node4][0m[0m
[0m[1mmodule.node_eu[1].aws_instance.node: Destruction complete after 33s[0m
[0m[1mmodule.node_us[1].aws_security_group.raft: Destroying... [id=sg-044bf827b89794f91][0m[0m
[0m[1mmodule.node_ap[0].aws_iam_instance_profile.raft_ssm: Destruction complete after 1s[0m
[0m[1mmodule.node_us[1].aws_key_pair.raft: Destroying... [id=crossregb447-raft-quic-cross-node5][0m[0m
[0m[1mmodule.node_us[0].aws_key_pair.raft: Destruction complete after 1s[0m
[0m[1mmodule.node_us[1].aws_iam_instance_profile.raft_ssm: Destroying... [id=crossregb447-raft-quic-cross-ssm-node5][0m[0m
[0m[1mmodule.node_eu[0].aws_key_pair.raft: Destruction complete after 1s[0m
[0m[1mmodule.node_eu[1].aws_iam_instance_profile.raft_ssm: Destroying... [id=crossregb447-raft-quic-cross-ssm-node7][0m[0m
[0m[1mmodule.node_eu[0].aws_iam_instance_profile.raft_ssm: Destruction complete after 1s[0m
[0m[1mmodule.node_eu[1].aws_security_group.raft: Destroying... [id=sg-06f3374a427f9e245][0m[0m
[0m[1mmodule.node_us[0].aws_iam_instance_profile.raft_ssm: Destruction complete after 1s[0m
[0m[1mmodule.node_eu[1].aws_key_pair.raft: Destroying... [id=crossregb447-raft-quic-cross-node7][0m[0m
[0m[1mmodule.node_us[1].aws_key_pair.raft: Destruction complete after 0s[0m
[0m[1mmodule.node_ap[0].aws_iam_role.raft_ssm: Destroying... [id=crossregb447-raft-quic-cross-ssm-node1][0m[0m
[0m[1mmodule.node_ap[0].aws_security_group.raft: Destruction complete after 1s[0m
[0m[1mmodule.node_eu[0].aws_iam_role.raft_ssm: Destroying... [id=crossregb447-raft-quic-cross-ssm-node6][0m[0m
[0m[1mmodule.node_us[1].aws_iam_instance_profile.raft_ssm: Destruction complete after 0s[0m
[0m[1mmodule.node_us[0].aws_iam_role.raft_ssm: Destroying... [id=crossregb447-raft-quic-cross-ssm-node4][0m[0m
[0m[1mmodule.node_eu[1].aws_iam_instance_profile.raft_ssm: Destruction complete after 1s[0m
[0m[1mmodule.node_us[1].aws_iam_role.raft_ssm: Destroying... [id=crossregb447-raft-quic-cross-ssm-node5][0m[0m
[0m[1mmodule.node_us[0].aws_security_group.raft: Destruction complete after 2s[0m
[0m[1mmodule.node_eu[1].aws_iam_role.raft_ssm: Destroying... [id=crossregb447-raft-quic-cross-ssm-node7][0m[0m
[0m[1mmodule.node_eu[1].aws_key_pair.raft: Destruction complete after 1s[0m
[0m[1mmodule.node_us[1].aws_security_group.raft: Destruction complete after 2s[0m
[0m[1mmodule.node_eu[0].aws_security_group.raft: Destruction complete after 2s[0m
[0m[1mmodule.node_ap[0].aws_iam_role.raft_ssm: Destruction complete after 1s[0m
[0m[1mmodule.node_eu[0].aws_iam_role.raft_ssm: Destruction complete after 1s[0m
[0m[1mmodule.node_us[0].aws_iam_role.raft_ssm: Destruction complete after 1s[0m
[0m[1mmodule.node_eu[1].aws_security_group.raft: Destruction complete after 1s[0m
[0m[1mmodule.node_us[1].aws_iam_role.raft_ssm: Destruction complete after 0s[0m
[0m[1mmodule.node_eu[1].aws_iam_role.raft_ssm: Destruction complete after 1s[0m
[0m[1mmodule.node_ap[2].aws_instance.node: Still destroying... [id=i-0f25488c36e34e7db, 00m40s elapsed][0m[0m
[0m[1mmodule.node_ap[2].aws_instance.node: Destruction complete after 43s[0m
[0m[1mmodule.node_ap[2].aws_iam_instance_profile.raft_ssm: Destroying... [id=crossregb447-raft-quic-cross-ssm-node3][0m[0m
[0m[1mmodule.node_ap[2].aws_key_pair.raft: Destroying... [id=crossregb447-raft-quic-cross-node3][0m[0m
[0m[1mmodule.node_ap[2].aws_security_group.raft: Destroying... [id=sg-0802160293e7deddb][0m[0m
[0m[1mmodule.node_ap[2].aws_key_pair.raft: Destruction complete after 1s[0m
[0m[1mtls_private_key.ssh: Destroying... [id=679493f19d3013d901d9b9559e03a78c22e5fb98][0m[0m
[0m[1mtls_private_key.ssh: Destruction complete after 0s[0m
[0m[1mmodule.node_ap[2].aws_iam_instance_profile.raft_ssm: Destruction complete after 1s[0m
[0m[1mmodule.node_ap[2].aws_iam_role.raft_ssm: Destroying... [id=crossregb447-raft-quic-cross-ssm-node3][0m[0m
[0m[1mmodule.node_ap[2].aws_security_group.raft: Destruction complete after 2s[0m
[0m[1mmodule.node_ap[2].aws_iam_role.raft_ssm: Destruction complete after 1s[0m
[0m[1m[32m
Destroy complete! Resources: 44 destroyed.[0m
[+] 集群已销毁
[!] 无可保存结果
[!] 无可生成报告的数据

[+] 所有测试完成，结果保存到 results/full-benchmark-20260421_014752/results/cross-region_7nodes_20260421_015732
