================================================================================
分布式性能测试框架 - TCP vs QUIC 对比
================================================================================
集群规模: [3]
场景: ['cross-region']
写操作: 500
监控: 禁用
================================================================================
[*] 部署 3 节点 cross-region 集群...
[0m[1mInitializing the backend...[0m
[0m[1mUpgrading modules...[0m
- node_ap in ../modules/raft-node
- node_eu in ../modules/raft-node
- node_us in ../modules/raft-node
[0m[1mInitializing provider plugins...[0m
- Finding hashicorp/aws versions matching "~> 5.0"...
- Finding hashicorp/tls versions matching "~> 4.0"...
- Finding hashicorp/local versions matching "~> 2.0"...
- Using previously-installed hashicorp/aws v5.100.0
- Using previously-installed hashicorp/tls v4.2.1
- Using previously-installed hashicorp/local v2.8.0

[0m[1m[32mTerraform has been successfully initialized![0m[32m[0m
[0m[32m
You may now begin working with Terraform. Try running "terraform plan" to see
any changes that are required for your infrastructure. All Terraform commands
should now work.

If you ever set or change modules or backend configuration for Terraform,
rerun this command to reinitialize your working directory. If you forget, other
commands will detect it and remind you to do so if necessary.[0m
[0m[1mmodule.node_us[0].data.aws_ami.al2023: Reading...[0m[0m
[0m[1mmodule.node_us[0].data.aws_iam_policy_document.ec2_assume_role: Reading...[0m[0m
[0m[1mmodule.node_eu[0].data.aws_iam_policy_document.ec2_assume_role: Reading...[0m[0m
[0m[1mmodule.node_eu[0].data.aws_ami.al2023: Reading...[0m[0m
[0m[1mmodule.node_us[0].data.aws_iam_policy_document.ec2_assume_role: Read complete after 0s [id=2851119427][0m
[0m[1mmodule.node_eu[0].data.aws_iam_policy_document.ec2_assume_role: Read complete after 0s [id=2851119427][0m
[0m[1mmodule.node_ap[0].data.aws_iam_policy_document.ec2_assume_role: Reading...[0m[0m
[0m[1mmodule.node_ap[0].data.aws_ami.al2023: Reading...[0m[0m
[0m[1mmodule.node_ap[0].data.aws_iam_policy_document.ec2_assume_role: Read complete after 0s [id=2851119427][0m
[0m[1mmodule.node_us[0].data.aws_ami.al2023: Read complete after 2s [id=ami-0d67eaae9ae173448][0m
[0m[1mmodule.node_ap[0].data.aws_ami.al2023: Read complete after 2s [id=ami-0102a36b3e9d5e4df][0m
[0m[1mmodule.node_eu[0].data.aws_ami.al2023: Read complete after 3s [id=ami-07f4d6f1cf436d5e9][0m

Terraform used the selected providers to generate the following execution
plan. Resource actions are indicated with the following symbols:
  [32m+[0m create[0m

Terraform will perform the following actions:

[1m  # local_sensitive_file.ssh_key[0m will be created
[0m  [32m+[0m[0m resource "local_sensitive_file" "ssh_key" {
      [32m+[0m[0m content              = (sensitive value)
      [32m+[0m[0m content_base64sha256 = (known after apply)
      [32m+[0m[0m content_base64sha512 = (known after apply)
      [32m+[0m[0m content_md5          = (known after apply)
      [32m+[0m[0m content_sha1         = (known after apply)
      [32m+[0m[0m content_sha256       = (known after apply)
      [32m+[0m[0m content_sha512       = (known after apply)
      [32m+[0m[0m directory_permission = "0700"
      [32m+[0m[0m file_permission      = "0600"
      [32m+[0m[0m filename             = "./raft-key.pem"
      [32m+[0m[0m id                   = (known after apply)
    }

[1m  # tls_private_key.ssh[0m will be created
[0m  [32m+[0m[0m resource "tls_private_key" "ssh" {
      [32m+[0m[0m algorithm                     = "RSA"
      [32m+[0m[0m ecdsa_curve                   = "P224"
      [32m+[0m[0m id                            = (known after apply)
      [32m+[0m[0m private_key_openssh           = (sensitive value)
      [32m+[0m[0m private_key_pem               = (sensitive value)
      [32m+[0m[0m private_key_pem_pkcs8         = (sensitive value)
      [32m+[0m[0m public_key_fingerprint_md5    = (known after apply)
      [32m+[0m[0m public_key_fingerprint_sha256 = (known after apply)
      [32m+[0m[0m public_key_openssh            = (known after apply)
      [32m+[0m[0m public_key_pem                = (known after apply)
      [32m+[0m[0m rsa_bits                      = 4096
    }

[1m  # module.node_ap[0].aws_iam_instance_profile.raft_ssm[0m will be created
[0m  [32m+[0m[0m resource "aws_iam_instance_profile" "raft_ssm" {
      [32m+[0m[0m arn         = (known after apply)
      [32m+[0m[0m create_date = (known after apply)
      [32m+[0m[0m id          = (known after apply)
      [32m+[0m[0m name        = "raft-quic-cross-ssm-node1"
      [32m+[0m[0m name_prefix = (known after apply)
      [32m+[0m[0m path        = "/"
      [32m+[0m[0m role        = "raft-quic-cross-ssm-node1"
      [32m+[0m[0m tags_all    = (known after apply)
      [32m+[0m[0m unique_id   = (known after apply)
    }

[1m  # module.node_ap[0].aws_iam_role.raft_ssm[0m will be created
[0m  [32m+[0m[0m resource "aws_iam_role" "raft_ssm" {
      [32m+[0m[0m arn                   = (known after apply)
      [32m+[0m[0m assume_role_policy    = jsonencode(
            {
              [32m+[0m[0m Statement = [
                  [32m+[0m[0m {
                      [32m+[0m[0m Action    = "sts:AssumeRole"
                      [32m+[0m[0m Effect    = "Allow"
                      [32m+[0m[0m Principal = {
                          [32m+[0m[0m Service = "ec2.amazonaws.com"
                        }
                    },
                ]
              [32m+[0m[0m Version   = "2012-10-17"
            }
        )
      [32m+[0m[0m create_date           = (known after apply)
      [32m+[0m[0m force_detach_policies = false
      [32m+[0m[0m id                    = (known after apply)
      [32m+[0m[0m managed_policy_arns   = (known after apply)
      [32m+[0m[0m max_session_duration  = 3600
      [32m+[0m[0m name                  = "raft-quic-cross-ssm-node1"
      [32m+[0m[0m name_prefix           = (known after apply)
      [32m+[0m[0m path                  = "/"
      [32m+[0m[0m tags                  = {
          [32m+[0m[0m "Node"    = "node1"
          [32m+[0m[0m "Project" = "raft-quic"
        }
      [32m+[0m[0m tags_all              = {
          [32m+[0m[0m "Node"    = "node1"
          [32m+[0m[0m "Project" = "raft-quic"
        }
      [32m+[0m[0m unique_id             = (known after apply)

      [32m+[0m[0m inline_policy (known after apply)
    }

[1m  # module.node_ap[0].aws_iam_role_policy_attachment.ssm_core[0m will be created
[0m  [32m+[0m[0m resource "aws_iam_role_policy_attachment" "ssm_core" {
      [32m+[0m[0m id         = (known after apply)
      [32m+[0m[0m policy_arn = "arn:aws:iam::aws:policy/AmazonSSMManagedInstanceCore"
      [32m+[0m[0m role       = "raft-quic-cross-ssm-node1"
    }

[1m  # module.node_ap[0].aws_instance.node[0m will be created
[0m  [32m+[0m[0m resource "aws_instance" "node" {
      [32m+[0m[0m ami                                  = "ami-0102a36b3e9d5e4df"
      [32m+[0m[0m arn                                  = (known after apply)
      [32m+[0m[0m associate_public_ip_address          = true
      [32m+[0m[0m availability_zone                    = (known after apply)
      [32m+[0m[0m cpu_core_count                       = (known after apply)
      [32m+[0m[0m cpu_threads_per_core                 = (known after apply)
      [32m+[0m[0m disable_api_stop                     = (known after apply)
      [32m+[0m[0m disable_api_termination              = (known after apply)
      [32m+[0m[0m ebs_optimized                        = (known after apply)
      [32m+[0m[0m enable_primary_ipv6                  = (known after apply)
      [32m+[0m[0m get_password_data                    = false
      [32m+[0m[0m host_id                              = (known after apply)
      [32m+[0m[0m host_resource_group_arn              = (known after apply)
      [32m+[0m[0m iam_instance_profile                 = "raft-quic-cross-ssm-node1"
      [32m+[0m[0m id                                   = (known after apply)
      [32m+[0m[0m instance_initiated_shutdown_behavior = (known after apply)
      [32m+[0m[0m instance_lifecycle                   = (known after apply)
      [32m+[0m[0m instance_state                       = (known after apply)
      [32m+[0m[0m instance_type                        = "t3.micro"
      [32m+[0m[0m ipv6_address_count                   = (known after apply)
      [32m+[0m[0m ipv6_addresses                       = (known after apply)
      [32m+[0m[0m key_name                             = "raft-quic-cross-node1"
      [32m+[0m[0m monitoring                           = (known after apply)
      [32m+[0m[0m outpost_arn                          = (known after apply)
      [32m+[0m[0m password_data                        = (known after apply)
      [32m+[0m[0m placement_group                      = (known after apply)
      [32m+[0m[0m placement_partition_number           = (known after apply)
      [32m+[0m[0m primary_network_interface_id         = (known after apply)
      [32m+[0m[0m private_dns                          = (known after apply)
      [32m+[0m[0m private_ip                           = (known after apply)
      [32m+[0m[0m public_dns                           = (known after apply)
      [32m+[0m[0m public_ip                            = (known after apply)
      [32m+[0m[0m secondary_private_ips                = (known after apply)
      [32m+[0m[0m security_groups                      = (known after apply)
      [32m+[0m[0m source_dest_check                    = true
      [32m+[0m[0m spot_instance_request_id             = (known after apply)
      [32m+[0m[0m subnet_id                            = (known after apply)
      [32m+[0m[0m tags                                 = {
          [32m+[0m[0m "Name"    = "raft-quic-node1"
          [32m+[0m[0m "Node"    = "node1"
          [32m+[0m[0m "Project" = "raft-quic"
        }
      [32m+[0m[0m tags_all                             = {
          [32m+[0m[0m "Name"    = "raft-quic-node1"
          [32m+[0m[0m "Node"    = "node1"
          [32m+[0m[0m "Project" = "raft-quic"
        }
      [32m+[0m[0m tenancy                              = (known after apply)
      [32m+[0m[0m user_data                            = (known after apply)
      [32m+[0m[0m user_data_base64                     = (known after apply)
      [32m+[0m[0m user_data_replace_on_change          = false
      [32m+[0m[0m vpc_security_group_ids               = (known after apply)

      [32m+[0m[0m capacity_reservation_specification (known after apply)

      [32m+[0m[0m cpu_options (known after apply)

      [32m+[0m[0m ebs_block_device (known after apply)

      [32m+[0m[0m enclave_options (known after apply)

      [32m+[0m[0m ephemeral_block_device (known after apply)

      [32m+[0m[0m instance_market_options (known after apply)

      [32m+[0m[0m maintenance_options (known after apply)

      [32m+[0m[0m metadata_options (known after apply)

      [32m+[0m[0m network_interface (known after apply)

      [32m+[0m[0m private_dns_name_options (known after apply)

      [32m+[0m[0m root_block_device (known after apply)
    }

[1m  # module.node_ap[0].aws_key_pair.raft[0m will be created
[0m  [32m+[0m[0m resource "aws_key_pair" "raft" {
      [32m+[0m[0m arn             = (known after apply)
      [32m+[0m[0m fingerprint     = (known after apply)
      [32m+[0m[0m id              = (known after apply)
      [32m+[0m[0m key_name        = "raft-quic-cross-node1"
      [32m+[0m[0m key_name_prefix = (known after apply)
      [32m+[0m[0m key_pair_id     = (known after apply)
      [32m+[0m[0m key_type        = (known after apply)
      [32m+[0m[0m public_key      = (known after apply)
      [32m+[0m[0m tags            = {
          [32m+[0m[0m "Node"    = "node1"
          [32m+[0m[0m "Project" = "raft-quic"
        }
      [32m+[0m[0m tags_all        = {
          [32m+[0m[0m "Node"    = "node1"
          [32m+[0m[0m "Project" = "raft-quic"
        }
    }

[1m  # module.node_ap[0].aws_security_group.raft[0m will be created
[0m  [32m+[0m[0m resource "aws_security_group" "raft" {
      [32m+[0m[0m arn                    = (known after apply)
      [32m+[0m[0m description            = "Raft-over-QUIC cluster node node1"
      [32m+[0m[0m egress                 = [
          [32m+[0m[0m {
              [32m+[0m[0m cidr_blocks      = [
                  [32m+[0m[0m "0.0.0.0/0",
                ]
              [32m+[0m[0m from_port        = 0
              [32m+[0m[0m ipv6_cidr_blocks = []
              [32m+[0m[0m prefix_list_ids  = []
              [32m+[0m[0m protocol         = "-1"
              [32m+[0m[0m security_groups  = []
              [32m+[0m[0m self             = false
              [32m+[0m[0m to_port          = 0
                [90m# (1 unchanged attribute hidden)[0m[0m
            },
        ]
      [32m+[0m[0m id                     = (known after apply)
      [32m+[0m[0m ingress                = [
          [32m+[0m[0m {
              [32m+[0m[0m cidr_blocks      = [
                  [32m+[0m[0m "0.0.0.0/0",
                ]
              [32m+[0m[0m from_port        = 22
              [32m+[0m[0m ipv6_cidr_blocks = []
              [32m+[0m[0m prefix_list_ids  = []
              [32m+[0m[0m protocol         = "tcp"
              [32m+[0m[0m security_groups  = []
              [32m+[0m[0m self             = false
              [32m+[0m[0m to_port          = 22
                [90m# (1 unchanged attribute hidden)[0m[0m
            },
          [32m+[0m[0m {
              [32m+[0m[0m cidr_blocks      = [
                  [32m+[0m[0m "0.0.0.0/0",
                ]
              [32m+[0m[0m from_port        = 7001
              [32m+[0m[0m ipv6_cidr_blocks = []
              [32m+[0m[0m prefix_list_ids  = []
              [32m+[0m[0m protocol         = "udp"
              [32m+[0m[0m security_groups  = []
              [32m+[0m[0m self             = false
              [32m+[0m[0m to_port          = 7001
                [90m# (1 unchanged attribute hidden)[0m[0m
            },
          [32m+[0m[0m {
              [32m+[0m[0m cidr_blocks      = [
                  [32m+[0m[0m "0.0.0.0/0",
                ]
              [32m+[0m[0m from_port        = 8001
              [32m+[0m[0m ipv6_cidr_blocks = []
              [32m+[0m[0m prefix_list_ids  = []
              [32m+[0m[0m protocol         = "tcp"
              [32m+[0m[0m security_groups  = []
              [32m+[0m[0m self             = false
              [32m+[0m[0m to_port          = 8001
                [90m# (1 unchanged attribute hidden)[0m[0m
            },
          [32m+[0m[0m {
              [32m+[0m[0m cidr_blocks      = [
                  [32m+[0m[0m "0.0.0.0/0",
                ]
              [32m+[0m[0m from_port        = 9001
              [32m+[0m[0m ipv6_cidr_blocks = []
              [32m+[0m[0m prefix_list_ids  = []
              [32m+[0m[0m protocol         = "tcp"
              [32m+[0m[0m security_groups  = []
              [32m+[0m[0m self             = false
              [32m+[0m[0m to_port          = 9001
                [90m# (1 unchanged attribute hidden)[0m[0m
            },
        ]
      [32m+[0m[0m name                   = "raft-quic-node1"
      [32m+[0m[0m name_prefix            = (known after apply)
      [32m+[0m[0m owner_id               = (known after apply)
      [32m+[0m[0m revoke_rules_on_delete = false
      [32m+[0m[0m tags                   = {
          [32m+[0m[0m "Node"    = "node1"
          [32m+[0m[0m "Project" = "raft-quic"
        }
      [32m+[0m[0m tags_all               = {
          [32m+[0m[0m "Node"    = "node1"
          [32m+[0m[0m "Project" = "raft-quic"
        }
      [32m+[0m[0m vpc_id                 = (known after apply)
    }

[1m  # module.node_eu[0].aws_iam_instance_profile.raft_ssm[0m will be created
[0m  [32m+[0m[0m resource "aws_iam_instance_profile" "raft_ssm" {
      [32m+[0m[0m arn         = (known after apply)
      [32m+[0m[0m create_date = (known after apply)
      [32m+[0m[0m id          = (known after apply)
      [32m+[0m[0m name        = "raft-quic-cross-ssm-node3"
      [32m+[0m[0m name_prefix = (known after apply)
      [32m+[0m[0m path        = "/"
      [32m+[0m[0m role        = "raft-quic-cross-ssm-node3"
      [32m+[0m[0m tags_all    = (known after apply)
      [32m+[0m[0m unique_id   = (known after apply)
    }

[1m  # module.node_eu[0].aws_iam_role.raft_ssm[0m will be created
[0m  [32m+[0m[0m resource "aws_iam_role" "raft_ssm" {
      [32m+[0m[0m arn                   = (known after apply)
      [32m+[0m[0m assume_role_policy    = jsonencode(
            {
              [32m+[0m[0m Statement = [
                  [32m+[0m[0m {
                      [32m+[0m[0m Action    = "sts:AssumeRole"
                      [32m+[0m[0m Effect    = "Allow"
                      [32m+[0m[0m Principal = {
                          [32m+[0m[0m Service = "ec2.amazonaws.com"
                        }
                    },
                ]
              [32m+[0m[0m Version   = "2012-10-17"
            }
        )
      [32m+[0m[0m create_date           = (known after apply)
      [32m+[0m[0m force_detach_policies = false
      [32m+[0m[0m id                    = (known after apply)
      [32m+[0m[0m managed_policy_arns   = (known after apply)
      [32m+[0m[0m max_session_duration  = 3600
      [32m+[0m[0m name                  = "raft-quic-cross-ssm-node3"
      [32m+[0m[0m name_prefix           = (known after apply)
      [32m+[0m[0m path                  = "/"
      [32m+[0m[0m tags                  = {
          [32m+[0m[0m "Node"    = "node3"
          [32m+[0m[0m "Project" = "raft-quic"
        }
      [32m+[0m[0m tags_all              = {
          [32m+[0m[0m "Node"    = "node3"
          [32m+[0m[0m "Project" = "raft-quic"
        }
      [32m+[0m[0m unique_id             = (known after apply)

      [32m+[0m[0m inline_policy (known after apply)
    }

[1m  # module.node_eu[0].aws_iam_role_policy_attachment.ssm_core[0m will be created
[0m  [32m+[0m[0m resource "aws_iam_role_policy_attachment" "ssm_core" {
      [32m+[0m[0m id         = (known after apply)
      [32m+[0m[0m policy_arn = "arn:aws:iam::aws:policy/AmazonSSMManagedInstanceCore"
      [32m+[0m[0m role       = "raft-quic-cross-ssm-node3"
    }

[1m  # module.node_eu[0].aws_instance.node[0m will be created
[0m  [32m+[0m[0m resource "aws_instance" "node" {
      [32m+[0m[0m ami                                  = "ami-07f4d6f1cf436d5e9"
      [32m+[0m[0m arn                                  = (known after apply)
      [32m+[0m[0m associate_public_ip_address          = true
      [32m+[0m[0m availability_zone                    = (known after apply)
      [32m+[0m[0m cpu_core_count                       = (known after apply)
      [32m+[0m[0m cpu_threads_per_core                 = (known after apply)
      [32m+[0m[0m disable_api_stop                     = (known after apply)
      [32m+[0m[0m disable_api_termination              = (known after apply)
      [32m+[0m[0m ebs_optimized                        = (known after apply)
      [32m+[0m[0m enable_primary_ipv6                  = (known after apply)
      [32m+[0m[0m get_password_data                    = false
      [32m+[0m[0m host_id                              = (known after apply)
      [32m+[0m[0m host_resource_group_arn              = (known after apply)
      [32m+[0m[0m iam_instance_profile                 = "raft-quic-cross-ssm-node3"
      [32m+[0m[0m id                                   = (known after apply)
      [32m+[0m[0m instance_initiated_shutdown_behavior = (known after apply)
      [32m+[0m[0m instance_lifecycle                   = (known after apply)
      [32m+[0m[0m instance_state                       = (known after apply)
      [32m+[0m[0m instance_type                        = "t3.micro"
      [32m+[0m[0m ipv6_address_count                   = (known after apply)
      [32m+[0m[0m ipv6_addresses                       = (known after apply)
      [32m+[0m[0m key_name                             = "raft-quic-cross-node3"
      [32m+[0m[0m monitoring                           = (known after apply)
      [32m+[0m[0m outpost_arn                          = (known after apply)
      [32m+[0m[0m password_data                        = (known after apply)
      [32m+[0m[0m placement_group                      = (known after apply)
      [32m+[0m[0m placement_partition_number           = (known after apply)
      [32m+[0m[0m primary_network_interface_id         = (known after apply)
      [32m+[0m[0m private_dns                          = (known after apply)
      [32m+[0m[0m private_ip                           = (known after apply)
      [32m+[0m[0m public_dns                           = (known after apply)
      [32m+[0m[0m public_ip                            = (known after apply)
      [32m+[0m[0m secondary_private_ips                = (known after apply)
      [32m+[0m[0m security_groups                      = (known after apply)
      [32m+[0m[0m source_dest_check                    = true
      [32m+[0m[0m spot_instance_request_id             = (known after apply)
      [32m+[0m[0m subnet_id                            = (known after apply)
      [32m+[0m[0m tags                                 = {
          [32m+[0m[0m "Name"    = "raft-quic-node3"
          [32m+[0m[0m "Node"    = "node3"
          [32m+[0m[0m "Project" = "raft-quic"
        }
      [32m+[0m[0m tags_all                             = {
          [32m+[0m[0m "Name"    = "raft-quic-node3"
          [32m+[0m[0m "Node"    = "node3"
          [32m+[0m[0m "Project" = "raft-quic"
        }
      [32m+[0m[0m tenancy                              = (known after apply)
      [32m+[0m[0m user_data                            = (known after apply)
      [32m+[0m[0m user_data_base64                     = (known after apply)
      [32m+[0m[0m user_data_replace_on_change          = false
      [32m+[0m[0m vpc_security_group_ids               = (known after apply)

      [32m+[0m[0m capacity_reservation_specification (known after apply)

      [32m+[0m[0m cpu_options (known after apply)

      [32m+[0m[0m ebs_block_device (known after apply)

      [32m+[0m[0m enclave_options (known after apply)

      [32m+[0m[0m ephemeral_block_device (known after apply)

      [32m+[0m[0m instance_market_options (known after apply)

      [32m+[0m[0m maintenance_options (known after apply)

      [32m+[0m[0m metadata_options (known after apply)

      [32m+[0m[0m network_interface (known after apply)

      [32m+[0m[0m private_dns_name_options (known after apply)

      [32m+[0m[0m root_block_device (known after apply)
    }

[1m  # module.node_eu[0].aws_key_pair.raft[0m will be created
[0m  [32m+[0m[0m resource "aws_key_pair" "raft" {
      [32m+[0m[0m arn             = (known after apply)
      [32m+[0m[0m fingerprint     = (known after apply)
      [32m+[0m[0m id              = (known after apply)
      [32m+[0m[0m key_name        = "raft-quic-cross-node3"
      [32m+[0m[0m key_name_prefix = (known after apply)
      [32m+[0m[0m key_pair_id     = (known after apply)
      [32m+[0m[0m key_type        = (known after apply)
      [32m+[0m[0m public_key      = (known after apply)
      [32m+[0m[0m tags            = {
          [32m+[0m[0m "Node"    = "node3"
          [32m+[0m[0m "Project" = "raft-quic"
        }
      [32m+[0m[0m tags_all        = {
          [32m+[0m[0m "Node"    = "node3"
          [32m+[0m[0m "Project" = "raft-quic"
        }
    }

[1m  # module.node_eu[0].aws_security_group.raft[0m will be created
[0m  [32m+[0m[0m resource "aws_security_group" "raft" {
      [32m+[0m[0m arn                    = (known after apply)
      [32m+[0m[0m description            = "Raft-over-QUIC cluster node node3"
      [32m+[0m[0m egress                 = [
          [32m+[0m[0m {
              [32m+[0m[0m cidr_blocks      = [
                  [32m+[0m[0m "0.0.0.0/0",
                ]
              [32m+[0m[0m from_port        = 0
              [32m+[0m[0m ipv6_cidr_blocks = []
              [32m+[0m[0m prefix_list_ids  = []
              [32m+[0m[0m protocol         = "-1"
              [32m+[0m[0m security_groups  = []
              [32m+[0m[0m self             = false
              [32m+[0m[0m to_port          = 0
                [90m# (1 unchanged attribute hidden)[0m[0m
            },
        ]
      [32m+[0m[0m id                     = (known after apply)
      [32m+[0m[0m ingress                = [
          [32m+[0m[0m {
              [32m+[0m[0m cidr_blocks      = [
                  [32m+[0m[0m "0.0.0.0/0",
                ]
              [32m+[0m[0m from_port        = 22
              [32m+[0m[0m ipv6_cidr_blocks = []
              [32m+[0m[0m prefix_list_ids  = []
              [32m+[0m[0m protocol         = "tcp"
              [32m+[0m[0m security_groups  = []
              [32m+[0m[0m self             = false
              [32m+[0m[0m to_port          = 22
                [90m# (1 unchanged attribute hidden)[0m[0m
            },
          [32m+[0m[0m {
              [32m+[0m[0m cidr_blocks      = [
                  [32m+[0m[0m "0.0.0.0/0",
                ]
              [32m+[0m[0m from_port        = 7001
              [32m+[0m[0m ipv6_cidr_blocks = []
              [32m+[0m[0m prefix_list_ids  = []
              [32m+[0m[0m protocol         = "udp"
              [32m+[0m[0m security_groups  = []
              [32m+[0m[0m self             = false
              [32m+[0m[0m to_port          = 7001
                [90m# (1 unchanged attribute hidden)[0m[0m
            },
          [32m+[0m[0m {
              [32m+[0m[0m cidr_blocks      = [
                  [32m+[0m[0m "0.0.0.0/0",
                ]
              [32m+[0m[0m from_port        = 8001
              [32m+[0m[0m ipv6_cidr_blocks = []
              [32m+[0m[0m prefix_list_ids  = []
              [32m+[0m[0m protocol         = "tcp"
              [32m+[0m[0m security_groups  = []
              [32m+[0m[0m self             = false
              [32m+[0m[0m to_port          = 8001
                [90m# (1 unchanged attribute hidden)[0m[0m
            },
          [32m+[0m[0m {
              [32m+[0m[0m cidr_blocks      = [
                  [32m+[0m[0m "0.0.0.0/0",
                ]
              [32m+[0m[0m from_port        = 9001
              [32m+[0m[0m ipv6_cidr_blocks = []
              [32m+[0m[0m prefix_list_ids  = []
              [32m+[0m[0m protocol         = "tcp"
              [32m+[0m[0m security_groups  = []
              [32m+[0m[0m self             = false
              [32m+[0m[0m to_port          = 9001
                [90m# (1 unchanged attribute hidden)[0m[0m
            },
        ]
      [32m+[0m[0m name                   = "raft-quic-node3"
      [32m+[0m[0m name_prefix            = (known after apply)
      [32m+[0m[0m owner_id               = (known after apply)
      [32m+[0m[0m revoke_rules_on_delete = false
      [32m+[0m[0m tags                   = {
          [32m+[0m[0m "Node"    = "node3"
          [32m+[0m[0m "Project" = "raft-quic"
        }
      [32m+[0m[0m tags_all               = {
          [32m+[0m[0m "Node"    = "node3"
          [32m+[0m[0m "Project" = "raft-quic"
        }
      [32m+[0m[0m vpc_id                 = (known after apply)
    }

[1m  # module.node_us[0].aws_iam_instance_profile.raft_ssm[0m will be created
[0m  [32m+[0m[0m resource "aws_iam_instance_profile" "raft_ssm" {
      [32m+[0m[0m arn         = (known after apply)
      [32m+[0m[0m create_date = (known after apply)
      [32m+[0m[0m id          = (known after apply)
      [32m+[0m[0m name        = "raft-quic-cross-ssm-node2"
      [32m+[0m[0m name_prefix = (known after apply)
      [32m+[0m[0m path        = "/"
      [32m+[0m[0m role        = "raft-quic-cross-ssm-node2"
      [32m+[0m[0m tags_all    = (known after apply)
      [32m+[0m[0m unique_id   = (known after apply)
    }

[1m  # module.node_us[0].aws_iam_role.raft_ssm[0m will be created
[0m  [32m+[0m[0m resource "aws_iam_role" "raft_ssm" {
      [32m+[0m[0m arn                   = (known after apply)
      [32m+[0m[0m assume_role_policy    = jsonencode(
            {
              [32m+[0m[0m Statement = [
                  [32m+[0m[0m {
                      [32m+[0m[0m Action    = "sts:AssumeRole"
                      [32m+[0m[0m Effect    = "Allow"
                      [32m+[0m[0m Principal = {
                          [32m+[0m[0m Service = "ec2.amazonaws.com"
                        }
                    },
                ]
              [32m+[0m[0m Version   = "2012-10-17"
            }
        )
      [32m+[0m[0m create_date           = (known after apply)
      [32m+[0m[0m force_detach_policies = false
      [32m+[0m[0m id                    = (known after apply)
      [32m+[0m[0m managed_policy_arns   = (known after apply)
      [32m+[0m[0m max_session_duration  = 3600
      [32m+[0m[0m name                  = "raft-quic-cross-ssm-node2"
      [32m+[0m[0m name_prefix           = (known after apply)
      [32m+[0m[0m path                  = "/"
      [32m+[0m[0m tags                  = {
          [32m+[0m[0m "Node"    = "node2"
          [32m+[0m[0m "Project" = "raft-quic"
        }
      [32m+[0m[0m tags_all              = {
          [32m+[0m[0m "Node"    = "node2"
          [32m+[0m[0m "Project" = "raft-quic"
        }
      [32m+[0m[0m unique_id             = (known after apply)

      [32m+[0m[0m inline_policy (known after apply)
    }

[1m  # module.node_us[0].aws_iam_role_policy_attachment.ssm_core[0m will be created
[0m  [32m+[0m[0m resource "aws_iam_role_policy_attachment" "ssm_core" {
      [32m+[0m[0m id         = (known after apply)
      [32m+[0m[0m policy_arn = "arn:aws:iam::aws:policy/AmazonSSMManagedInstanceCore"
      [32m+[0m[0m role       = "raft-quic-cross-ssm-node2"
    }

[1m  # module.node_us[0].aws_instance.node[0m will be created
[0m  [32m+[0m[0m resource "aws_instance" "node" {
      [32m+[0m[0m ami                                  = "ami-0d67eaae9ae173448"
      [32m+[0m[0m arn                                  = (known after apply)
      [32m+[0m[0m associate_public_ip_address          = true
      [32m+[0m[0m availability_zone                    = (known after apply)
      [32m+[0m[0m cpu_core_count                       = (known after apply)
      [32m+[0m[0m cpu_threads_per_core                 = (known after apply)
      [32m+[0m[0m disable_api_stop                     = (known after apply)
      [32m+[0m[0m disable_api_termination              = (known after apply)
      [32m+[0m[0m ebs_optimized                        = (known after apply)
      [32m+[0m[0m enable_primary_ipv6                  = (known after apply)
      [32m+[0m[0m get_password_data                    = false
      [32m+[0m[0m host_id                              = (known after apply)
      [32m+[0m[0m host_resource_group_arn              = (known after apply)
      [32m+[0m[0m iam_instance_profile                 = "raft-quic-cross-ssm-node2"
      [32m+[0m[0m id                                   = (known after apply)
      [32m+[0m[0m instance_initiated_shutdown_behavior = (known after apply)
      [32m+[0m[0m instance_lifecycle                   = (known after apply)
      [32m+[0m[0m instance_state                       = (known after apply)
      [32m+[0m[0m instance_type                        = "t3.micro"
      [32m+[0m[0m ipv6_address_count                   = (known after apply)
      [32m+[0m[0m ipv6_addresses                       = (known after apply)
      [32m+[0m[0m key_name                             = "raft-quic-cross-node2"
      [32m+[0m[0m monitoring                           = (known after apply)
      [32m+[0m[0m outpost_arn                          = (known after apply)
      [32m+[0m[0m password_data                        = (known after apply)
      [32m+[0m[0m placement_group                      = (known after apply)
      [32m+[0m[0m placement_partition_number           = (known after apply)
      [32m+[0m[0m primary_network_interface_id         = (known after apply)
      [32m+[0m[0m private_dns                          = (known after apply)
      [32m+[0m[0m private_ip                           = (known after apply)
      [32m+[0m[0m public_dns                           = (known after apply)
      [32m+[0m[0m public_ip                            = (known after apply)
      [32m+[0m[0m secondary_private_ips                = (known after apply)
      [32m+[0m[0m security_groups                      = (known after apply)
      [32m+[0m[0m source_dest_check                    = true
      [32m+[0m[0m spot_instance_request_id             = (known after apply)
      [32m+[0m[0m subnet_id                            = (known after apply)
      [32m+[0m[0m tags                                 = {
          [32m+[0m[0m "Name"    = "raft-quic-node2"
          [32m+[0m[0m "Node"    = "node2"
          [32m+[0m[0m "Project" = "raft-quic"
        }
      [32m+[0m[0m tags_all                             = {
          [32m+[0m[0m "Name"    = "raft-quic-node2"
          [32m+[0m[0m "Node"    = "node2"
          [32m+[0m[0m "Project" = "raft-quic"
        }
      [32m+[0m[0m tenancy                              = (known after apply)
      [32m+[0m[0m user_data                            = (known after apply)
      [32m+[0m[0m user_data_base64                     = (known after apply)
      [32m+[0m[0m user_data_replace_on_change          = false
      [32m+[0m[0m vpc_security_group_ids               = (known after apply)

      [32m+[0m[0m capacity_reservation_specification (known after apply)

      [32m+[0m[0m cpu_options (known after apply)

      [32m+[0m[0m ebs_block_device (known after apply)

      [32m+[0m[0m enclave_options (known after apply)

      [32m+[0m[0m ephemeral_block_device (known after apply)

      [32m+[0m[0m instance_market_options (known after apply)

      [32m+[0m[0m maintenance_options (known after apply)

      [32m+[0m[0m metadata_options (known after apply)

      [32m+[0m[0m network_interface (known after apply)

      [32m+[0m[0m private_dns_name_options (known after apply)

      [32m+[0m[0m root_block_device (known after apply)
    }

[1m  # module.node_us[0].aws_key_pair.raft[0m will be created
[0m  [32m+[0m[0m resource "aws_key_pair" "raft" {
      [32m+[0m[0m arn             = (known after apply)
      [32m+[0m[0m fingerprint     = (known after apply)
      [32m+[0m[0m id              = (known after apply)
      [32m+[0m[0m key_name        = "raft-quic-cross-node2"
      [32m+[0m[0m key_name_prefix = (known after apply)
      [32m+[0m[0m key_pair_id     = (known after apply)
      [32m+[0m[0m key_type        = (known after apply)
      [32m+[0m[0m public_key      = (known after apply)
      [32m+[0m[0m tags            = {
          [32m+[0m[0m "Node"    = "node2"
          [32m+[0m[0m "Project" = "raft-quic"
        }
      [32m+[0m[0m tags_all        = {
          [32m+[0m[0m "Node"    = "node2"
          [32m+[0m[0m "Project" = "raft-quic"
        }
    }

[1m  # module.node_us[0].aws_security_group.raft[0m will be created
[0m  [32m+[0m[0m resource "aws_security_group" "raft" {
      [32m+[0m[0m arn                    = (known after apply)
      [32m+[0m[0m description            = "Raft-over-QUIC cluster node node2"
      [32m+[0m[0m egress                 = [
          [32m+[0m[0m {
              [32m+[0m[0m cidr_blocks      = [
                  [32m+[0m[0m "0.0.0.0/0",
                ]
              [32m+[0m[0m from_port        = 0
              [32m+[0m[0m ipv6_cidr_blocks = []
              [32m+[0m[0m prefix_list_ids  = []
              [32m+[0m[0m protocol         = "-1"
              [32m+[0m[0m security_groups  = []
              [32m+[0m[0m self             = false
              [32m+[0m[0m to_port          = 0
                [90m# (1 unchanged attribute hidden)[0m[0m
            },
        ]
      [32m+[0m[0m id                     = (known after apply)
      [32m+[0m[0m ingress                = [
          [32m+[0m[0m {
              [32m+[0m[0m cidr_blocks      = [
                  [32m+[0m[0m "0.0.0.0/0",
                ]
              [32m+[0m[0m from_port        = 22
              [32m+[0m[0m ipv6_cidr_blocks = []
              [32m+[0m[0m prefix_list_ids  = []
              [32m+[0m[0m protocol         = "tcp"
              [32m+[0m[0m security_groups  = []
              [32m+[0m[0m self             = false
              [32m+[0m[0m to_port          = 22
                [90m# (1 unchanged attribute hidden)[0m[0m
            },
          [32m+[0m[0m {
              [32m+[0m[0m cidr_blocks      = [
                  [32m+[0m[0m "0.0.0.0/0",
                ]
              [32m+[0m[0m from_port        = 7001
              [32m+[0m[0m ipv6_cidr_blocks = []
              [32m+[0m[0m prefix_list_ids  = []
              [32m+[0m[0m protocol         = "udp"
              [32m+[0m[0m security_groups  = []
              [32m+[0m[0m self             = false
              [32m+[0m[0m to_port          = 7001
                [90m# (1 unchanged attribute hidden)[0m[0m
            },
          [32m+[0m[0m {
              [32m+[0m[0m cidr_blocks      = [
                  [32m+[0m[0m "0.0.0.0/0",
                ]
              [32m+[0m[0m from_port        = 8001
              [32m+[0m[0m ipv6_cidr_blocks = []
              [32m+[0m[0m prefix_list_ids  = []
              [32m+[0m[0m protocol         = "tcp"
              [32m+[0m[0m security_groups  = []
              [32m+[0m[0m self             = false
              [32m+[0m[0m to_port          = 8001
                [90m# (1 unchanged attribute hidden)[0m[0m
            },
          [32m+[0m[0m {
              [32m+[0m[0m cidr_blocks      = [
                  [32m+[0m[0m "0.0.0.0/0",
                ]
              [32m+[0m[0m from_port        = 9001
              [32m+[0m[0m ipv6_cidr_blocks = []
              [32m+[0m[0m prefix_list_ids  = []
              [32m+[0m[0m protocol         = "tcp"
              [32m+[0m[0m security_groups  = []
              [32m+[0m[0m self             = false
              [32m+[0m[0m to_port          = 9001
                [90m# (1 unchanged attribute hidden)[0m[0m
            },
        ]
      [32m+[0m[0m name                   = "raft-quic-node2"
      [32m+[0m[0m name_prefix            = (known after apply)
      [32m+[0m[0m owner_id               = (known after apply)
      [32m+[0m[0m revoke_rules_on_delete = false
      [32m+[0m[0m tags                   = {
          [32m+[0m[0m "Node"    = "node2"
          [32m+[0m[0m "Project" = "raft-quic"
        }
      [32m+[0m[0m tags_all               = {
          [32m+[0m[0m "Node"    = "node2"
          [32m+[0m[0m "Project" = "raft-quic"
        }
      [32m+[0m[0m vpc_id                 = (known after apply)
    }

[1mPlan:[0m [0m20 to add, 0 to change, 0 to destroy.

Changes to Outputs:
  [32m+[0m[0m instance_ids  = [
      [32m+[0m[0m (known after apply),
      [32m+[0m[0m (known after apply),
      [32m+[0m[0m (known after apply),
    ]
  [32m+[0m[0m node_ids      = [
      [32m+[0m[0m "node1",
      [32m+[0m[0m "node2",
      [32m+[0m[0m "node3",
    ]
  [32m+[0m[0m node_ips      = [
      [32m+[0m[0m (known after apply),
      [32m+[0m[0m (known after apply),
      [32m+[0m[0m (known after apply),
    ]
  [32m+[0m[0m region_labels = [
      [32m+[0m[0m "us-east-1",
      [32m+[0m[0m "us-west-2",
      [32m+[0m[0m "eu-west-1",
    ]
  [32m+[0m[0m scenario      = "cross-region"
  [32m+[0m[0m ssh_key_file  = "./raft-key.pem"
  [32m+[0m[0m ssh_user      = "ec2-user"
[0m[1mtls_private_key.ssh: Creating...[0m[0m
[0m[1mmodule.node_eu[0].aws_iam_role.raft_ssm: Creating...[0m[0m
[0m[1mmodule.node_eu[0].aws_security_group.raft: Creating...[0m[0m
[0m[1mmodule.node_ap[0].aws_iam_role.raft_ssm: Creating...[0m[0m
[0m[1mmodule.node_ap[0].aws_security_group.raft: Creating...[0m[0m
[0m[1mmodule.node_us[0].aws_iam_role.raft_ssm: Creating...[0m[0m
[0m[1mmodule.node_us[0].aws_security_group.raft: Creating...[0m[0m
[0m[1mtls_private_key.ssh: Creation complete after 2s [id=b63b24229131cbad980e166f1fd2fbc7d64380a2][0m
[0m[1mmodule.node_eu[0].aws_key_pair.raft: Creating...[0m[0m
[0m[1mmodule.node_us[0].aws_key_pair.raft: Creating...[0m[0m
[0m[1mmodule.node_ap[0].aws_key_pair.raft: Creating...[0m[0m
[0m[1mlocal_sensitive_file.ssh_key: Creating...[0m[0m
[0m[1mlocal_sensitive_file.ssh_key: Creation complete after 0s [id=abfc437af077e1f44498c6e9b8062d97806f2d0b][0m
[0m[1mmodule.node_ap[0].aws_iam_role.raft_ssm: Creation complete after 2s [id=raft-quic-cross-ssm-node1][0m
[0m[1mmodule.node_ap[0].aws_iam_role_policy_attachment.ssm_core: Creating...[0m[0m
[0m[1mmodule.node_ap[0].aws_iam_instance_profile.raft_ssm: Creating...[0m[0m
[0m[1mmodule.node_eu[0].aws_iam_role.raft_ssm: Creation complete after 2s [id=raft-quic-cross-ssm-node3][0m
[0m[1mmodule.node_eu[0].aws_iam_role_policy_attachment.ssm_core: Creating...[0m[0m
[0m[1mmodule.node_us[0].aws_iam_role.raft_ssm: Creation complete after 2s [id=raft-quic-cross-ssm-node2][0m
[0m[1mmodule.node_eu[0].aws_iam_instance_profile.raft_ssm: Creating...[0m[0m
[0m[1mmodule.node_ap[0].aws_key_pair.raft: Creation complete after 1s [id=raft-quic-cross-node1][0m
[0m[1mmodule.node_us[0].aws_iam_instance_profile.raft_ssm: Creating...[0m[0m
[0m[1mmodule.node_us[0].aws_key_pair.raft: Creation complete after 2s [id=raft-quic-cross-node2][0m
[0m[1mmodule.node_us[0].aws_iam_role_policy_attachment.ssm_core: Creating...[0m[0m
[0m[1mmodule.node_eu[0].aws_iam_role_policy_attachment.ssm_core: Creation complete after 1s [id=raft-quic-cross-ssm-node3-20260420065223571700000001][0m
[0m[1mmodule.node_eu[0].aws_key_pair.raft: Creation complete after 2s [id=raft-quic-cross-node3][0m
[0m[1mmodule.node_ap[0].aws_iam_role_policy_attachment.ssm_core: Creation complete after 1s [id=raft-quic-cross-ssm-node1-20260420065223827800000001][0m
[0m[1mmodule.node_us[0].aws_iam_role_policy_attachment.ssm_core: Creation complete after 1s [id=raft-quic-cross-ssm-node2-20260420065224094100000001][0m
[0m[1mmodule.node_us[0].aws_security_group.raft: Creation complete after 6s [id=sg-09d9b4ed52dd4464f][0m
[0m[1mmodule.node_ap[0].aws_security_group.raft: Creation complete after 7s [id=sg-05306fb7db0868b8b][0m
[0m[1mmodule.node_eu[0].aws_security_group.raft: Creation complete after 8s [id=sg-05604b9e6e9f4ec66][0m
[0m[1mmodule.node_ap[0].aws_iam_instance_profile.raft_ssm: Creation complete after 8s [id=raft-quic-cross-ssm-node1][0m
[0m[1mmodule.node_ap[0].aws_instance.node: Creating...[0m[0m
[0m[1mmodule.node_eu[0].aws_iam_instance_profile.raft_ssm: Creation complete after 8s [id=raft-quic-cross-ssm-node3][0m
[0m[1mmodule.node_eu[0].aws_instance.node: Creating...[0m[0m
[0m[1mmodule.node_us[0].aws_iam_instance_profile.raft_ssm: Creation complete after 8s [id=raft-quic-cross-ssm-node2][0m
[0m[1mmodule.node_us[0].aws_instance.node: Creating...[0m[0m
[0m[1mmodule.node_ap[0].aws_instance.node: Still creating... [00m10s elapsed][0m[0m
[0m[1mmodule.node_eu[0].aws_instance.node: Still creating... [00m10s elapsed][0m[0m
[0m[1mmodule.node_us[0].aws_instance.node: Still creating... [00m10s elapsed][0m[0m
[0m[1mmodule.node_us[0].aws_instance.node: Creation complete after 15s [id=i-0cfb87d1f341205de][0m
[0m[1mmodule.node_eu[0].aws_instance.node: Creation complete after 17s [id=i-092f79dd306b886c4][0m
[0m[1mmodule.node_ap[0].aws_instance.node: Still creating... [00m20s elapsed][0m[0m
[0m[1mmodule.node_ap[0].aws_instance.node: Still creating... [00m30s elapsed][0m[0m
[0m[1mmodule.node_ap[0].aws_instance.node: Creation complete after 37s [id=i-02384b2bd31c73443][0m
[0m[1m[32m
Apply complete! Resources: 20 added, 0 changed, 0 destroyed.[0m
[0m[1m[32m
Outputs:

[0minstance_ids = [
  "i-02384b2bd31c73443",
  "i-0cfb87d1f341205de",
  "i-092f79dd306b886c4",
]
node_ids = [
  "node1",
  "node2",
  "node3",
]
node_ips = [
  "184.72.78.131",
  "44.250.187.43",
  "108.130.113.188",
]
region_labels = [
  "us-east-1",
  "us-west-2",
  "eu-west-1",
]
scenario = "cross-region"
ssh_key_file = "./raft-key.pem"
ssh_user = "ec2-user"
[+] 集群配置已保存: /Users/richard/code/raft-quic/deploy/cluster-cross-region-3.env
[*] 上传二进制到 S3（供 SSM 拉取）...
/Users/richard/code/raft-quic/scripts/distributed_benchmark.py:231: DeprecationWarning: datetime.datetime.utcnow() is deprecated and scheduled for removal in a future version. Use timezone-aware objects to represent datetimes in UTC: datetime.datetime.now(datetime.UTC).
  suffix = f"{datetime.utcnow().strftime('%Y%m%d%H%M%S')}-{os.getpid()}-{self.scenario}-{self.cluster_size}"
Completed 1.0 MiB/13.2 MiB (917.8 KiB/s) with 1 file(s) remainingCompleted 2.0 MiB/13.2 MiB (1.5 MiB/s) with 1 file(s) remaining  Completed 3.0 MiB/13.2 MiB (2.2 MiB/s) with 1 file(s) remaining  Completed 4.0 MiB/13.2 MiB (2.9 MiB/s) with 1 file(s) remaining  Completed 5.0 MiB/13.2 MiB (3.5 MiB/s) with 1 file(s) remaining  Completed 6.0 MiB/13.2 MiB (4.2 MiB/s) with 1 file(s) remaining  Completed 7.0 MiB/13.2 MiB (4.8 MiB/s) with 1 file(s) remaining  Completed 8.0 MiB/13.2 MiB (4.7 MiB/s) with 1 file(s) remaining  Completed 9.0 MiB/13.2 MiB (5.2 MiB/s) with 1 file(s) remaining  Completed 10.0 MiB/13.2 MiB (5.0 MiB/s) with 1 file(s) remaining Completed 11.0 MiB/13.2 MiB (5.3 MiB/s) with 1 file(s) remaining Completed 12.0 MiB/13.2 MiB (5.7 MiB/s) with 1 file(s) remaining Completed 13.0 MiB/13.2 MiB (6.1 MiB/s) with 1 file(s) remaining Completed 13.2 MiB/13.2 MiB (4.5 MiB/s) with 1 file(s) remaining upload: ./raftd-linux-amd64 to s3://raft-quic-artifacts-560449670342-us-east-1/distributed-benchmark/20260420065311-45845-cross-region-3/raftd-linux-amd64
Completed 1.0 MiB/7.8 MiB (940.1 KiB/s) with 1 file(s) remainingCompleted 2.0 MiB/7.8 MiB (1.3 MiB/s) with 1 file(s) remaining  Completed 3.0 MiB/7.8 MiB (1.9 MiB/s) with 1 file(s) remaining  Completed 4.0 MiB/7.8 MiB (2.5 MiB/s) with 1 file(s) remaining  Completed 5.0 MiB/7.8 MiB (2.8 MiB/s) with 1 file(s) remaining  Completed 6.0 MiB/7.8 MiB (3.2 MiB/s) with 1 file(s) remaining  Completed 7.0 MiB/7.8 MiB (2.7 MiB/s) with 1 file(s) remaining  Completed 7.8 MiB/7.8 MiB (2.4 MiB/s) with 1 file(s) remaining  upload: cmd/tcp-server/tcp-server-linux-amd64 to s3://raft-quic-artifacts-560449670342-us-east-1/distributed-benchmark/20260420065311-45845-cross-region-3/tcp-server-linux-amd64
[+] 二进制已上传并生成预签名下载链接
[*] 等待 SSM 就绪: node1 (i-02384b2bd31c73443, us-east-1)
[+] SSM 就绪: node1
[*] 等待 SSM 就绪: node2 (i-0cfb87d1f341205de, us-west-2)
[+] SSM 就绪: node2
[*] 等待 SSM 就绪: node3 (i-092f79dd306b886c4, eu-west-1)
[+] SSM 就绪: node3
[*] 通过 SSM 启动 bootstrap 节点: node1
[*] 通过 SSM 启动 follower 节点: node2
[*] 通过 SSM 启动 follower 节点: node3
[*] 等待集群状态稳定...
[+] 集群状态已就绪
delete: s3://raft-quic-artifacts-560449670342-us-east-1/distributed-benchmark/20260420065311-45845-cross-region-3/raftd-linux-amd64
delete: s3://raft-quic-artifacts-560449670342-us-east-1/distributed-benchmark/20260420065311-45845-cross-region-3/tcp-server-linux-amd64
[+] 集群部署并启动完成: ['node1', 'node2', 'node3']

[*] 运行 QUIC 基准测试 (3 节点, cross-region)...
[+] 发现 leader: node1 (184.72.78.131)

[*] 运行 TCP 基准测试 (3 节点, cross-region)...
[+] 发现 leader: node3 (108.130.113.188)
[*] 销毁 3 节点 cross-region 集群...
[0m[1mtls_private_key.ssh: Refreshing state... [id=b63b24229131cbad980e166f1fd2fbc7d64380a2][0m
[0m[1mlocal_sensitive_file.ssh_key: Refreshing state... [id=abfc437af077e1f44498c6e9b8062d97806f2d0b][0m
[0m[1mmodule.node_us[0].data.aws_ami.al2023: Reading...[0m[0m
[0m[1mmodule.node_us[0].data.aws_iam_policy_document.ec2_assume_role: Reading...[0m[0m
[0m[1mmodule.node_us[0].aws_key_pair.raft: Refreshing state... [id=raft-quic-cross-node2][0m
[0m[1mmodule.node_us[0].data.aws_iam_policy_document.ec2_assume_role: Read complete after 0s [id=2851119427][0m
[0m[1mmodule.node_ap[0].data.aws_ami.al2023: Reading...[0m[0m
[0m[1mmodule.node_ap[0].aws_key_pair.raft: Refreshing state... [id=raft-quic-cross-node1][0m
[0m[1mmodule.node_ap[0].data.aws_iam_policy_document.ec2_assume_role: Reading...[0m[0m
[0m[1mmodule.node_eu[0].data.aws_ami.al2023: Reading...[0m[0m
[0m[1mmodule.node_us[0].aws_security_group.raft: Refreshing state... [id=sg-09d9b4ed52dd4464f][0m
[0m[1mmodule.node_ap[0].data.aws_iam_policy_document.ec2_assume_role: Read complete after 0s [id=2851119427][0m
[0m[1mmodule.node_eu[0].data.aws_iam_policy_document.ec2_assume_role: Reading...[0m[0m
[0m[1mmodule.node_eu[0].aws_security_group.raft: Refreshing state... [id=sg-05604b9e6e9f4ec66][0m
[0m[1mmodule.node_eu[0].aws_key_pair.raft: Refreshing state... [id=raft-quic-cross-node3][0m
[0m[1mmodule.node_ap[0].aws_security_group.raft: Refreshing state... [id=sg-05306fb7db0868b8b][0m
[0m[1mmodule.node_eu[0].data.aws_iam_policy_document.ec2_assume_role: Read complete after 0s [id=2851119427][0m
[0m[1mmodule.node_us[0].aws_iam_role.raft_ssm: Refreshing state... [id=raft-quic-cross-ssm-node2][0m
[0m[1mmodule.node_ap[0].aws_iam_role.raft_ssm: Refreshing state... [id=raft-quic-cross-ssm-node1][0m
[0m[1mmodule.node_eu[0].aws_iam_role.raft_ssm: Refreshing state... [id=raft-quic-cross-ssm-node3][0m
[0m[1mmodule.node_us[0].aws_iam_role_policy_attachment.ssm_core: Refreshing state... [id=raft-quic-cross-ssm-node2-20260420065224094100000001][0m
[0m[1mmodule.node_us[0].aws_iam_instance_profile.raft_ssm: Refreshing state... [id=raft-quic-cross-ssm-node2][0m
[0m[1mmodule.node_us[0].data.aws_ami.al2023: Read complete after 2s [id=ami-0d67eaae9ae173448][0m
[0m[1mmodule.node_ap[0].data.aws_ami.al2023: Read complete after 3s [id=ami-0102a36b3e9d5e4df][0m
[0m[1mmodule.node_us[0].aws_instance.node: Refreshing state... [id=i-0cfb87d1f341205de][0m
[0m[1mmodule.node_ap[0].aws_iam_role_policy_attachment.ssm_core: Refreshing state... [id=raft-quic-cross-ssm-node1-20260420065223827800000001][0m
[0m[1mmodule.node_ap[0].aws_iam_instance_profile.raft_ssm: Refreshing state... [id=raft-quic-cross-ssm-node1][0m
[0m[1mmodule.node_eu[0].data.aws_ami.al2023: Read complete after 3s [id=ami-07f4d6f1cf436d5e9][0m
[0m[1mmodule.node_eu[0].aws_iam_role_policy_attachment.ssm_core: Refreshing state... [id=raft-quic-cross-ssm-node3-20260420065223571700000001][0m
[0m[1mmodule.node_eu[0].aws_iam_instance_profile.raft_ssm: Refreshing state... [id=raft-quic-cross-ssm-node3][0m
[0m[1mmodule.node_ap[0].aws_instance.node: Refreshing state... [id=i-02384b2bd31c73443][0m
[0m[1mmodule.node_eu[0].aws_instance.node: Refreshing state... [id=i-092f79dd306b886c4][0m

Terraform used the selected providers to generate the following execution
plan. Resource actions are indicated with the following symbols:
  [31m-[0m destroy[0m

Terraform will perform the following actions:

[1m  # local_sensitive_file.ssh_key[0m will be [1m[31mdestroyed[0m
[0m  [31m-[0m[0m resource "local_sensitive_file" "ssh_key" {
      [31m-[0m[0m content              = (sensitive value) [90m-> null[0m[0m
      [31m-[0m[0m content_base64sha256 = "UPg3IAxy4czsmFAzMjaAK+2f7FmlFBxdMjevFOGhGmA=" [90m-> null[0m[0m
      [31m-[0m[0m content_base64sha512 = "RKxBrb9d8r9nzNaiWo35ANgpn1ma8flUqzs1fZ+dfXoOCzkGO8HOIZRWbsP3TxCMVK0CbxBRPx1PL5nZbzMw4Q==" [90m-> null[0m[0m
      [31m-[0m[0m content_md5          = "8e7c27eea1e6dcbf63f2b966348ce099" [90m-> null[0m[0m
      [31m-[0m[0m content_sha1         = "abfc437af077e1f44498c6e9b8062d97806f2d0b" [90m-> null[0m[0m
      [31m-[0m[0m content_sha256       = "50f837200c72e1ccec9850333236802bed9fec59a5141c5d3237af14e1a11a60" [90m-> null[0m[0m
      [31m-[0m[0m content_sha512       = "44ac41adbf5df2bf67ccd6a25a8df900d8299f599af1f954ab3b357d9f9d7d7a0e0b39063bc1ce2194566ec3f74f108c54ad026f10513f1d4f2f99d96f3330e1" [90m-> null[0m[0m
      [31m-[0m[0m directory_permission = "0700" [90m-> null[0m[0m
      [31m-[0m[0m file_permission      = "0600" [90m-> null[0m[0m
      [31m-[0m[0m filename             = "./raft-key.pem" [90m-> null[0m[0m
      [31m-[0m[0m id                   = "abfc437af077e1f44498c6e9b8062d97806f2d0b" [90m-> null[0m[0m
    }

[1m  # tls_private_key.ssh[0m will be [1m[31mdestroyed[0m
[0m  [31m-[0m[0m resource "tls_private_key" "ssh" {
      [31m-[0m[0m algorithm                     = "RSA" [90m-> null[0m[0m
      [31m-[0m[0m ecdsa_curve                   = "P224" [90m-> null[0m[0m
      [31m-[0m[0m id                            = "b63b24229131cbad980e166f1fd2fbc7d64380a2" [90m-> null[0m[0m
      [31m-[0m[0m private_key_openssh           = (sensitive value) [90m-> null[0m[0m
      [31m-[0m[0m private_key_pem               = (sensitive value) [90m-> null[0m[0m
      [31m-[0m[0m private_key_pem_pkcs8         = (sensitive value) [90m-> null[0m[0m
      [31m-[0m[0m public_key_fingerprint_md5    = "03:a6:14:85:3d:f3:3e:60:d8:95:cd:75:27:26:e1:cc" [90m-> null[0m[0m
      [31m-[0m[0m public_key_fingerprint_sha256 = "SHA256:bbQtB8hwpFcSJWRacZiVUoiYHHWzWKuVDF15cYYATRI" [90m-> null[0m[0m
      [31m-[0m[0m public_key_openssh            = <<-EOT
            ssh-rsa AAAAB3NzaC1yc2EAAAADAQABAAACAQDDPmmbu113JKH40kGHoAEibUURwElv0O7FY1oSrgNjH9fDrdiT0/HqomnaBy+rJkiCqHvrRqZlfUDSqNnjgQVyp/HlA9ujbc2gLqOZaD0JFpwzNfkiM6JCiSNu1t9+DSWA6kC1tZSNx+dVBGQ/Mf4EXXl7dExXv83WY6jF3JWKjTPuoXU/rjyWmhs/BJupxr3g73o3B3HfTuMmGNxNGOYyIGlO2mKlwiZp+ucfgya9TRytA1N1VCCH1/Q1NQ7tXs9TvGwIL5MwTkbNtP6JjIvu45marPdYJ7oL9E/03N2IbI5xABvAC/E3wrWFI4vhoPAeFEDjZbZMfKQ6g33nxFpHXeg0KaoXGMjwP0BNtV3rSTihvclMMxGbZmSAc3f21Q8oGm32eCf15hnNSFIvNujKfJRfqLW8Aq7bUPVK5WgNoUlIs71G68RO0n1ggV2JBETGNHj7CIKZ2oLE9qIUEwcnJcR8qYswmdD/mfRJ3gsWDGLR9b2ct1TKHWGrb54zRxGv+aQeig9yrsK+1zcWn8pUEKn3jSt3KbFvnoC5c/B3grFmL+wvP8fo7LSttLbO4K3WAUjsfUshJAT0jEUd0B2vWhFGqF4rpDp1wvOIPj09S+5wzLBFl6pv70guOA6/5O+DrXlRj8nuUh+0brrxef8rv0x0qYkGygdja4AqV/hHlw==
        EOT [90m-> null[0m[0m
      [31m-[0m[0m public_key_pem                = <<-EOT
            -----BEGIN PUBLIC KEY-----
            MIICIjANBgkqhkiG9w0BAQEFAAOCAg8AMIICCgKCAgEAwz5pm7tddySh+NJBh6AB
            Im1FEcBJb9DuxWNaEq4DYx/Xw63Yk9Px6qJp2gcvqyZIgqh760amZX1A0qjZ44EF
            cqfx5QPbo23NoC6jmWg9CRacMzX5IjOiQokjbtbffg0lgOpAtbWUjcfnVQRkPzH+
            BF15e3RMV7/N1mOoxdyVio0z7qF1P648lpobPwSbqca94O96Nwdx307jJhjcTRjm
            MiBpTtpipcImafrnH4MmvU0crQNTdVQgh9f0NTUO7V7PU7xsCC+TME5GzbT+iYyL
            7uOZmqz3WCe6C/RP9NzdiGyOcQAbwAvxN8K1hSOL4aDwHhRA42W2THykOoN958Ra
            R13oNCmqFxjI8D9ATbVd60k4ob3JTDMRm2ZkgHN39tUPKBpt9ngn9eYZzUhSLzbo
            ynyUX6i1vAKu21D1SuVoDaFJSLO9RuvETtJ9YIFdiQRExjR4+wiCmdqCxPaiFBMH
            JyXEfKmLMJnQ/5n0Sd4LFgxi0fW9nLdUyh1hq2+eM0cRr/mkHooPcq7Cvtc3Fp/K
            VBCp940rdymxb56AuXPwd4KxZi/sLz/H6Oy0rbS2zuCt1gFI7H1LISQE9IxFHdAd
            r1oRRqheK6Q6dcLziD49PUvucMywRZeqb+9ILjgOv+Tvg615UY/J7lIftG668Xn/
            K79MdKmJBsoHY2uAKlf4R5cCAwEAAQ==
            -----END PUBLIC KEY-----
        EOT [90m-> null[0m[0m
      [31m-[0m[0m rsa_bits                      = 4096 [90m-> null[0m[0m
    }

[1m  # module.node_ap[0].aws_iam_instance_profile.raft_ssm[0m will be [1m[31mdestroyed[0m
[0m  [31m-[0m[0m resource "aws_iam_instance_profile" "raft_ssm" {
      [31m-[0m[0m arn         = "arn:aws:iam::560449670342:instance-profile/raft-quic-cross-ssm-node1" [90m-> null[0m[0m
      [31m-[0m[0m create_date = "2026-04-20T06:52:23Z" [90m-> null[0m[0m
      [31m-[0m[0m id          = "raft-quic-cross-ssm-node1" [90m-> null[0m[0m
      [31m-[0m[0m name        = "raft-quic-cross-ssm-node1" [90m-> null[0m[0m
      [31m-[0m[0m path        = "/" [90m-> null[0m[0m
      [31m-[0m[0m role        = "raft-quic-cross-ssm-node1" [90m-> null[0m[0m
      [31m-[0m[0m tags        = {} [90m-> null[0m[0m
      [31m-[0m[0m tags_all    = {} [90m-> null[0m[0m
      [31m-[0m[0m unique_id   = "AIPAYE7LHJTDHPR2O5RTX" [90m-> null[0m[0m
        [90m# (1 unchanged attribute hidden)[0m[0m
    }

[1m  # module.node_ap[0].aws_iam_role.raft_ssm[0m will be [1m[31mdestroyed[0m
[0m  [31m-[0m[0m resource "aws_iam_role" "raft_ssm" {
      [31m-[0m[0m arn                   = "arn:aws:iam::560449670342:role/raft-quic-cross-ssm-node1" [90m-> null[0m[0m
      [31m-[0m[0m assume_role_policy    = jsonencode(
            {
              [31m-[0m[0m Statement = [
                  [31m-[0m[0m {
                      [31m-[0m[0m Action    = "sts:AssumeRole"
                      [31m-[0m[0m Effect    = "Allow"
                      [31m-[0m[0m Principal = {
                          [31m-[0m[0m Service = "ec2.amazonaws.com"
                        }
                    },
                ]
              [31m-[0m[0m Version   = "2012-10-17"
            }
        ) [90m-> null[0m[0m
      [31m-[0m[0m create_date           = "2026-04-20T06:52:22Z" [90m-> null[0m[0m
      [31m-[0m[0m force_detach_policies = false [90m-> null[0m[0m
      [31m-[0m[0m id                    = "raft-quic-cross-ssm-node1" [90m-> null[0m[0m
      [31m-[0m[0m managed_policy_arns   = [
          [31m-[0m[0m "arn:aws:iam::aws:policy/AmazonSSMManagedInstanceCore",
        ] [90m-> null[0m[0m
      [31m-[0m[0m max_session_duration  = 3600 [90m-> null[0m[0m
      [31m-[0m[0m name                  = "raft-quic-cross-ssm-node1" [90m-> null[0m[0m
      [31m-[0m[0m path                  = "/" [90m-> null[0m[0m
      [31m-[0m[0m tags                  = {
          [31m-[0m[0m "Node"    = "node1"
          [31m-[0m[0m "Project" = "raft-quic"
        } [90m-> null[0m[0m
      [31m-[0m[0m tags_all              = {
          [31m-[0m[0m "Node"    = "node1"
          [31m-[0m[0m "Project" = "raft-quic"
        } [90m-> null[0m[0m
      [31m-[0m[0m unique_id             = "AROAYE7LHJTDFFTK6J46J" [90m-> null[0m[0m
        [90m# (3 unchanged attributes hidden)[0m[0m
    }

[1m  # module.node_ap[0].aws_iam_role_policy_attachment.ssm_core[0m will be [1m[31mdestroyed[0m
[0m  [31m-[0m[0m resource "aws_iam_role_policy_attachment" "ssm_core" {
      [31m-[0m[0m id         = "raft-quic-cross-ssm-node1-20260420065223827800000001" [90m-> null[0m[0m
      [31m-[0m[0m policy_arn = "arn:aws:iam::aws:policy/AmazonSSMManagedInstanceCore" [90m-> null[0m[0m
      [31m-[0m[0m role       = "raft-quic-cross-ssm-node1" [90m-> null[0m[0m
    }

[1m  # module.node_ap[0].aws_instance.node[0m will be [1m[31mdestroyed[0m
[0m  [31m-[0m[0m resource "aws_instance" "node" {
      [31m-[0m[0m ami                                  = "ami-0102a36b3e9d5e4df" [90m-> null[0m[0m
      [31m-[0m[0m arn                                  = "arn:aws:ec2:us-east-1:560449670342:instance/i-02384b2bd31c73443" [90m-> null[0m[0m
      [31m-[0m[0m associate_public_ip_address          = true [90m-> null[0m[0m
      [31m-[0m[0m availability_zone                    = "us-east-1c" [90m-> null[0m[0m
      [31m-[0m[0m cpu_core_count                       = 1 [90m-> null[0m[0m
      [31m-[0m[0m cpu_threads_per_core                 = 2 [90m-> null[0m[0m
      [31m-[0m[0m disable_api_stop                     = false [90m-> null[0m[0m
      [31m-[0m[0m disable_api_termination              = false [90m-> null[0m[0m
      [31m-[0m[0m ebs_optimized                        = false [90m-> null[0m[0m
      [31m-[0m[0m get_password_data                    = false [90m-> null[0m[0m
      [31m-[0m[0m hibernation                          = false [90m-> null[0m[0m
      [31m-[0m[0m iam_instance_profile                 = "raft-quic-cross-ssm-node1" [90m-> null[0m[0m
      [31m-[0m[0m id                                   = "i-02384b2bd31c73443" [90m-> null[0m[0m
      [31m-[0m[0m instance_initiated_shutdown_behavior = "stop" [90m-> null[0m[0m
      [31m-[0m[0m instance_state                       = "running" [90m-> null[0m[0m
      [31m-[0m[0m instance_type                        = "t3.micro" [90m-> null[0m[0m
      [31m-[0m[0m ipv6_address_count                   = 0 [90m-> null[0m[0m
      [31m-[0m[0m ipv6_addresses                       = [] [90m-> null[0m[0m
      [31m-[0m[0m key_name                             = "raft-quic-cross-node1" [90m-> null[0m[0m
      [31m-[0m[0m monitoring                           = false [90m-> null[0m[0m
      [31m-[0m[0m placement_partition_number           = 0 [90m-> null[0m[0m
      [31m-[0m[0m primary_network_interface_id         = "eni-01d6d39dcea4ec660" [90m-> null[0m[0m
      [31m-[0m[0m private_dns                          = "ip-172-31-26-31.ec2.internal" [90m-> null[0m[0m
      [31m-[0m[0m private_ip                           = "172.31.26.31" [90m-> null[0m[0m
      [31m-[0m[0m public_dns                           = "ec2-184-72-78-131.compute-1.amazonaws.com" [90m-> null[0m[0m
      [31m-[0m[0m public_ip                            = "184.72.78.131" [90m-> null[0m[0m
      [31m-[0m[0m secondary_private_ips                = [] [90m-> null[0m[0m
      [31m-[0m[0m security_groups                      = [
          [31m-[0m[0m "raft-quic-node1",
        ] [90m-> null[0m[0m
      [31m-[0m[0m source_dest_check                    = true [90m-> null[0m[0m
      [31m-[0m[0m subnet_id                            = "subnet-0537a6dccf74f4813" [90m-> null[0m[0m
      [31m-[0m[0m tags                                 = {
          [31m-[0m[0m "Name"    = "raft-quic-node1"
          [31m-[0m[0m "Node"    = "node1"
          [31m-[0m[0m "Project" = "raft-quic"
        } [90m-> null[0m[0m
      [31m-[0m[0m tags_all                             = {
          [31m-[0m[0m "Name"    = "raft-quic-node1"
          [31m-[0m[0m "Node"    = "node1"
          [31m-[0m[0m "Project" = "raft-quic"
        } [90m-> null[0m[0m
      [31m-[0m[0m tenancy                              = "default" [90m-> null[0m[0m
      [31m-[0m[0m user_data_replace_on_change          = false [90m-> null[0m[0m
      [31m-[0m[0m vpc_security_group_ids               = [
          [31m-[0m[0m "sg-05306fb7db0868b8b",
        ] [90m-> null[0m[0m
        [90m# (6 unchanged attributes hidden)[0m[0m

      [31m-[0m[0m capacity_reservation_specification {
          [31m-[0m[0m capacity_reservation_preference = "open" [90m-> null[0m[0m
        }

      [31m-[0m[0m cpu_options {
          [31m-[0m[0m core_count       = 1 [90m-> null[0m[0m
          [31m-[0m[0m threads_per_core = 2 [90m-> null[0m[0m
            [90m# (1 unchanged attribute hidden)[0m[0m
        }

      [31m-[0m[0m credit_specification {
          [31m-[0m[0m cpu_credits = "unlimited" [90m-> null[0m[0m
        }

      [31m-[0m[0m enclave_options {
          [31m-[0m[0m enabled = false [90m-> null[0m[0m
        }

      [31m-[0m[0m maintenance_options {
          [31m-[0m[0m auto_recovery = "default" [90m-> null[0m[0m
        }

      [31m-[0m[0m metadata_options {
          [31m-[0m[0m http_endpoint               = "enabled" [90m-> null[0m[0m
          [31m-[0m[0m http_protocol_ipv6          = "disabled" [90m-> null[0m[0m
          [31m-[0m[0m http_put_response_hop_limit = 2 [90m-> null[0m[0m
          [31m-[0m[0m http_tokens                 = "required" [90m-> null[0m[0m
          [31m-[0m[0m instance_metadata_tags      = "disabled" [90m-> null[0m[0m
        }

      [31m-[0m[0m private_dns_name_options {
          [31m-[0m[0m enable_resource_name_dns_a_record    = false [90m-> null[0m[0m
          [31m-[0m[0m enable_resource_name_dns_aaaa_record = false [90m-> null[0m[0m
          [31m-[0m[0m hostname_type                        = "ip-name" [90m-> null[0m[0m
        }

      [31m-[0m[0m root_block_device {
          [31m-[0m[0m delete_on_termination = true [90m-> null[0m[0m
          [31m-[0m[0m device_name           = "/dev/xvda" [90m-> null[0m[0m
          [31m-[0m[0m encrypted             = false [90m-> null[0m[0m
          [31m-[0m[0m iops                  = 3000 [90m-> null[0m[0m
          [31m-[0m[0m tags                  = {} [90m-> null[0m[0m
          [31m-[0m[0m tags_all              = {} [90m-> null[0m[0m
          [31m-[0m[0m throughput            = 125 [90m-> null[0m[0m
          [31m-[0m[0m volume_id             = "vol-0c834de49b6288620" [90m-> null[0m[0m
          [31m-[0m[0m volume_size           = 30 [90m-> null[0m[0m
          [31m-[0m[0m volume_type           = "gp3" [90m-> null[0m[0m
            [90m# (1 unchanged attribute hidden)[0m[0m
        }
    }

[1m  # module.node_ap[0].aws_key_pair.raft[0m will be [1m[31mdestroyed[0m
[0m  [31m-[0m[0m resource "aws_key_pair" "raft" {
      [31m-[0m[0m arn             = "arn:aws:ec2:us-east-1:560449670342:key-pair/raft-quic-cross-node1" [90m-> null[0m[0m
      [31m-[0m[0m fingerprint     = "5d:a1:d4:52:1a:8a:17:a2:b1:ec:a1:2d:f5:e8:cf:91" [90m-> null[0m[0m
      [31m-[0m[0m id              = "raft-quic-cross-node1" [90m-> null[0m[0m
      [31m-[0m[0m key_name        = "raft-quic-cross-node1" [90m-> null[0m[0m
      [31m-[0m[0m key_pair_id     = "key-03ee77663d06bd4c7" [90m-> null[0m[0m
      [31m-[0m[0m key_type        = "rsa" [90m-> null[0m[0m
      [31m-[0m[0m public_key      = "ssh-rsa AAAAB3NzaC1yc2EAAAADAQABAAACAQDDPmmbu113JKH40kGHoAEibUURwElv0O7FY1oSrgNjH9fDrdiT0/HqomnaBy+rJkiCqHvrRqZlfUDSqNnjgQVyp/HlA9ujbc2gLqOZaD0JFpwzNfkiM6JCiSNu1t9+DSWA6kC1tZSNx+dVBGQ/Mf4EXXl7dExXv83WY6jF3JWKjTPuoXU/rjyWmhs/BJupxr3g73o3B3HfTuMmGNxNGOYyIGlO2mKlwiZp+ucfgya9TRytA1N1VCCH1/Q1NQ7tXs9TvGwIL5MwTkbNtP6JjIvu45marPdYJ7oL9E/03N2IbI5xABvAC/E3wrWFI4vhoPAeFEDjZbZMfKQ6g33nxFpHXeg0KaoXGMjwP0BNtV3rSTihvclMMxGbZmSAc3f21Q8oGm32eCf15hnNSFIvNujKfJRfqLW8Aq7bUPVK5WgNoUlIs71G68RO0n1ggV2JBETGNHj7CIKZ2oLE9qIUEwcnJcR8qYswmdD/mfRJ3gsWDGLR9b2ct1TKHWGrb54zRxGv+aQeig9yrsK+1zcWn8pUEKn3jSt3KbFvnoC5c/B3grFmL+wvP8fo7LSttLbO4K3WAUjsfUshJAT0jEUd0B2vWhFGqF4rpDp1wvOIPj09S+5wzLBFl6pv70guOA6/5O+DrXlRj8nuUh+0brrxef8rv0x0qYkGygdja4AqV/hHlw==" [90m-> null[0m[0m
      [31m-[0m[0m tags            = {
          [31m-[0m[0m "Node"    = "node1"
          [31m-[0m[0m "Project" = "raft-quic"
        } [90m-> null[0m[0m
      [31m-[0m[0m tags_all        = {
          [31m-[0m[0m "Node"    = "node1"
          [31m-[0m[0m "Project" = "raft-quic"
        } [90m-> null[0m[0m
        [90m# (1 unchanged attribute hidden)[0m[0m
    }

[1m  # module.node_ap[0].aws_security_group.raft[0m will be [1m[31mdestroyed[0m
[0m  [31m-[0m[0m resource "aws_security_group" "raft" {
      [31m-[0m[0m arn                    = "arn:aws:ec2:us-east-1:560449670342:security-group/sg-05306fb7db0868b8b" [90m-> null[0m[0m
      [31m-[0m[0m description            = "Raft-over-QUIC cluster node node1" [90m-> null[0m[0m
      [31m-[0m[0m egress                 = [
          [31m-[0m[0m {
              [31m-[0m[0m cidr_blocks      = [
                  [31m-[0m[0m "0.0.0.0/0",
                ]
              [31m-[0m[0m from_port        = 0
              [31m-[0m[0m ipv6_cidr_blocks = []
              [31m-[0m[0m prefix_list_ids  = []
              [31m-[0m[0m protocol         = "-1"
              [31m-[0m[0m security_groups  = []
              [31m-[0m[0m self             = false
              [31m-[0m[0m to_port          = 0
                [90m# (1 unchanged attribute hidden)[0m[0m
            },
        ] [90m-> null[0m[0m
      [31m-[0m[0m id                     = "sg-05306fb7db0868b8b" [90m-> null[0m[0m
      [31m-[0m[0m ingress                = [
          [31m-[0m[0m {
              [31m-[0m[0m cidr_blocks      = [
                  [31m-[0m[0m "0.0.0.0/0",
                ]
              [31m-[0m[0m from_port        = 22
              [31m-[0m[0m ipv6_cidr_blocks = []
              [31m-[0m[0m prefix_list_ids  = []
              [31m-[0m[0m protocol         = "tcp"
              [31m-[0m[0m security_groups  = []
              [31m-[0m[0m self             = false
              [31m-[0m[0m to_port          = 22
                [90m# (1 unchanged attribute hidden)[0m[0m
            },
          [31m-[0m[0m {
              [31m-[0m[0m cidr_blocks      = [
                  [31m-[0m[0m "0.0.0.0/0",
                ]
              [31m-[0m[0m from_port        = 7001
              [31m-[0m[0m ipv6_cidr_blocks = []
              [31m-[0m[0m prefix_list_ids  = []
              [31m-[0m[0m protocol         = "udp"
              [31m-[0m[0m security_groups  = []
              [31m-[0m[0m self             = false
              [31m-[0m[0m to_port          = 7001
                [90m# (1 unchanged attribute hidden)[0m[0m
            },
          [31m-[0m[0m {
              [31m-[0m[0m cidr_blocks      = [
                  [31m-[0m[0m "0.0.0.0/0",
                ]
              [31m-[0m[0m from_port        = 8001
              [31m-[0m[0m ipv6_cidr_blocks = []
              [31m-[0m[0m prefix_list_ids  = []
              [31m-[0m[0m protocol         = "tcp"
              [31m-[0m[0m security_groups  = []
              [31m-[0m[0m self             = false
              [31m-[0m[0m to_port          = 8001
                [90m# (1 unchanged attribute hidden)[0m[0m
            },
          [31m-[0m[0m {
              [31m-[0m[0m cidr_blocks      = [
                  [31m-[0m[0m "0.0.0.0/0",
                ]
              [31m-[0m[0m from_port        = 9001
              [31m-[0m[0m ipv6_cidr_blocks = []
              [31m-[0m[0m prefix_list_ids  = []
              [31m-[0m[0m protocol         = "tcp"
              [31m-[0m[0m security_groups  = []
              [31m-[0m[0m self             = false
              [31m-[0m[0m to_port          = 9001
                [90m# (1 unchanged attribute hidden)[0m[0m
            },
        ] [90m-> null[0m[0m
      [31m-[0m[0m name                   = "raft-quic-node1" [90m-> null[0m[0m
      [31m-[0m[0m owner_id               = "560449670342" [90m-> null[0m[0m
      [31m-[0m[0m revoke_rules_on_delete = false [90m-> null[0m[0m
      [31m-[0m[0m tags                   = {
          [31m-[0m[0m "Node"    = "node1"
          [31m-[0m[0m "Project" = "raft-quic"
        } [90m-> null[0m[0m
      [31m-[0m[0m tags_all               = {
          [31m-[0m[0m "Node"    = "node1"
          [31m-[0m[0m "Project" = "raft-quic"
        } [90m-> null[0m[0m
      [31m-[0m[0m vpc_id                 = "vpc-0d14d4388abbe65e8" [90m-> null[0m[0m
        [90m# (1 unchanged attribute hidden)[0m[0m
    }

[1m  # module.node_eu[0].aws_iam_instance_profile.raft_ssm[0m will be [1m[31mdestroyed[0m
[0m  [31m-[0m[0m resource "aws_iam_instance_profile" "raft_ssm" {
      [31m-[0m[0m arn         = "arn:aws:iam::560449670342:instance-profile/raft-quic-cross-ssm-node3" [90m-> null[0m[0m
      [31m-[0m[0m create_date = "2026-04-20T06:52:23Z" [90m-> null[0m[0m
      [31m-[0m[0m id          = "raft-quic-cross-ssm-node3" [90m-> null[0m[0m
      [31m-[0m[0m name        = "raft-quic-cross-ssm-node3" [90m-> null[0m[0m
      [31m-[0m[0m path        = "/" [90m-> null[0m[0m
      [31m-[0m[0m role        = "raft-quic-cross-ssm-node3" [90m-> null[0m[0m
      [31m-[0m[0m tags        = {} [90m-> null[0m[0m
      [31m-[0m[0m tags_all    = {} [90m-> null[0m[0m
      [31m-[0m[0m unique_id   = "AIPAYE7LHJTDN2KTWRBDM" [90m-> null[0m[0m
        [90m# (1 unchanged attribute hidden)[0m[0m
    }

[1m  # module.node_eu[0].aws_iam_role.raft_ssm[0m will be [1m[31mdestroyed[0m
[0m  [31m-[0m[0m resource "aws_iam_role" "raft_ssm" {
      [31m-[0m[0m arn                   = "arn:aws:iam::560449670342:role/raft-quic-cross-ssm-node3" [90m-> null[0m[0m
      [31m-[0m[0m assume_role_policy    = jsonencode(
            {
              [31m-[0m[0m Statement = [
                  [31m-[0m[0m {
                      [31m-[0m[0m Action    = "sts:AssumeRole"
                      [31m-[0m[0m Effect    = "Allow"
                      [31m-[0m[0m Principal = {
                          [31m-[0m[0m Service = "ec2.amazonaws.com"
                        }
                    },
                ]
              [31m-[0m[0m Version   = "2012-10-17"
            }
        ) [90m-> null[0m[0m
      [31m-[0m[0m create_date           = "2026-04-20T06:52:22Z" [90m-> null[0m[0m
      [31m-[0m[0m force_detach_policies = false [90m-> null[0m[0m
      [31m-[0m[0m id                    = "raft-quic-cross-ssm-node3" [90m-> null[0m[0m
      [31m-[0m[0m managed_policy_arns   = [
          [31m-[0m[0m "arn:aws:iam::aws:policy/AmazonSSMManagedInstanceCore",
        ] [90m-> null[0m[0m
      [31m-[0m[0m max_session_duration  = 3600 [90m-> null[0m[0m
      [31m-[0m[0m name                  = "raft-quic-cross-ssm-node3" [90m-> null[0m[0m
      [31m-[0m[0m path                  = "/" [90m-> null[0m[0m
      [31m-[0m[0m tags                  = {
          [31m-[0m[0m "Node"    = "node3"
          [31m-[0m[0m "Project" = "raft-quic"
        } [90m-> null[0m[0m
      [31m-[0m[0m tags_all              = {
          [31m-[0m[0m "Node"    = "node3"
          [31m-[0m[0m "Project" = "raft-quic"
        } [90m-> null[0m[0m
      [31m-[0m[0m unique_id             = "AROAYE7LHJTDJASSL3VPW" [90m-> null[0m[0m
        [90m# (3 unchanged attributes hidden)[0m[0m
    }

[1m  # module.node_eu[0].aws_iam_role_policy_attachment.ssm_core[0m will be [1m[31mdestroyed[0m
[0m  [31m-[0m[0m resource "aws_iam_role_policy_attachment" "ssm_core" {
      [31m-[0m[0m id         = "raft-quic-cross-ssm-node3-20260420065223571700000001" [90m-> null[0m[0m
      [31m-[0m[0m policy_arn = "arn:aws:iam::aws:policy/AmazonSSMManagedInstanceCore" [90m-> null[0m[0m
      [31m-[0m[0m role       = "raft-quic-cross-ssm-node3" [90m-> null[0m[0m
    }

[1m  # module.node_eu[0].aws_instance.node[0m will be [1m[31mdestroyed[0m
[0m  [31m-[0m[0m resource "aws_instance" "node" {
      [31m-[0m[0m ami                                  = "ami-07f4d6f1cf436d5e9" [90m-> null[0m[0m
      [31m-[0m[0m arn                                  = "arn:aws:ec2:eu-west-1:560449670342:instance/i-092f79dd306b886c4" [90m-> null[0m[0m
      [31m-[0m[0m associate_public_ip_address          = true [90m-> null[0m[0m
      [31m-[0m[0m availability_zone                    = "eu-west-1b" [90m-> null[0m[0m
      [31m-[0m[0m cpu_core_count                       = 1 [90m-> null[0m[0m
      [31m-[0m[0m cpu_threads_per_core                 = 2 [90m-> null[0m[0m
      [31m-[0m[0m disable_api_stop                     = false [90m-> null[0m[0m
      [31m-[0m[0m disable_api_termination              = false [90m-> null[0m[0m
      [31m-[0m[0m ebs_optimized                        = false [90m-> null[0m[0m
      [31m-[0m[0m get_password_data                    = false [90m-> null[0m[0m
      [31m-[0m[0m hibernation                          = false [90m-> null[0m[0m
      [31m-[0m[0m iam_instance_profile                 = "raft-quic-cross-ssm-node3" [90m-> null[0m[0m
      [31m-[0m[0m id                                   = "i-092f79dd306b886c4" [90m-> null[0m[0m
      [31m-[0m[0m instance_initiated_shutdown_behavior = "stop" [90m-> null[0m[0m
      [31m-[0m[0m instance_state                       = "running" [90m-> null[0m[0m
      [31m-[0m[0m instance_type                        = "t3.micro" [90m-> null[0m[0m
      [31m-[0m[0m ipv6_address_count                   = 0 [90m-> null[0m[0m
      [31m-[0m[0m ipv6_addresses                       = [] [90m-> null[0m[0m
      [31m-[0m[0m key_name                             = "raft-quic-cross-node3" [90m-> null[0m[0m
      [31m-[0m[0m monitoring                           = false [90m-> null[0m[0m
      [31m-[0m[0m placement_partition_number           = 0 [90m-> null[0m[0m
      [31m-[0m[0m primary_network_interface_id         = "eni-05e7fd63027f87197" [90m-> null[0m[0m
      [31m-[0m[0m private_dns                          = "ip-172-31-40-39.eu-west-1.compute.internal" [90m-> null[0m[0m
      [31m-[0m[0m private_ip                           = "172.31.40.39" [90m-> null[0m[0m
      [31m-[0m[0m public_dns                           = "ec2-108-130-113-188.eu-west-1.compute.amazonaws.com" [90m-> null[0m[0m
      [31m-[0m[0m public_ip                            = "108.130.113.188" [90m-> null[0m[0m
      [31m-[0m[0m secondary_private_ips                = [] [90m-> null[0m[0m
      [31m-[0m[0m security_groups                      = [
          [31m-[0m[0m "raft-quic-node3",
        ] [90m-> null[0m[0m
      [31m-[0m[0m source_dest_check                    = true [90m-> null[0m[0m
      [31m-[0m[0m subnet_id                            = "subnet-0d0ac1d17ace8bf29" [90m-> null[0m[0m
      [31m-[0m[0m tags                                 = {
          [31m-[0m[0m "Name"    = "raft-quic-node3"
          [31m-[0m[0m "Node"    = "node3"
          [31m-[0m[0m "Project" = "raft-quic"
        } [90m-> null[0m[0m
      [31m-[0m[0m tags_all                             = {
          [31m-[0m[0m "Name"    = "raft-quic-node3"
          [31m-[0m[0m "Node"    = "node3"
          [31m-[0m[0m "Project" = "raft-quic"
        } [90m-> null[0m[0m
      [31m-[0m[0m tenancy                              = "default" [90m-> null[0m[0m
      [31m-[0m[0m user_data_replace_on_change          = false [90m-> null[0m[0m
      [31m-[0m[0m vpc_security_group_ids               = [
          [31m-[0m[0m "sg-05604b9e6e9f4ec66",
        ] [90m-> null[0m[0m
        [90m# (6 unchanged attributes hidden)[0m[0m

      [31m-[0m[0m capacity_reservation_specification {
          [31m-[0m[0m capacity_reservation_preference = "open" [90m-> null[0m[0m
        }

      [31m-[0m[0m cpu_options {
          [31m-[0m[0m core_count       = 1 [90m-> null[0m[0m
          [31m-[0m[0m threads_per_core = 2 [90m-> null[0m[0m
            [90m# (1 unchanged attribute hidden)[0m[0m
        }

      [31m-[0m[0m credit_specification {
          [31m-[0m[0m cpu_credits = "unlimited" [90m-> null[0m[0m
        }

      [31m-[0m[0m enclave_options {
          [31m-[0m[0m enabled = false [90m-> null[0m[0m
        }

      [31m-[0m[0m maintenance_options {
          [31m-[0m[0m auto_recovery = "default" [90m-> null[0m[0m
        }

      [31m-[0m[0m metadata_options {
          [31m-[0m[0m http_endpoint               = "enabled" [90m-> null[0m[0m
          [31m-[0m[0m http_protocol_ipv6          = "disabled" [90m-> null[0m[0m
          [31m-[0m[0m http_put_response_hop_limit = 2 [90m-> null[0m[0m
          [31m-[0m[0m http_tokens                 = "required" [90m-> null[0m[0m
          [31m-[0m[0m instance_metadata_tags      = "disabled" [90m-> null[0m[0m
        }

      [31m-[0m[0m private_dns_name_options {
          [31m-[0m[0m enable_resource_name_dns_a_record    = false [90m-> null[0m[0m
          [31m-[0m[0m enable_resource_name_dns_aaaa_record = false [90m-> null[0m[0m
          [31m-[0m[0m hostname_type                        = "ip-name" [90m-> null[0m[0m
        }

      [31m-[0m[0m root_block_device {
          [31m-[0m[0m delete_on_termination = true [90m-> null[0m[0m
          [31m-[0m[0m device_name           = "/dev/xvda" [90m-> null[0m[0m
          [31m-[0m[0m encrypted             = false [90m-> null[0m[0m
          [31m-[0m[0m iops                  = 3000 [90m-> null[0m[0m
          [31m-[0m[0m tags                  = {} [90m-> null[0m[0m
          [31m-[0m[0m tags_all              = {} [90m-> null[0m[0m
          [31m-[0m[0m throughput            = 125 [90m-> null[0m[0m
          [31m-[0m[0m volume_id             = "vol-0f9d0b3dd2dd159c2" [90m-> null[0m[0m
          [31m-[0m[0m volume_size           = 30 [90m-> null[0m[0m
          [31m-[0m[0m volume_type           = "gp3" [90m-> null[0m[0m
            [90m# (1 unchanged attribute hidden)[0m[0m
        }
    }

[1m  # module.node_eu[0].aws_key_pair.raft[0m will be [1m[31mdestroyed[0m
[0m  [31m-[0m[0m resource "aws_key_pair" "raft" {
      [31m-[0m[0m arn             = "arn:aws:ec2:eu-west-1:560449670342:key-pair/raft-quic-cross-node3" [90m-> null[0m[0m
      [31m-[0m[0m fingerprint     = "5d:a1:d4:52:1a:8a:17:a2:b1:ec:a1:2d:f5:e8:cf:91" [90m-> null[0m[0m
      [31m-[0m[0m id              = "raft-quic-cross-node3" [90m-> null[0m[0m
      [31m-[0m[0m key_name        = "raft-quic-cross-node3" [90m-> null[0m[0m
      [31m-[0m[0m key_pair_id     = "key-058f9570ecc0ad99d" [90m-> null[0m[0m
      [31m-[0m[0m key_type        = "rsa" [90m-> null[0m[0m
      [31m-[0m[0m public_key      = "ssh-rsa AAAAB3NzaC1yc2EAAAADAQABAAACAQDDPmmbu113JKH40kGHoAEibUURwElv0O7FY1oSrgNjH9fDrdiT0/HqomnaBy+rJkiCqHvrRqZlfUDSqNnjgQVyp/HlA9ujbc2gLqOZaD0JFpwzNfkiM6JCiSNu1t9+DSWA6kC1tZSNx+dVBGQ/Mf4EXXl7dExXv83WY6jF3JWKjTPuoXU/rjyWmhs/BJupxr3g73o3B3HfTuMmGNxNGOYyIGlO2mKlwiZp+ucfgya9TRytA1N1VCCH1/Q1NQ7tXs9TvGwIL5MwTkbNtP6JjIvu45marPdYJ7oL9E/03N2IbI5xABvAC/E3wrWFI4vhoPAeFEDjZbZMfKQ6g33nxFpHXeg0KaoXGMjwP0BNtV3rSTihvclMMxGbZmSAc3f21Q8oGm32eCf15hnNSFIvNujKfJRfqLW8Aq7bUPVK5WgNoUlIs71G68RO0n1ggV2JBETGNHj7CIKZ2oLE9qIUEwcnJcR8qYswmdD/mfRJ3gsWDGLR9b2ct1TKHWGrb54zRxGv+aQeig9yrsK+1zcWn8pUEKn3jSt3KbFvnoC5c/B3grFmL+wvP8fo7LSttLbO4K3WAUjsfUshJAT0jEUd0B2vWhFGqF4rpDp1wvOIPj09S+5wzLBFl6pv70guOA6/5O+DrXlRj8nuUh+0brrxef8rv0x0qYkGygdja4AqV/hHlw==" [90m-> null[0m[0m
      [31m-[0m[0m tags            = {
          [31m-[0m[0m "Node"    = "node3"
          [31m-[0m[0m "Project" = "raft-quic"
        } [90m-> null[0m[0m
      [31m-[0m[0m tags_all        = {
          [31m-[0m[0m "Node"    = "node3"
          [31m-[0m[0m "Project" = "raft-quic"
        } [90m-> null[0m[0m
        [90m# (1 unchanged attribute hidden)[0m[0m
    }

[1m  # module.node_eu[0].aws_security_group.raft[0m will be [1m[31mdestroyed[0m
[0m  [31m-[0m[0m resource "aws_security_group" "raft" {
      [31m-[0m[0m arn                    = "arn:aws:ec2:eu-west-1:560449670342:security-group/sg-05604b9e6e9f4ec66" [90m-> null[0m[0m
      [31m-[0m[0m description            = "Raft-over-QUIC cluster node node3" [90m-> null[0m[0m
      [31m-[0m[0m egress                 = [
          [31m-[0m[0m {
              [31m-[0m[0m cidr_blocks      = [
                  [31m-[0m[0m "0.0.0.0/0",
                ]
              [31m-[0m[0m from_port        = 0
              [31m-[0m[0m ipv6_cidr_blocks = []
              [31m-[0m[0m prefix_list_ids  = []
              [31m-[0m[0m protocol         = "-1"
              [31m-[0m[0m security_groups  = []
              [31m-[0m[0m self             = false
              [31m-[0m[0m to_port          = 0
                [90m# (1 unchanged attribute hidden)[0m[0m
            },
        ] [90m-> null[0m[0m
      [31m-[0m[0m id                     = "sg-05604b9e6e9f4ec66" [90m-> null[0m[0m
      [31m-[0m[0m ingress                = [
          [31m-[0m[0m {
              [31m-[0m[0m cidr_blocks      = [
                  [31m-[0m[0m "0.0.0.0/0",
                ]
              [31m-[0m[0m from_port        = 22
              [31m-[0m[0m ipv6_cidr_blocks = []
              [31m-[0m[0m prefix_list_ids  = []
              [31m-[0m[0m protocol         = "tcp"
              [31m-[0m[0m security_groups  = []
              [31m-[0m[0m self             = false
              [31m-[0m[0m to_port          = 22
                [90m# (1 unchanged attribute hidden)[0m[0m
            },
          [31m-[0m[0m {
              [31m-[0m[0m cidr_blocks      = [
                  [31m-[0m[0m "0.0.0.0/0",
                ]
              [31m-[0m[0m from_port        = 7001
              [31m-[0m[0m ipv6_cidr_blocks = []
              [31m-[0m[0m prefix_list_ids  = []
              [31m-[0m[0m protocol         = "udp"
              [31m-[0m[0m security_groups  = []
              [31m-[0m[0m self             = false
              [31m-[0m[0m to_port          = 7001
                [90m# (1 unchanged attribute hidden)[0m[0m
            },
          [31m-[0m[0m {
              [31m-[0m[0m cidr_blocks      = [
                  [31m-[0m[0m "0.0.0.0/0",
                ]
              [31m-[0m[0m from_port        = 8001
              [31m-[0m[0m ipv6_cidr_blocks = []
              [31m-[0m[0m prefix_list_ids  = []
              [31m-[0m[0m protocol         = "tcp"
              [31m-[0m[0m security_groups  = []
              [31m-[0m[0m self             = false
              [31m-[0m[0m to_port          = 8001
                [90m# (1 unchanged attribute hidden)[0m[0m
            },
          [31m-[0m[0m {
              [31m-[0m[0m cidr_blocks      = [
                  [31m-[0m[0m "0.0.0.0/0",
                ]
              [31m-[0m[0m from_port        = 9001
              [31m-[0m[0m ipv6_cidr_blocks = []
              [31m-[0m[0m prefix_list_ids  = []
              [31m-[0m[0m protocol         = "tcp"
              [31m-[0m[0m security_groups  = []
              [31m-[0m[0m self             = false
              [31m-[0m[0m to_port          = 9001
                [90m# (1 unchanged attribute hidden)[0m[0m
            },
        ] [90m-> null[0m[0m
      [31m-[0m[0m name                   = "raft-quic-node3" [90m-> null[0m[0m
      [31m-[0m[0m owner_id               = "560449670342" [90m-> null[0m[0m
      [31m-[0m[0m revoke_rules_on_delete = false [90m-> null[0m[0m
      [31m-[0m[0m tags                   = {
          [31m-[0m[0m "Node"    = "node3"
          [31m-[0m[0m "Project" = "raft-quic"
        } [90m-> null[0m[0m
      [31m-[0m[0m tags_all               = {
          [31m-[0m[0m "Node"    = "node3"
          [31m-[0m[0m "Project" = "raft-quic"
        } [90m-> null[0m[0m
      [31m-[0m[0m vpc_id                 = "vpc-0dc506a69df1e5536" [90m-> null[0m[0m
        [90m# (1 unchanged attribute hidden)[0m[0m
    }

[1m  # module.node_us[0].aws_iam_instance_profile.raft_ssm[0m will be [1m[31mdestroyed[0m
[0m  [31m-[0m[0m resource "aws_iam_instance_profile" "raft_ssm" {
      [31m-[0m[0m arn         = "arn:aws:iam::560449670342:instance-profile/raft-quic-cross-ssm-node2" [90m-> null[0m[0m
      [31m-[0m[0m create_date = "2026-04-20T06:52:23Z" [90m-> null[0m[0m
      [31m-[0m[0m id          = "raft-quic-cross-ssm-node2" [90m-> null[0m[0m
      [31m-[0m[0m name        = "raft-quic-cross-ssm-node2" [90m-> null[0m[0m
      [31m-[0m[0m path        = "/" [90m-> null[0m[0m
      [31m-[0m[0m role        = "raft-quic-cross-ssm-node2" [90m-> null[0m[0m
      [31m-[0m[0m tags        = {} [90m-> null[0m[0m
      [31m-[0m[0m tags_all    = {} [90m-> null[0m[0m
      [31m-[0m[0m unique_id   = "AIPAYE7LHJTDJHDWBISY2" [90m-> null[0m[0m
        [90m# (1 unchanged attribute hidden)[0m[0m
    }

[1m  # module.node_us[0].aws_iam_role.raft_ssm[0m will be [1m[31mdestroyed[0m
[0m  [31m-[0m[0m resource "aws_iam_role" "raft_ssm" {
      [31m-[0m[0m arn                   = "arn:aws:iam::560449670342:role/raft-quic-cross-ssm-node2" [90m-> null[0m[0m
      [31m-[0m[0m assume_role_policy    = jsonencode(
            {
              [31m-[0m[0m Statement = [
                  [31m-[0m[0m {
                      [31m-[0m[0m Action    = "sts:AssumeRole"
                      [31m-[0m[0m Effect    = "Allow"
                      [31m-[0m[0m Principal = {
                          [31m-[0m[0m Service = "ec2.amazonaws.com"
                        }
                    },
                ]
              [31m-[0m[0m Version   = "2012-10-17"
            }
        ) [90m-> null[0m[0m
      [31m-[0m[0m create_date           = "2026-04-20T06:52:22Z" [90m-> null[0m[0m
      [31m-[0m[0m force_detach_policies = false [90m-> null[0m[0m
      [31m-[0m[0m id                    = "raft-quic-cross-ssm-node2" [90m-> null[0m[0m
      [31m-[0m[0m managed_policy_arns   = [
          [31m-[0m[0m "arn:aws:iam::aws:policy/AmazonSSMManagedInstanceCore",
        ] [90m-> null[0m[0m
      [31m-[0m[0m max_session_duration  = 3600 [90m-> null[0m[0m
      [31m-[0m[0m name                  = "raft-quic-cross-ssm-node2" [90m-> null[0m[0m
      [31m-[0m[0m path                  = "/" [90m-> null[0m[0m
      [31m-[0m[0m tags                  = {
          [31m-[0m[0m "Node"    = "node2"
          [31m-[0m[0m "Project" = "raft-quic"
        } [90m-> null[0m[0m
      [31m-[0m[0m tags_all              = {
          [31m-[0m[0m "Node"    = "node2"
          [31m-[0m[0m "Project" = "raft-quic"
        } [90m-> null[0m[0m
      [31m-[0m[0m unique_id             = "AROAYE7LHJTDAPSN5HG47" [90m-> null[0m[0m
        [90m# (3 unchanged attributes hidden)[0m[0m
    }

[1m  # module.node_us[0].aws_iam_role_policy_attachment.ssm_core[0m will be [1m[31mdestroyed[0m
[0m  [31m-[0m[0m resource "aws_iam_role_policy_attachment" "ssm_core" {
      [31m-[0m[0m id         = "raft-quic-cross-ssm-node2-20260420065224094100000001" [90m-> null[0m[0m
      [31m-[0m[0m policy_arn = "arn:aws:iam::aws:policy/AmazonSSMManagedInstanceCore" [90m-> null[0m[0m
      [31m-[0m[0m role       = "raft-quic-cross-ssm-node2" [90m-> null[0m[0m
    }

[1m  # module.node_us[0].aws_instance.node[0m will be [1m[31mdestroyed[0m
[0m  [31m-[0m[0m resource "aws_instance" "node" {
      [31m-[0m[0m ami                                  = "ami-0d67eaae9ae173448" [90m-> null[0m[0m
      [31m-[0m[0m arn                                  = "arn:aws:ec2:us-west-2:560449670342:instance/i-0cfb87d1f341205de" [90m-> null[0m[0m
      [31m-[0m[0m associate_public_ip_address          = true [90m-> null[0m[0m
      [31m-[0m[0m availability_zone                    = "us-west-2c" [90m-> null[0m[0m
      [31m-[0m[0m cpu_core_count                       = 1 [90m-> null[0m[0m
      [31m-[0m[0m cpu_threads_per_core                 = 2 [90m-> null[0m[0m
      [31m-[0m[0m disable_api_stop                     = false [90m-> null[0m[0m
      [31m-[0m[0m disable_api_termination              = false [90m-> null[0m[0m
      [31m-[0m[0m ebs_optimized                        = false [90m-> null[0m[0m
      [31m-[0m[0m get_password_data                    = false [90m-> null[0m[0m
      [31m-[0m[0m hibernation                          = false [90m-> null[0m[0m
      [31m-[0m[0m iam_instance_profile                 = "raft-quic-cross-ssm-node2" [90m-> null[0m[0m
      [31m-[0m[0m id                                   = "i-0cfb87d1f341205de" [90m-> null[0m[0m
      [31m-[0m[0m instance_initiated_shutdown_behavior = "stop" [90m-> null[0m[0m
      [31m-[0m[0m instance_state                       = "running" [90m-> null[0m[0m
      [31m-[0m[0m instance_type                        = "t3.micro" [90m-> null[0m[0m
      [31m-[0m[0m ipv6_address_count                   = 0 [90m-> null[0m[0m
      [31m-[0m[0m ipv6_addresses                       = [] [90m-> null[0m[0m
      [31m-[0m[0m key_name                             = "raft-quic-cross-node2" [90m-> null[0m[0m
      [31m-[0m[0m monitoring                           = false [90m-> null[0m[0m
      [31m-[0m[0m placement_partition_number           = 0 [90m-> null[0m[0m
      [31m-[0m[0m primary_network_interface_id         = "eni-00841dd72f81b11e4" [90m-> null[0m[0m
      [31m-[0m[0m private_dns                          = "ip-172-31-5-58.us-west-2.compute.internal" [90m-> null[0m[0m
      [31m-[0m[0m private_ip                           = "172.31.5.58" [90m-> null[0m[0m
      [31m-[0m[0m public_dns                           = "ec2-44-250-187-43.us-west-2.compute.amazonaws.com" [90m-> null[0m[0m
      [31m-[0m[0m public_ip                            = "44.250.187.43" [90m-> null[0m[0m
      [31m-[0m[0m secondary_private_ips                = [] [90m-> null[0m[0m
      [31m-[0m[0m security_groups                      = [
          [31m-[0m[0m "raft-quic-node2",
        ] [90m-> null[0m[0m
      [31m-[0m[0m source_dest_check                    = true [90m-> null[0m[0m
      [31m-[0m[0m subnet_id                            = "subnet-0abcff56d9bcfd1bb" [90m-> null[0m[0m
      [31m-[0m[0m tags                                 = {
          [31m-[0m[0m "Name"    = "raft-quic-node2"
          [31m-[0m[0m "Node"    = "node2"
          [31m-[0m[0m "Project" = "raft-quic"
        } [90m-> null[0m[0m
      [31m-[0m[0m tags_all                             = {
          [31m-[0m[0m "Name"    = "raft-quic-node2"
          [31m-[0m[0m "Node"    = "node2"
          [31m-[0m[0m "Project" = "raft-quic"
        } [90m-> null[0m[0m
      [31m-[0m[0m tenancy                              = "default" [90m-> null[0m[0m
      [31m-[0m[0m user_data_replace_on_change          = false [90m-> null[0m[0m
      [31m-[0m[0m vpc_security_group_ids               = [
          [31m-[0m[0m "sg-09d9b4ed52dd4464f",
        ] [90m-> null[0m[0m
        [90m# (6 unchanged attributes hidden)[0m[0m

      [31m-[0m[0m capacity_reservation_specification {
          [31m-[0m[0m capacity_reservation_preference = "open" [90m-> null[0m[0m
        }

      [31m-[0m[0m cpu_options {
          [31m-[0m[0m core_count       = 1 [90m-> null[0m[0m
          [31m-[0m[0m threads_per_core = 2 [90m-> null[0m[0m
            [90m# (1 unchanged attribute hidden)[0m[0m
        }

      [31m-[0m[0m credit_specification {
          [31m-[0m[0m cpu_credits = "unlimited" [90m-> null[0m[0m
        }

      [31m-[0m[0m enclave_options {
          [31m-[0m[0m enabled = false [90m-> null[0m[0m
        }

      [31m-[0m[0m maintenance_options {
          [31m-[0m[0m auto_recovery = "default" [90m-> null[0m[0m
        }

      [31m-[0m[0m metadata_options {
          [31m-[0m[0m http_endpoint               = "enabled" [90m-> null[0m[0m
          [31m-[0m[0m http_protocol_ipv6          = "disabled" [90m-> null[0m[0m
          [31m-[0m[0m http_put_response_hop_limit = 2 [90m-> null[0m[0m
          [31m-[0m[0m http_tokens                 = "required" [90m-> null[0m[0m
          [31m-[0m[0m instance_metadata_tags      = "disabled" [90m-> null[0m[0m
        }

      [31m-[0m[0m private_dns_name_options {
          [31m-[0m[0m enable_resource_name_dns_a_record    = false [90m-> null[0m[0m
          [31m-[0m[0m enable_resource_name_dns_aaaa_record = false [90m-> null[0m[0m
          [31m-[0m[0m hostname_type                        = "ip-name" [90m-> null[0m[0m
        }

      [31m-[0m[0m root_block_device {
          [31m-[0m[0m delete_on_termination = true [90m-> null[0m[0m
          [31m-[0m[0m device_name           = "/dev/xvda" [90m-> null[0m[0m
          [31m-[0m[0m encrypted             = false [90m-> null[0m[0m
          [31m-[0m[0m iops                  = 3000 [90m-> null[0m[0m
          [31m-[0m[0m tags                  = {} [90m-> null[0m[0m
          [31m-[0m[0m tags_all              = {} [90m-> null[0m[0m
          [31m-[0m[0m throughput            = 125 [90m-> null[0m[0m
          [31m-[0m[0m volume_id             = "vol-0c9aabac33cee2c0c" [90m-> null[0m[0m
          [31m-[0m[0m volume_size           = 30 [90m-> null[0m[0m
          [31m-[0m[0m volume_type           = "gp3" [90m-> null[0m[0m
            [90m# (1 unchanged attribute hidden)[0m[0m
        }
    }

[1m  # module.node_us[0].aws_key_pair.raft[0m will be [1m[31mdestroyed[0m
[0m  [31m-[0m[0m resource "aws_key_pair" "raft" {
      [31m-[0m[0m arn             = "arn:aws:ec2:us-west-2:560449670342:key-pair/raft-quic-cross-node2" [90m-> null[0m[0m
      [31m-[0m[0m fingerprint     = "5d:a1:d4:52:1a:8a:17:a2:b1:ec:a1:2d:f5:e8:cf:91" [90m-> null[0m[0m
      [31m-[0m[0m id              = "raft-quic-cross-node2" [90m-> null[0m[0m
      [31m-[0m[0m key_name        = "raft-quic-cross-node2" [90m-> null[0m[0m
      [31m-[0m[0m key_pair_id     = "key-0e84de88daa99f1f2" [90m-> null[0m[0m
      [31m-[0m[0m key_type        = "rsa" [90m-> null[0m[0m
      [31m-[0m[0m public_key      = "ssh-rsa AAAAB3NzaC1yc2EAAAADAQABAAACAQDDPmmbu113JKH40kGHoAEibUURwElv0O7FY1oSrgNjH9fDrdiT0/HqomnaBy+rJkiCqHvrRqZlfUDSqNnjgQVyp/HlA9ujbc2gLqOZaD0JFpwzNfkiM6JCiSNu1t9+DSWA6kC1tZSNx+dVBGQ/Mf4EXXl7dExXv83WY6jF3JWKjTPuoXU/rjyWmhs/BJupxr3g73o3B3HfTuMmGNxNGOYyIGlO2mKlwiZp+ucfgya9TRytA1N1VCCH1/Q1NQ7tXs9TvGwIL5MwTkbNtP6JjIvu45marPdYJ7oL9E/03N2IbI5xABvAC/E3wrWFI4vhoPAeFEDjZbZMfKQ6g33nxFpHXeg0KaoXGMjwP0BNtV3rSTihvclMMxGbZmSAc3f21Q8oGm32eCf15hnNSFIvNujKfJRfqLW8Aq7bUPVK5WgNoUlIs71G68RO0n1ggV2JBETGNHj7CIKZ2oLE9qIUEwcnJcR8qYswmdD/mfRJ3gsWDGLR9b2ct1TKHWGrb54zRxGv+aQeig9yrsK+1zcWn8pUEKn3jSt3KbFvnoC5c/B3grFmL+wvP8fo7LSttLbO4K3WAUjsfUshJAT0jEUd0B2vWhFGqF4rpDp1wvOIPj09S+5wzLBFl6pv70guOA6/5O+DrXlRj8nuUh+0brrxef8rv0x0qYkGygdja4AqV/hHlw==" [90m-> null[0m[0m
      [31m-[0m[0m tags            = {
          [31m-[0m[0m "Node"    = "node2"
          [31m-[0m[0m "Project" = "raft-quic"
        } [90m-> null[0m[0m
      [31m-[0m[0m tags_all        = {
          [31m-[0m[0m "Node"    = "node2"
          [31m-[0m[0m "Project" = "raft-quic"
        } [90m-> null[0m[0m
        [90m# (1 unchanged attribute hidden)[0m[0m
    }

[1m  # module.node_us[0].aws_security_group.raft[0m will be [1m[31mdestroyed[0m
[0m  [31m-[0m[0m resource "aws_security_group" "raft" {
      [31m-[0m[0m arn                    = "arn:aws:ec2:us-west-2:560449670342:security-group/sg-09d9b4ed52dd4464f" [90m-> null[0m[0m
      [31m-[0m[0m description            = "Raft-over-QUIC cluster node node2" [90m-> null[0m[0m
      [31m-[0m[0m egress                 = [
          [31m-[0m[0m {
              [31m-[0m[0m cidr_blocks      = [
                  [31m-[0m[0m "0.0.0.0/0",
                ]
              [31m-[0m[0m from_port        = 0
              [31m-[0m[0m ipv6_cidr_blocks = []
              [31m-[0m[0m prefix_list_ids  = []
              [31m-[0m[0m protocol         = "-1"
              [31m-[0m[0m security_groups  = []
              [31m-[0m[0m self             = false
              [31m-[0m[0m to_port          = 0
                [90m# (1 unchanged attribute hidden)[0m[0m
            },
        ] [90m-> null[0m[0m
      [31m-[0m[0m id                     = "sg-09d9b4ed52dd4464f" [90m-> null[0m[0m
      [31m-[0m[0m ingress                = [
          [31m-[0m[0m {
              [31m-[0m[0m cidr_blocks      = [
                  [31m-[0m[0m "0.0.0.0/0",
                ]
              [31m-[0m[0m from_port        = 22
              [31m-[0m[0m ipv6_cidr_blocks = []
              [31m-[0m[0m prefix_list_ids  = []
              [31m-[0m[0m protocol         = "tcp"
              [31m-[0m[0m security_groups  = []
              [31m-[0m[0m self             = false
              [31m-[0m[0m to_port          = 22
                [90m# (1 unchanged attribute hidden)[0m[0m
            },
          [31m-[0m[0m {
              [31m-[0m[0m cidr_blocks      = [
                  [31m-[0m[0m "0.0.0.0/0",
                ]
              [31m-[0m[0m from_port        = 7001
              [31m-[0m[0m ipv6_cidr_blocks = []
              [31m-[0m[0m prefix_list_ids  = []
              [31m-[0m[0m protocol         = "udp"
              [31m-[0m[0m security_groups  = []
              [31m-[0m[0m self             = false
              [31m-[0m[0m to_port          = 7001
                [90m# (1 unchanged attribute hidden)[0m[0m
            },
          [31m-[0m[0m {
              [31m-[0m[0m cidr_blocks      = [
                  [31m-[0m[0m "0.0.0.0/0",
                ]
              [31m-[0m[0m from_port        = 8001
              [31m-[0m[0m ipv6_cidr_blocks = []
              [31m-[0m[0m prefix_list_ids  = []
              [31m-[0m[0m protocol         = "tcp"
              [31m-[0m[0m security_groups  = []
              [31m-[0m[0m self             = false
              [31m-[0m[0m to_port          = 8001
                [90m# (1 unchanged attribute hidden)[0m[0m
            },
          [31m-[0m[0m {
              [31m-[0m[0m cidr_blocks      = [
                  [31m-[0m[0m "0.0.0.0/0",
                ]
              [31m-[0m[0m from_port        = 9001
              [31m-[0m[0m ipv6_cidr_blocks = []
              [31m-[0m[0m prefix_list_ids  = []
              [31m-[0m[0m protocol         = "tcp"
              [31m-[0m[0m security_groups  = []
              [31m-[0m[0m self             = false
              [31m-[0m[0m to_port          = 9001
                [90m# (1 unchanged attribute hidden)[0m[0m
            },
        ] [90m-> null[0m[0m
      [31m-[0m[0m name                   = "raft-quic-node2" [90m-> null[0m[0m
      [31m-[0m[0m owner_id               = "560449670342" [90m-> null[0m[0m
      [31m-[0m[0m revoke_rules_on_delete = false [90m-> null[0m[0m
      [31m-[0m[0m tags                   = {
          [31m-[0m[0m "Node"    = "node2"
          [31m-[0m[0m "Project" = "raft-quic"
        } [90m-> null[0m[0m
      [31m-[0m[0m tags_all               = {
          [31m-[0m[0m "Node"    = "node2"
          [31m-[0m[0m "Project" = "raft-quic"
        } [90m-> null[0m[0m
      [31m-[0m[0m vpc_id                 = "vpc-074344e78ddef545c" [90m-> null[0m[0m
        [90m# (1 unchanged attribute hidden)[0m[0m
    }

[1mPlan:[0m [0m0 to add, 0 to change, 20 to destroy.

Changes to Outputs:
  [31m-[0m[0m instance_ids  = [
      [31m-[0m[0m "i-02384b2bd31c73443",
      [31m-[0m[0m "i-0cfb87d1f341205de",
      [31m-[0m[0m "i-092f79dd306b886c4",
    ] [90m-> null[0m[0m
  [31m-[0m[0m node_ids      = [
      [31m-[0m[0m "node1",
      [31m-[0m[0m "node2",
      [31m-[0m[0m "node3",
    ] [90m-> null[0m[0m
  [31m-[0m[0m node_ips      = [
      [31m-[0m[0m "184.72.78.131",
      [31m-[0m[0m "44.250.187.43",
      [31m-[0m[0m "108.130.113.188",
    ] [90m-> null[0m[0m
  [31m-[0m[0m region_labels = [
      [31m-[0m[0m "us-east-1",
      [31m-[0m[0m "us-west-2",
      [31m-[0m[0m "eu-west-1",
    ] [90m-> null[0m[0m
  [31m-[0m[0m scenario      = "cross-region" [90m-> null[0m[0m
  [31m-[0m[0m ssh_key_file  = "./raft-key.pem" [90m-> null[0m[0m
  [31m-[0m[0m ssh_user      = "ec2-user" [90m-> null[0m[0m
[0m[1mlocal_sensitive_file.ssh_key: Destroying... [id=abfc437af077e1f44498c6e9b8062d97806f2d0b][0m[0m
[0m[1mlocal_sensitive_file.ssh_key: Destruction complete after 0s[0m
[0m[1mmodule.node_us[0].aws_iam_role_policy_attachment.ssm_core: Destroying... [id=raft-quic-cross-ssm-node2-20260420065224094100000001][0m[0m
[0m[1mmodule.node_us[0].aws_instance.node: Destroying... [id=i-0cfb87d1f341205de][0m[0m
[0m[1mmodule.node_eu[0].aws_iam_role_policy_attachment.ssm_core: Destroying... [id=raft-quic-cross-ssm-node3-20260420065223571700000001][0m[0m
[0m[1mmodule.node_eu[0].aws_instance.node: Destroying... [id=i-092f79dd306b886c4][0m[0m
[0m[1mmodule.node_ap[0].aws_iam_role_policy_attachment.ssm_core: Destroying... [id=raft-quic-cross-ssm-node1-20260420065223827800000001][0m[0m
[0m[1mmodule.node_ap[0].aws_instance.node: Destroying... [id=i-02384b2bd31c73443][0m[0m
[0m[1mmodule.node_us[0].aws_iam_role_policy_attachment.ssm_core: Destruction complete after 1s[0m
[0m[1mmodule.node_ap[0].aws_iam_role_policy_attachment.ssm_core: Destruction complete after 1s[0m
[0m[1mmodule.node_eu[0].aws_iam_role_policy_attachment.ssm_core: Destruction complete after 1s[0m
[0m[1mmodule.node_us[0].aws_instance.node: Still destroying... [id=i-0cfb87d1f341205de, 00m10s elapsed][0m[0m
[0m[1mmodule.node_eu[0].aws_instance.node: Still destroying... [id=i-092f79dd306b886c4, 00m10s elapsed][0m[0m
[0m[1mmodule.node_ap[0].aws_instance.node: Still destroying... [id=i-02384b2bd31c73443, 00m10s elapsed][0m[0m
[0m[1mmodule.node_us[0].aws_instance.node: Still destroying... [id=i-0cfb87d1f341205de, 00m20s elapsed][0m[0m
[0m[1mmodule.node_eu[0].aws_instance.node: Still destroying... [id=i-092f79dd306b886c4, 00m20s elapsed][0m[0m
[0m[1mmodule.node_ap[0].aws_instance.node: Still destroying... [id=i-02384b2bd31c73443, 00m20s elapsed][0m[0m
[0m[1mmodule.node_eu[0].aws_instance.node: Destruction complete after 22s[0m
[0m[1mmodule.node_eu[0].aws_iam_instance_profile.raft_ssm: Destroying... [id=raft-quic-cross-ssm-node3][0m[0m
[0m[1mmodule.node_eu[0].aws_key_pair.raft: Destroying... [id=raft-quic-cross-node3][0m[0m
[0m[1mmodule.node_eu[0].aws_security_group.raft: Destroying... [id=sg-05604b9e6e9f4ec66][0m[0m
[0m[1mmodule.node_eu[0].aws_key_pair.raft: Destruction complete after 1s[0m
[0m[1mmodule.node_eu[0].aws_iam_instance_profile.raft_ssm: Destruction complete after 1s[0m
[0m[1mmodule.node_eu[0].aws_iam_role.raft_ssm: Destroying... [id=raft-quic-cross-ssm-node3][0m[0m
[0m[1mmodule.node_eu[0].aws_iam_role.raft_ssm: Destruction complete after 1s[0m
[0m[1mmodule.node_eu[0].aws_security_group.raft: Destruction complete after 2s[0m
[0m[1mmodule.node_us[0].aws_instance.node: Still destroying... [id=i-0cfb87d1f341205de, 00m30s elapsed][0m[0m
[0m[1mmodule.node_ap[0].aws_instance.node: Still destroying... [id=i-02384b2bd31c73443, 00m30s elapsed][0m[0m
[0m[1mmodule.node_us[0].aws_instance.node: Destruction complete after 32s[0m
[0m[1mmodule.node_us[0].aws_iam_instance_profile.raft_ssm: Destroying... [id=raft-quic-cross-ssm-node2][0m[0m
[0m[1mmodule.node_us[0].aws_key_pair.raft: Destroying... [id=raft-quic-cross-node2][0m[0m
[0m[1mmodule.node_us[0].aws_security_group.raft: Destroying... [id=sg-09d9b4ed52dd4464f][0m[0m
[0m[1mmodule.node_us[0].aws_key_pair.raft: Destruction complete after 0s[0m
[0m[1mmodule.node_ap[0].aws_instance.node: Destruction complete after 32s[0m
[0m[1mmodule.node_ap[0].aws_iam_instance_profile.raft_ssm: Destroying... [id=raft-quic-cross-ssm-node1][0m[0m
[0m[1mmodule.node_ap[0].aws_key_pair.raft: Destroying... [id=raft-quic-cross-node1][0m[0m
[0m[1mmodule.node_ap[0].aws_security_group.raft: Destroying... [id=sg-05306fb7db0868b8b][0m[0m
[0m[1mmodule.node_us[0].aws_iam_instance_profile.raft_ssm: Destruction complete after 0s[0m
[0m[1mmodule.node_us[0].aws_iam_role.raft_ssm: Destroying... [id=raft-quic-cross-ssm-node2][0m[0m
[0m[1mmodule.node_ap[0].aws_key_pair.raft: Destruction complete after 1s[0m
[0m[1mtls_private_key.ssh: Destroying... [id=b63b24229131cbad980e166f1fd2fbc7d64380a2][0m[0m
[0m[1mtls_private_key.ssh: Destruction complete after 0s[0m
[0m[1mmodule.node_ap[0].aws_iam_instance_profile.raft_ssm: Destruction complete after 1s[0m
[0m[1mmodule.node_ap[0].aws_iam_role.raft_ssm: Destroying... [id=raft-quic-cross-ssm-node1][0m[0m
[0m[1mmodule.node_us[0].aws_security_group.raft: Destruction complete after 1s[0m
[0m[1mmodule.node_us[0].aws_iam_role.raft_ssm: Destruction complete after 1s[0m
[0m[1mmodule.node_ap[0].aws_iam_role.raft_ssm: Destruction complete after 1s[0m
[0m[1mmodule.node_ap[0].aws_security_group.raft: Destruction complete after 2s[0m
[0m[1m[32m
Destroy complete! Resources: 20 destroyed.[0m
[+] 集群已销毁
[+] 结果保存到 results/full-benchmark-20260420_132814/results/cross-region_3nodes_20260420_145210/distributed_benchmark_20260420_152158.csv
[+] 报告保存到 results/full-benchmark-20260420_132814/results/cross-region_3nodes_20260420_145210/distributed_benchmark_report.md

[+] 所有测试完成，结果保存到 results/full-benchmark-20260420_132814/results/cross-region_3nodes_20260420_145210
