================================================================================
分布式性能测试框架 - TCP vs QUIC 对比
================================================================================
集群规模: [7]
场景: ['same-region']
写操作: 500
监控: 禁用
================================================================================
[*] 部署 7 节点 same-region 集群...
[0m[1mInitializing the backend...[0m
[0m[1mUpgrading modules...[0m
- node in ../modules/raft-node
[0m[1mInitializing provider plugins...[0m
- Finding hashicorp/local versions matching "~> 2.0"...
- Finding hashicorp/aws versions matching "~> 5.0"...
- Finding hashicorp/tls versions matching "~> 4.0"...
- Using previously-installed hashicorp/tls v4.2.1
- Using previously-installed hashicorp/local v2.8.0
- Using previously-installed hashicorp/aws v5.100.0

[0m[1m[32mTerraform has been successfully initialized![0m[32m[0m
[0m[32m
You may now begin working with Terraform. Try running "terraform plan" to see
any changes that are required for your infrastructure. All Terraform commands
should now work.

If you ever set or change modules or backend configuration for Terraform,
rerun this command to reinitialize your working directory. If you forget, other
commands will detect it and remind you to do so if necessary.[0m
[0m[1mmodule.node[2].data.aws_iam_policy_document.ec2_assume_role: Reading...[0m[0m
[0m[1mmodule.node[5].data.aws_iam_policy_document.ec2_assume_role: Reading...[0m[0m
[0m[1mmodule.node[3].data.aws_iam_policy_document.ec2_assume_role: Reading...[0m[0m
[0m[1mmodule.node[2].data.aws_iam_policy_document.ec2_assume_role: Read complete after 0s [id=2851119427][0m
[0m[1mmodule.node[5].data.aws_iam_policy_document.ec2_assume_role: Read complete after 0s [id=2851119427][0m
[0m[1mmodule.node[3].data.aws_iam_policy_document.ec2_assume_role: Read complete after 0s [id=2851119427][0m
[0m[1mmodule.node[6].data.aws_iam_policy_document.ec2_assume_role: Reading...[0m[0m
[0m[1mmodule.node[1].data.aws_iam_policy_document.ec2_assume_role: Reading...[0m[0m
[0m[1mmodule.node[4].data.aws_iam_policy_document.ec2_assume_role: Reading...[0m[0m
[0m[1mmodule.node[0].data.aws_iam_policy_document.ec2_assume_role: Reading...[0m[0m
[0m[1mmodule.node[6].data.aws_iam_policy_document.ec2_assume_role: Read complete after 0s [id=2851119427][0m
[0m[1mmodule.node[4].data.aws_iam_policy_document.ec2_assume_role: Read complete after 0s [id=2851119427][0m
[0m[1mmodule.node[1].data.aws_iam_policy_document.ec2_assume_role: Read complete after 0s [id=2851119427][0m
[0m[1mmodule.node[0].data.aws_iam_policy_document.ec2_assume_role: Read complete after 0s [id=2851119427][0m
[0m[1mmodule.node[5].data.aws_ami.al2023: Reading...[0m[0m
[0m[1mmodule.node[2].data.aws_ami.al2023: Reading...[0m[0m
[0m[1mmodule.node[1].data.aws_ami.al2023: Reading...[0m[0m
[0m[1mmodule.node[0].data.aws_ami.al2023: Reading...[0m[0m
[0m[1mmodule.node[3].data.aws_ami.al2023: Reading...[0m[0m
[0m[1mmodule.node[6].data.aws_ami.al2023: Reading...[0m[0m
[0m[1mmodule.node[4].data.aws_ami.al2023: Reading...[0m[0m
[0m[1mmodule.node[2].data.aws_ami.al2023: Read complete after 2s [id=ami-0102a36b3e9d5e4df][0m
[0m[1mmodule.node[0].data.aws_ami.al2023: Read complete after 2s [id=ami-0102a36b3e9d5e4df][0m
[0m[1mmodule.node[5].data.aws_ami.al2023: Read complete after 2s [id=ami-0102a36b3e9d5e4df][0m
[0m[1mmodule.node[4].data.aws_ami.al2023: Read complete after 2s [id=ami-0102a36b3e9d5e4df][0m
[0m[1mmodule.node[3].data.aws_ami.al2023: Read complete after 2s [id=ami-0102a36b3e9d5e4df][0m
[0m[1mmodule.node[6].data.aws_ami.al2023: Read complete after 2s [id=ami-0102a36b3e9d5e4df][0m
[0m[1mmodule.node[1].data.aws_ami.al2023: Read complete after 2s [id=ami-0102a36b3e9d5e4df][0m

Terraform used the selected providers to generate the following execution
plan. Resource actions are indicated with the following symbols:
  [32m+[0m create[0m

Terraform will perform the following actions:

[1m  # local_sensitive_file.ssh_key[0m will be created
[0m  [32m+[0m[0m resource "local_sensitive_file" "ssh_key" {
      [32m+[0m[0m content              = (sensitive value)
      [32m+[0m[0m content_base64sha256 = (known after apply)
      [32m+[0m[0m content_base64sha512 = (known after apply)
      [32m+[0m[0m content_md5          = (known after apply)
      [32m+[0m[0m content_sha1         = (known after apply)
      [32m+[0m[0m content_sha256       = (known after apply)
      [32m+[0m[0m content_sha512       = (known after apply)
      [32m+[0m[0m directory_permission = "0700"
      [32m+[0m[0m file_permission      = "0600"
      [32m+[0m[0m filename             = "./raft-key.pem"
      [32m+[0m[0m id                   = (known after apply)
    }

[1m  # tls_private_key.ssh[0m will be created
[0m  [32m+[0m[0m resource "tls_private_key" "ssh" {
      [32m+[0m[0m algorithm                     = "RSA"
      [32m+[0m[0m ecdsa_curve                   = "P224"
      [32m+[0m[0m id                            = (known after apply)
      [32m+[0m[0m private_key_openssh           = (sensitive value)
      [32m+[0m[0m private_key_pem               = (sensitive value)
      [32m+[0m[0m private_key_pem_pkcs8         = (sensitive value)
      [32m+[0m[0m public_key_fingerprint_md5    = (known after apply)
      [32m+[0m[0m public_key_fingerprint_sha256 = (known after apply)
      [32m+[0m[0m public_key_openssh            = (known after apply)
      [32m+[0m[0m public_key_pem                = (known after apply)
      [32m+[0m[0m rsa_bits                      = 4096
    }

[1m  # module.node[0].aws_iam_instance_profile.raft_ssm[0m will be created
[0m  [32m+[0m[0m resource "aws_iam_instance_profile" "raft_ssm" {
      [32m+[0m[0m arn         = (known after apply)
      [32m+[0m[0m create_date = (known after apply)
      [32m+[0m[0m id          = (known after apply)
      [32m+[0m[0m name        = "raft-quic-same-ssm-node1"
      [32m+[0m[0m name_prefix = (known after apply)
      [32m+[0m[0m path        = "/"
      [32m+[0m[0m role        = "raft-quic-same-ssm-node1"
      [32m+[0m[0m tags_all    = (known after apply)
      [32m+[0m[0m unique_id   = (known after apply)
    }

[1m  # module.node[0].aws_iam_role.raft_ssm[0m will be created
[0m  [32m+[0m[0m resource "aws_iam_role" "raft_ssm" {
      [32m+[0m[0m arn                   = (known after apply)
      [32m+[0m[0m assume_role_policy    = jsonencode(
            {
              [32m+[0m[0m Statement = [
                  [32m+[0m[0m {
                      [32m+[0m[0m Action    = "sts:AssumeRole"
                      [32m+[0m[0m Effect    = "Allow"
                      [32m+[0m[0m Principal = {
                          [32m+[0m[0m Service = "ec2.amazonaws.com"
                        }
                    },
                ]
              [32m+[0m[0m Version   = "2012-10-17"
            }
        )
      [32m+[0m[0m create_date           = (known after apply)
      [32m+[0m[0m force_detach_policies = false
      [32m+[0m[0m id                    = (known after apply)
      [32m+[0m[0m managed_policy_arns   = (known after apply)
      [32m+[0m[0m max_session_duration  = 3600
      [32m+[0m[0m name                  = "raft-quic-same-ssm-node1"
      [32m+[0m[0m name_prefix           = (known after apply)
      [32m+[0m[0m path                  = "/"
      [32m+[0m[0m tags                  = {
          [32m+[0m[0m "Node"    = "node1"
          [32m+[0m[0m "Project" = "raft-quic"
        }
      [32m+[0m[0m tags_all              = {
          [32m+[0m[0m "Node"    = "node1"
          [32m+[0m[0m "Project" = "raft-quic"
        }
      [32m+[0m[0m unique_id             = (known after apply)

      [32m+[0m[0m inline_policy (known after apply)
    }

[1m  # module.node[0].aws_iam_role_policy_attachment.ssm_core[0m will be created
[0m  [32m+[0m[0m resource "aws_iam_role_policy_attachment" "ssm_core" {
      [32m+[0m[0m id         = (known after apply)
      [32m+[0m[0m policy_arn = "arn:aws:iam::aws:policy/AmazonSSMManagedInstanceCore"
      [32m+[0m[0m role       = "raft-quic-same-ssm-node1"
    }

[1m  # module.node[0].aws_instance.node[0m will be created
[0m  [32m+[0m[0m resource "aws_instance" "node" {
      [32m+[0m[0m ami                                  = "ami-0102a36b3e9d5e4df"
      [32m+[0m[0m arn                                  = (known after apply)
      [32m+[0m[0m associate_public_ip_address          = true
      [32m+[0m[0m availability_zone                    = (known after apply)
      [32m+[0m[0m cpu_core_count                       = (known after apply)
      [32m+[0m[0m cpu_threads_per_core                 = (known after apply)
      [32m+[0m[0m disable_api_stop                     = (known after apply)
      [32m+[0m[0m disable_api_termination              = (known after apply)
      [32m+[0m[0m ebs_optimized                        = (known after apply)
      [32m+[0m[0m enable_primary_ipv6                  = (known after apply)
      [32m+[0m[0m get_password_data                    = false
      [32m+[0m[0m host_id                              = (known after apply)
      [32m+[0m[0m host_resource_group_arn              = (known after apply)
      [32m+[0m[0m iam_instance_profile                 = "raft-quic-same-ssm-node1"
      [32m+[0m[0m id                                   = (known after apply)
      [32m+[0m[0m instance_initiated_shutdown_behavior = (known after apply)
      [32m+[0m[0m instance_lifecycle                   = (known after apply)
      [32m+[0m[0m instance_state                       = (known after apply)
      [32m+[0m[0m instance_type                        = "t3.micro"
      [32m+[0m[0m ipv6_address_count                   = (known after apply)
      [32m+[0m[0m ipv6_addresses                       = (known after apply)
      [32m+[0m[0m key_name                             = "raft-quic-same-node1"
      [32m+[0m[0m monitoring                           = (known after apply)
      [32m+[0m[0m outpost_arn                          = (known after apply)
      [32m+[0m[0m password_data                        = (known after apply)
      [32m+[0m[0m placement_group                      = (known after apply)
      [32m+[0m[0m placement_partition_number           = (known after apply)
      [32m+[0m[0m primary_network_interface_id         = (known after apply)
      [32m+[0m[0m private_dns                          = (known after apply)
      [32m+[0m[0m private_ip                           = (known after apply)
      [32m+[0m[0m public_dns                           = (known after apply)
      [32m+[0m[0m public_ip                            = (known after apply)
      [32m+[0m[0m secondary_private_ips                = (known after apply)
      [32m+[0m[0m security_groups                      = (known after apply)
      [32m+[0m[0m source_dest_check                    = true
      [32m+[0m[0m spot_instance_request_id             = (known after apply)
      [32m+[0m[0m subnet_id                            = (known after apply)
      [32m+[0m[0m tags                                 = {
          [32m+[0m[0m "Name"    = "raft-quic-node1"
          [32m+[0m[0m "Node"    = "node1"
          [32m+[0m[0m "Project" = "raft-quic"
        }
      [32m+[0m[0m tags_all                             = {
          [32m+[0m[0m "Name"    = "raft-quic-node1"
          [32m+[0m[0m "Node"    = "node1"
          [32m+[0m[0m "Project" = "raft-quic"
        }
      [32m+[0m[0m tenancy                              = (known after apply)
      [32m+[0m[0m user_data                            = (known after apply)
      [32m+[0m[0m user_data_base64                     = (known after apply)
      [32m+[0m[0m user_data_replace_on_change          = false
      [32m+[0m[0m vpc_security_group_ids               = (known after apply)

      [32m+[0m[0m capacity_reservation_specification (known after apply)

      [32m+[0m[0m cpu_options (known after apply)

      [32m+[0m[0m ebs_block_device (known after apply)

      [32m+[0m[0m enclave_options (known after apply)

      [32m+[0m[0m ephemeral_block_device (known after apply)

      [32m+[0m[0m instance_market_options (known after apply)

      [32m+[0m[0m maintenance_options (known after apply)

      [32m+[0m[0m metadata_options (known after apply)

      [32m+[0m[0m network_interface (known after apply)

      [32m+[0m[0m private_dns_name_options (known after apply)

      [32m+[0m[0m root_block_device (known after apply)
    }

[1m  # module.node[0].aws_key_pair.raft[0m will be created
[0m  [32m+[0m[0m resource "aws_key_pair" "raft" {
      [32m+[0m[0m arn             = (known after apply)
      [32m+[0m[0m fingerprint     = (known after apply)
      [32m+[0m[0m id              = (known after apply)
      [32m+[0m[0m key_name        = "raft-quic-same-node1"
      [32m+[0m[0m key_name_prefix = (known after apply)
      [32m+[0m[0m key_pair_id     = (known after apply)
      [32m+[0m[0m key_type        = (known after apply)
      [32m+[0m[0m public_key      = (known after apply)
      [32m+[0m[0m tags            = {
          [32m+[0m[0m "Node"    = "node1"
          [32m+[0m[0m "Project" = "raft-quic"
        }
      [32m+[0m[0m tags_all        = {
          [32m+[0m[0m "Node"    = "node1"
          [32m+[0m[0m "Project" = "raft-quic"
        }
    }

[1m  # module.node[0].aws_security_group.raft[0m will be created
[0m  [32m+[0m[0m resource "aws_security_group" "raft" {
      [32m+[0m[0m arn                    = (known after apply)
      [32m+[0m[0m description            = "Raft-over-QUIC cluster node node1"
      [32m+[0m[0m egress                 = [
          [32m+[0m[0m {
              [32m+[0m[0m cidr_blocks      = [
                  [32m+[0m[0m "0.0.0.0/0",
                ]
              [32m+[0m[0m from_port        = 0
              [32m+[0m[0m ipv6_cidr_blocks = []
              [32m+[0m[0m prefix_list_ids  = []
              [32m+[0m[0m protocol         = "-1"
              [32m+[0m[0m security_groups  = []
              [32m+[0m[0m self             = false
              [32m+[0m[0m to_port          = 0
                [90m# (1 unchanged attribute hidden)[0m[0m
            },
        ]
      [32m+[0m[0m id                     = (known after apply)
      [32m+[0m[0m ingress                = [
          [32m+[0m[0m {
              [32m+[0m[0m cidr_blocks      = [
                  [32m+[0m[0m "0.0.0.0/0",
                ]
              [32m+[0m[0m from_port        = 22
              [32m+[0m[0m ipv6_cidr_blocks = []
              [32m+[0m[0m prefix_list_ids  = []
              [32m+[0m[0m protocol         = "tcp"
              [32m+[0m[0m security_groups  = []
              [32m+[0m[0m self             = false
              [32m+[0m[0m to_port          = 22
                [90m# (1 unchanged attribute hidden)[0m[0m
            },
          [32m+[0m[0m {
              [32m+[0m[0m cidr_blocks      = [
                  [32m+[0m[0m "0.0.0.0/0",
                ]
              [32m+[0m[0m from_port        = 7001
              [32m+[0m[0m ipv6_cidr_blocks = []
              [32m+[0m[0m prefix_list_ids  = []
              [32m+[0m[0m protocol         = "udp"
              [32m+[0m[0m security_groups  = []
              [32m+[0m[0m self             = false
              [32m+[0m[0m to_port          = 7001
                [90m# (1 unchanged attribute hidden)[0m[0m
            },
          [32m+[0m[0m {
              [32m+[0m[0m cidr_blocks      = [
                  [32m+[0m[0m "0.0.0.0/0",
                ]
              [32m+[0m[0m from_port        = 8001
              [32m+[0m[0m ipv6_cidr_blocks = []
              [32m+[0m[0m prefix_list_ids  = []
              [32m+[0m[0m protocol         = "tcp"
              [32m+[0m[0m security_groups  = []
              [32m+[0m[0m self             = false
              [32m+[0m[0m to_port          = 8001
                [90m# (1 unchanged attribute hidden)[0m[0m
            },
          [32m+[0m[0m {
              [32m+[0m[0m cidr_blocks      = [
                  [32m+[0m[0m "0.0.0.0/0",
                ]
              [32m+[0m[0m from_port        = 9001
              [32m+[0m[0m ipv6_cidr_blocks = []
              [32m+[0m[0m prefix_list_ids  = []
              [32m+[0m[0m protocol         = "tcp"
              [32m+[0m[0m security_groups  = []
              [32m+[0m[0m self             = false
              [32m+[0m[0m to_port          = 9001
                [90m# (1 unchanged attribute hidden)[0m[0m
            },
        ]
      [32m+[0m[0m name                   = "raft-quic-node1"
      [32m+[0m[0m name_prefix            = (known after apply)
      [32m+[0m[0m owner_id               = (known after apply)
      [32m+[0m[0m revoke_rules_on_delete = false
      [32m+[0m[0m tags                   = {
          [32m+[0m[0m "Node"    = "node1"
          [32m+[0m[0m "Project" = "raft-quic"
        }
      [32m+[0m[0m tags_all               = {
          [32m+[0m[0m "Node"    = "node1"
          [32m+[0m[0m "Project" = "raft-quic"
        }
      [32m+[0m[0m vpc_id                 = (known after apply)
    }

[1m  # module.node[1].aws_iam_instance_profile.raft_ssm[0m will be created
[0m  [32m+[0m[0m resource "aws_iam_instance_profile" "raft_ssm" {
      [32m+[0m[0m arn         = (known after apply)
      [32m+[0m[0m create_date = (known after apply)
      [32m+[0m[0m id          = (known after apply)
      [32m+[0m[0m name        = "raft-quic-same-ssm-node2"
      [32m+[0m[0m name_prefix = (known after apply)
      [32m+[0m[0m path        = "/"
      [32m+[0m[0m role        = "raft-quic-same-ssm-node2"
      [32m+[0m[0m tags_all    = (known after apply)
      [32m+[0m[0m unique_id   = (known after apply)
    }

[1m  # module.node[1].aws_iam_role.raft_ssm[0m will be created
[0m  [32m+[0m[0m resource "aws_iam_role" "raft_ssm" {
      [32m+[0m[0m arn                   = (known after apply)
      [32m+[0m[0m assume_role_policy    = jsonencode(
            {
              [32m+[0m[0m Statement = [
                  [32m+[0m[0m {
                      [32m+[0m[0m Action    = "sts:AssumeRole"
                      [32m+[0m[0m Effect    = "Allow"
                      [32m+[0m[0m Principal = {
                          [32m+[0m[0m Service = "ec2.amazonaws.com"
                        }
                    },
                ]
              [32m+[0m[0m Version   = "2012-10-17"
            }
        )
      [32m+[0m[0m create_date           = (known after apply)
      [32m+[0m[0m force_detach_policies = false
      [32m+[0m[0m id                    = (known after apply)
      [32m+[0m[0m managed_policy_arns   = (known after apply)
      [32m+[0m[0m max_session_duration  = 3600
      [32m+[0m[0m name                  = "raft-quic-same-ssm-node2"
      [32m+[0m[0m name_prefix           = (known after apply)
      [32m+[0m[0m path                  = "/"
      [32m+[0m[0m tags                  = {
          [32m+[0m[0m "Node"    = "node2"
          [32m+[0m[0m "Project" = "raft-quic"
        }
      [32m+[0m[0m tags_all              = {
          [32m+[0m[0m "Node"    = "node2"
          [32m+[0m[0m "Project" = "raft-quic"
        }
      [32m+[0m[0m unique_id             = (known after apply)

      [32m+[0m[0m inline_policy (known after apply)
    }

[1m  # module.node[1].aws_iam_role_policy_attachment.ssm_core[0m will be created
[0m  [32m+[0m[0m resource "aws_iam_role_policy_attachment" "ssm_core" {
      [32m+[0m[0m id         = (known after apply)
      [32m+[0m[0m policy_arn = "arn:aws:iam::aws:policy/AmazonSSMManagedInstanceCore"
      [32m+[0m[0m role       = "raft-quic-same-ssm-node2"
    }

[1m  # module.node[1].aws_instance.node[0m will be created
[0m  [32m+[0m[0m resource "aws_instance" "node" {
      [32m+[0m[0m ami                                  = "ami-0102a36b3e9d5e4df"
      [32m+[0m[0m arn                                  = (known after apply)
      [32m+[0m[0m associate_public_ip_address          = true
      [32m+[0m[0m availability_zone                    = (known after apply)
      [32m+[0m[0m cpu_core_count                       = (known after apply)
      [32m+[0m[0m cpu_threads_per_core                 = (known after apply)
      [32m+[0m[0m disable_api_stop                     = (known after apply)
      [32m+[0m[0m disable_api_termination              = (known after apply)
      [32m+[0m[0m ebs_optimized                        = (known after apply)
      [32m+[0m[0m enable_primary_ipv6                  = (known after apply)
      [32m+[0m[0m get_password_data                    = false
      [32m+[0m[0m host_id                              = (known after apply)
      [32m+[0m[0m host_resource_group_arn              = (known after apply)
      [32m+[0m[0m iam_instance_profile                 = "raft-quic-same-ssm-node2"
      [32m+[0m[0m id                                   = (known after apply)
      [32m+[0m[0m instance_initiated_shutdown_behavior = (known after apply)
      [32m+[0m[0m instance_lifecycle                   = (known after apply)
      [32m+[0m[0m instance_state                       = (known after apply)
      [32m+[0m[0m instance_type                        = "t3.micro"
      [32m+[0m[0m ipv6_address_count                   = (known after apply)
      [32m+[0m[0m ipv6_addresses                       = (known after apply)
      [32m+[0m[0m key_name                             = "raft-quic-same-node2"
      [32m+[0m[0m monitoring                           = (known after apply)
      [32m+[0m[0m outpost_arn                          = (known after apply)
      [32m+[0m[0m password_data                        = (known after apply)
      [32m+[0m[0m placement_group                      = (known after apply)
      [32m+[0m[0m placement_partition_number           = (known after apply)
      [32m+[0m[0m primary_network_interface_id         = (known after apply)
      [32m+[0m[0m private_dns                          = (known after apply)
      [32m+[0m[0m private_ip                           = (known after apply)
      [32m+[0m[0m public_dns                           = (known after apply)
      [32m+[0m[0m public_ip                            = (known after apply)
      [32m+[0m[0m secondary_private_ips                = (known after apply)
      [32m+[0m[0m security_groups                      = (known after apply)
      [32m+[0m[0m source_dest_check                    = true
      [32m+[0m[0m spot_instance_request_id             = (known after apply)
      [32m+[0m[0m subnet_id                            = (known after apply)
      [32m+[0m[0m tags                                 = {
          [32m+[0m[0m "Name"    = "raft-quic-node2"
          [32m+[0m[0m "Node"    = "node2"
          [32m+[0m[0m "Project" = "raft-quic"
        }
      [32m+[0m[0m tags_all                             = {
          [32m+[0m[0m "Name"    = "raft-quic-node2"
          [32m+[0m[0m "Node"    = "node2"
          [32m+[0m[0m "Project" = "raft-quic"
        }
      [32m+[0m[0m tenancy                              = (known after apply)
      [32m+[0m[0m user_data                            = (known after apply)
      [32m+[0m[0m user_data_base64                     = (known after apply)
      [32m+[0m[0m user_data_replace_on_change          = false
      [32m+[0m[0m vpc_security_group_ids               = (known after apply)

      [32m+[0m[0m capacity_reservation_specification (known after apply)

      [32m+[0m[0m cpu_options (known after apply)

      [32m+[0m[0m ebs_block_device (known after apply)

      [32m+[0m[0m enclave_options (known after apply)

      [32m+[0m[0m ephemeral_block_device (known after apply)

      [32m+[0m[0m instance_market_options (known after apply)

      [32m+[0m[0m maintenance_options (known after apply)

      [32m+[0m[0m metadata_options (known after apply)

      [32m+[0m[0m network_interface (known after apply)

      [32m+[0m[0m private_dns_name_options (known after apply)

      [32m+[0m[0m root_block_device (known after apply)
    }

[1m  # module.node[1].aws_key_pair.raft[0m will be created
[0m  [32m+[0m[0m resource "aws_key_pair" "raft" {
      [32m+[0m[0m arn             = (known after apply)
      [32m+[0m[0m fingerprint     = (known after apply)
      [32m+[0m[0m id              = (known after apply)
      [32m+[0m[0m key_name        = "raft-quic-same-node2"
      [32m+[0m[0m key_name_prefix = (known after apply)
      [32m+[0m[0m key_pair_id     = (known after apply)
      [32m+[0m[0m key_type        = (known after apply)
      [32m+[0m[0m public_key      = (known after apply)
      [32m+[0m[0m tags            = {
          [32m+[0m[0m "Node"    = "node2"
          [32m+[0m[0m "Project" = "raft-quic"
        }
      [32m+[0m[0m tags_all        = {
          [32m+[0m[0m "Node"    = "node2"
          [32m+[0m[0m "Project" = "raft-quic"
        }
    }

[1m  # module.node[1].aws_security_group.raft[0m will be created
[0m  [32m+[0m[0m resource "aws_security_group" "raft" {
      [32m+[0m[0m arn                    = (known after apply)
      [32m+[0m[0m description            = "Raft-over-QUIC cluster node node2"
      [32m+[0m[0m egress                 = [
          [32m+[0m[0m {
              [32m+[0m[0m cidr_blocks      = [
                  [32m+[0m[0m "0.0.0.0/0",
                ]
              [32m+[0m[0m from_port        = 0
              [32m+[0m[0m ipv6_cidr_blocks = []
              [32m+[0m[0m prefix_list_ids  = []
              [32m+[0m[0m protocol         = "-1"
              [32m+[0m[0m security_groups  = []
              [32m+[0m[0m self             = false
              [32m+[0m[0m to_port          = 0
                [90m# (1 unchanged attribute hidden)[0m[0m
            },
        ]
      [32m+[0m[0m id                     = (known after apply)
      [32m+[0m[0m ingress                = [
          [32m+[0m[0m {
              [32m+[0m[0m cidr_blocks      = [
                  [32m+[0m[0m "0.0.0.0/0",
                ]
              [32m+[0m[0m from_port        = 22
              [32m+[0m[0m ipv6_cidr_blocks = []
              [32m+[0m[0m prefix_list_ids  = []
              [32m+[0m[0m protocol         = "tcp"
              [32m+[0m[0m security_groups  = []
              [32m+[0m[0m self             = false
              [32m+[0m[0m to_port          = 22
                [90m# (1 unchanged attribute hidden)[0m[0m
            },
          [32m+[0m[0m {
              [32m+[0m[0m cidr_blocks      = [
                  [32m+[0m[0m "0.0.0.0/0",
                ]
              [32m+[0m[0m from_port        = 7001
              [32m+[0m[0m ipv6_cidr_blocks = []
              [32m+[0m[0m prefix_list_ids  = []
              [32m+[0m[0m protocol         = "udp"
              [32m+[0m[0m security_groups  = []
              [32m+[0m[0m self             = false
              [32m+[0m[0m to_port          = 7001
                [90m# (1 unchanged attribute hidden)[0m[0m
            },
          [32m+[0m[0m {
              [32m+[0m[0m cidr_blocks      = [
                  [32m+[0m[0m "0.0.0.0/0",
                ]
              [32m+[0m[0m from_port        = 8001
              [32m+[0m[0m ipv6_cidr_blocks = []
              [32m+[0m[0m prefix_list_ids  = []
              [32m+[0m[0m protocol         = "tcp"
              [32m+[0m[0m security_groups  = []
              [32m+[0m[0m self             = false
              [32m+[0m[0m to_port          = 8001
                [90m# (1 unchanged attribute hidden)[0m[0m
            },
          [32m+[0m[0m {
              [32m+[0m[0m cidr_blocks      = [
                  [32m+[0m[0m "0.0.0.0/0",
                ]
              [32m+[0m[0m from_port        = 9001
              [32m+[0m[0m ipv6_cidr_blocks = []
              [32m+[0m[0m prefix_list_ids  = []
              [32m+[0m[0m protocol         = "tcp"
              [32m+[0m[0m security_groups  = []
              [32m+[0m[0m self             = false
              [32m+[0m[0m to_port          = 9001
                [90m# (1 unchanged attribute hidden)[0m[0m
            },
        ]
      [32m+[0m[0m name                   = "raft-quic-node2"
      [32m+[0m[0m name_prefix            = (known after apply)
      [32m+[0m[0m owner_id               = (known after apply)
      [32m+[0m[0m revoke_rules_on_delete = false
      [32m+[0m[0m tags                   = {
          [32m+[0m[0m "Node"    = "node2"
          [32m+[0m[0m "Project" = "raft-quic"
        }
      [32m+[0m[0m tags_all               = {
          [32m+[0m[0m "Node"    = "node2"
          [32m+[0m[0m "Project" = "raft-quic"
        }
      [32m+[0m[0m vpc_id                 = (known after apply)
    }

[1m  # module.node[2].aws_iam_instance_profile.raft_ssm[0m will be created
[0m  [32m+[0m[0m resource "aws_iam_instance_profile" "raft_ssm" {
      [32m+[0m[0m arn         = (known after apply)
      [32m+[0m[0m create_date = (known after apply)
      [32m+[0m[0m id          = (known after apply)
      [32m+[0m[0m name        = "raft-quic-same-ssm-node3"
      [32m+[0m[0m name_prefix = (known after apply)
      [32m+[0m[0m path        = "/"
      [32m+[0m[0m role        = "raft-quic-same-ssm-node3"
      [32m+[0m[0m tags_all    = (known after apply)
      [32m+[0m[0m unique_id   = (known after apply)
    }

[1m  # module.node[2].aws_iam_role.raft_ssm[0m will be created
[0m  [32m+[0m[0m resource "aws_iam_role" "raft_ssm" {
      [32m+[0m[0m arn                   = (known after apply)
      [32m+[0m[0m assume_role_policy    = jsonencode(
            {
              [32m+[0m[0m Statement = [
                  [32m+[0m[0m {
                      [32m+[0m[0m Action    = "sts:AssumeRole"
                      [32m+[0m[0m Effect    = "Allow"
                      [32m+[0m[0m Principal = {
                          [32m+[0m[0m Service = "ec2.amazonaws.com"
                        }
                    },
                ]
              [32m+[0m[0m Version   = "2012-10-17"
            }
        )
      [32m+[0m[0m create_date           = (known after apply)
      [32m+[0m[0m force_detach_policies = false
      [32m+[0m[0m id                    = (known after apply)
      [32m+[0m[0m managed_policy_arns   = (known after apply)
      [32m+[0m[0m max_session_duration  = 3600
      [32m+[0m[0m name                  = "raft-quic-same-ssm-node3"
      [32m+[0m[0m name_prefix           = (known after apply)
      [32m+[0m[0m path                  = "/"
      [32m+[0m[0m tags                  = {
          [32m+[0m[0m "Node"    = "node3"
          [32m+[0m[0m "Project" = "raft-quic"
        }
      [32m+[0m[0m tags_all              = {
          [32m+[0m[0m "Node"    = "node3"
          [32m+[0m[0m "Project" = "raft-quic"
        }
      [32m+[0m[0m unique_id             = (known after apply)

      [32m+[0m[0m inline_policy (known after apply)
    }

[1m  # module.node[2].aws_iam_role_policy_attachment.ssm_core[0m will be created
[0m  [32m+[0m[0m resource "aws_iam_role_policy_attachment" "ssm_core" {
      [32m+[0m[0m id         = (known after apply)
      [32m+[0m[0m policy_arn = "arn:aws:iam::aws:policy/AmazonSSMManagedInstanceCore"
      [32m+[0m[0m role       = "raft-quic-same-ssm-node3"
    }

[1m  # module.node[2].aws_instance.node[0m will be created
[0m  [32m+[0m[0m resource "aws_instance" "node" {
      [32m+[0m[0m ami                                  = "ami-0102a36b3e9d5e4df"
      [32m+[0m[0m arn                                  = (known after apply)
      [32m+[0m[0m associate_public_ip_address          = true
      [32m+[0m[0m availability_zone                    = (known after apply)
      [32m+[0m[0m cpu_core_count                       = (known after apply)
      [32m+[0m[0m cpu_threads_per_core                 = (known after apply)
      [32m+[0m[0m disable_api_stop                     = (known after apply)
      [32m+[0m[0m disable_api_termination              = (known after apply)
      [32m+[0m[0m ebs_optimized                        = (known after apply)
      [32m+[0m[0m enable_primary_ipv6                  = (known after apply)
      [32m+[0m[0m get_password_data                    = false
      [32m+[0m[0m host_id                              = (known after apply)
      [32m+[0m[0m host_resource_group_arn              = (known after apply)
      [32m+[0m[0m iam_instance_profile                 = "raft-quic-same-ssm-node3"
      [32m+[0m[0m id                                   = (known after apply)
      [32m+[0m[0m instance_initiated_shutdown_behavior = (known after apply)
      [32m+[0m[0m instance_lifecycle                   = (known after apply)
      [32m+[0m[0m instance_state                       = (known after apply)
      [32m+[0m[0m instance_type                        = "t3.micro"
      [32m+[0m[0m ipv6_address_count                   = (known after apply)
      [32m+[0m[0m ipv6_addresses                       = (known after apply)
      [32m+[0m[0m key_name                             = "raft-quic-same-node3"
      [32m+[0m[0m monitoring                           = (known after apply)
      [32m+[0m[0m outpost_arn                          = (known after apply)
      [32m+[0m[0m password_data                        = (known after apply)
      [32m+[0m[0m placement_group                      = (known after apply)
      [32m+[0m[0m placement_partition_number           = (known after apply)
      [32m+[0m[0m primary_network_interface_id         = (known after apply)
      [32m+[0m[0m private_dns                          = (known after apply)
      [32m+[0m[0m private_ip                           = (known after apply)
      [32m+[0m[0m public_dns                           = (known after apply)
      [32m+[0m[0m public_ip                            = (known after apply)
      [32m+[0m[0m secondary_private_ips                = (known after apply)
      [32m+[0m[0m security_groups                      = (known after apply)
      [32m+[0m[0m source_dest_check                    = true
      [32m+[0m[0m spot_instance_request_id             = (known after apply)
      [32m+[0m[0m subnet_id                            = (known after apply)
      [32m+[0m[0m tags                                 = {
          [32m+[0m[0m "Name"    = "raft-quic-node3"
          [32m+[0m[0m "Node"    = "node3"
          [32m+[0m[0m "Project" = "raft-quic"
        }
      [32m+[0m[0m tags_all                             = {
          [32m+[0m[0m "Name"    = "raft-quic-node3"
          [32m+[0m[0m "Node"    = "node3"
          [32m+[0m[0m "Project" = "raft-quic"
        }
      [32m+[0m[0m tenancy                              = (known after apply)
      [32m+[0m[0m user_data                            = (known after apply)
      [32m+[0m[0m user_data_base64                     = (known after apply)
      [32m+[0m[0m user_data_replace_on_change          = false
      [32m+[0m[0m vpc_security_group_ids               = (known after apply)

      [32m+[0m[0m capacity_reservation_specification (known after apply)

      [32m+[0m[0m cpu_options (known after apply)

      [32m+[0m[0m ebs_block_device (known after apply)

      [32m+[0m[0m enclave_options (known after apply)

      [32m+[0m[0m ephemeral_block_device (known after apply)

      [32m+[0m[0m instance_market_options (known after apply)

      [32m+[0m[0m maintenance_options (known after apply)

      [32m+[0m[0m metadata_options (known after apply)

      [32m+[0m[0m network_interface (known after apply)

      [32m+[0m[0m private_dns_name_options (known after apply)

      [32m+[0m[0m root_block_device (known after apply)
    }

[1m  # module.node[2].aws_key_pair.raft[0m will be created
[0m  [32m+[0m[0m resource "aws_key_pair" "raft" {
      [32m+[0m[0m arn             = (known after apply)
      [32m+[0m[0m fingerprint     = (known after apply)
      [32m+[0m[0m id              = (known after apply)
      [32m+[0m[0m key_name        = "raft-quic-same-node3"
      [32m+[0m[0m key_name_prefix = (known after apply)
      [32m+[0m[0m key_pair_id     = (known after apply)
      [32m+[0m[0m key_type        = (known after apply)
      [32m+[0m[0m public_key      = (known after apply)
      [32m+[0m[0m tags            = {
          [32m+[0m[0m "Node"    = "node3"
          [32m+[0m[0m "Project" = "raft-quic"
        }
      [32m+[0m[0m tags_all        = {
          [32m+[0m[0m "Node"    = "node3"
          [32m+[0m[0m "Project" = "raft-quic"
        }
    }

[1m  # module.node[2].aws_security_group.raft[0m will be created
[0m  [32m+[0m[0m resource "aws_security_group" "raft" {
      [32m+[0m[0m arn                    = (known after apply)
      [32m+[0m[0m description            = "Raft-over-QUIC cluster node node3"
      [32m+[0m[0m egress                 = [
          [32m+[0m[0m {
              [32m+[0m[0m cidr_blocks      = [
                  [32m+[0m[0m "0.0.0.0/0",
                ]
              [32m+[0m[0m from_port        = 0
              [32m+[0m[0m ipv6_cidr_blocks = []
              [32m+[0m[0m prefix_list_ids  = []
              [32m+[0m[0m protocol         = "-1"
              [32m+[0m[0m security_groups  = []
              [32m+[0m[0m self             = false
              [32m+[0m[0m to_port          = 0
                [90m# (1 unchanged attribute hidden)[0m[0m
            },
        ]
      [32m+[0m[0m id                     = (known after apply)
      [32m+[0m[0m ingress                = [
          [32m+[0m[0m {
              [32m+[0m[0m cidr_blocks      = [
                  [32m+[0m[0m "0.0.0.0/0",
                ]
              [32m+[0m[0m from_port        = 22
              [32m+[0m[0m ipv6_cidr_blocks = []
              [32m+[0m[0m prefix_list_ids  = []
              [32m+[0m[0m protocol         = "tcp"
              [32m+[0m[0m security_groups  = []
              [32m+[0m[0m self             = false
              [32m+[0m[0m to_port          = 22
                [90m# (1 unchanged attribute hidden)[0m[0m
            },
          [32m+[0m[0m {
              [32m+[0m[0m cidr_blocks      = [
                  [32m+[0m[0m "0.0.0.0/0",
                ]
              [32m+[0m[0m from_port        = 7001
              [32m+[0m[0m ipv6_cidr_blocks = []
              [32m+[0m[0m prefix_list_ids  = []
              [32m+[0m[0m protocol         = "udp"
              [32m+[0m[0m security_groups  = []
              [32m+[0m[0m self             = false
              [32m+[0m[0m to_port          = 7001
                [90m# (1 unchanged attribute hidden)[0m[0m
            },
          [32m+[0m[0m {
              [32m+[0m[0m cidr_blocks      = [
                  [32m+[0m[0m "0.0.0.0/0",
                ]
              [32m+[0m[0m from_port        = 8001
              [32m+[0m[0m ipv6_cidr_blocks = []
              [32m+[0m[0m prefix_list_ids  = []
              [32m+[0m[0m protocol         = "tcp"
              [32m+[0m[0m security_groups  = []
              [32m+[0m[0m self             = false
              [32m+[0m[0m to_port          = 8001
                [90m# (1 unchanged attribute hidden)[0m[0m
            },
          [32m+[0m[0m {
              [32m+[0m[0m cidr_blocks      = [
                  [32m+[0m[0m "0.0.0.0/0",
                ]
              [32m+[0m[0m from_port        = 9001
              [32m+[0m[0m ipv6_cidr_blocks = []
              [32m+[0m[0m prefix_list_ids  = []
              [32m+[0m[0m protocol         = "tcp"
              [32m+[0m[0m security_groups  = []
              [32m+[0m[0m self             = false
              [32m+[0m[0m to_port          = 9001
                [90m# (1 unchanged attribute hidden)[0m[0m
            },
        ]
      [32m+[0m[0m name                   = "raft-quic-node3"
      [32m+[0m[0m name_prefix            = (known after apply)
      [32m+[0m[0m owner_id               = (known after apply)
      [32m+[0m[0m revoke_rules_on_delete = false
      [32m+[0m[0m tags                   = {
          [32m+[0m[0m "Node"    = "node3"
          [32m+[0m[0m "Project" = "raft-quic"
        }
      [32m+[0m[0m tags_all               = {
          [32m+[0m[0m "Node"    = "node3"
          [32m+[0m[0m "Project" = "raft-quic"
        }
      [32m+[0m[0m vpc_id                 = (known after apply)
    }

[1m  # module.node[3].aws_iam_instance_profile.raft_ssm[0m will be created
[0m  [32m+[0m[0m resource "aws_iam_instance_profile" "raft_ssm" {
      [32m+[0m[0m arn         = (known after apply)
      [32m+[0m[0m create_date = (known after apply)
      [32m+[0m[0m id          = (known after apply)
      [32m+[0m[0m name        = "raft-quic-same-ssm-node4"
      [32m+[0m[0m name_prefix = (known after apply)
      [32m+[0m[0m path        = "/"
      [32m+[0m[0m role        = "raft-quic-same-ssm-node4"
      [32m+[0m[0m tags_all    = (known after apply)
      [32m+[0m[0m unique_id   = (known after apply)
    }

[1m  # module.node[3].aws_iam_role.raft_ssm[0m will be created
[0m  [32m+[0m[0m resource "aws_iam_role" "raft_ssm" {
      [32m+[0m[0m arn                   = (known after apply)
      [32m+[0m[0m assume_role_policy    = jsonencode(
            {
              [32m+[0m[0m Statement = [
                  [32m+[0m[0m {
                      [32m+[0m[0m Action    = "sts:AssumeRole"
                      [32m+[0m[0m Effect    = "Allow"
                      [32m+[0m[0m Principal = {
                          [32m+[0m[0m Service = "ec2.amazonaws.com"
                        }
                    },
                ]
              [32m+[0m[0m Version   = "2012-10-17"
            }
        )
      [32m+[0m[0m create_date           = (known after apply)
      [32m+[0m[0m force_detach_policies = false
      [32m+[0m[0m id                    = (known after apply)
      [32m+[0m[0m managed_policy_arns   = (known after apply)
      [32m+[0m[0m max_session_duration  = 3600
      [32m+[0m[0m name                  = "raft-quic-same-ssm-node4"
      [32m+[0m[0m name_prefix           = (known after apply)
      [32m+[0m[0m path                  = "/"
      [32m+[0m[0m tags                  = {
          [32m+[0m[0m "Node"    = "node4"
          [32m+[0m[0m "Project" = "raft-quic"
        }
      [32m+[0m[0m tags_all              = {
          [32m+[0m[0m "Node"    = "node4"
          [32m+[0m[0m "Project" = "raft-quic"
        }
      [32m+[0m[0m unique_id             = (known after apply)

      [32m+[0m[0m inline_policy (known after apply)
    }

[1m  # module.node[3].aws_iam_role_policy_attachment.ssm_core[0m will be created
[0m  [32m+[0m[0m resource "aws_iam_role_policy_attachment" "ssm_core" {
      [32m+[0m[0m id         = (known after apply)
      [32m+[0m[0m policy_arn = "arn:aws:iam::aws:policy/AmazonSSMManagedInstanceCore"
      [32m+[0m[0m role       = "raft-quic-same-ssm-node4"
    }

[1m  # module.node[3].aws_instance.node[0m will be created
[0m  [32m+[0m[0m resource "aws_instance" "node" {
      [32m+[0m[0m ami                                  = "ami-0102a36b3e9d5e4df"
      [32m+[0m[0m arn                                  = (known after apply)
      [32m+[0m[0m associate_public_ip_address          = true
      [32m+[0m[0m availability_zone                    = (known after apply)
      [32m+[0m[0m cpu_core_count                       = (known after apply)
      [32m+[0m[0m cpu_threads_per_core                 = (known after apply)
      [32m+[0m[0m disable_api_stop                     = (known after apply)
      [32m+[0m[0m disable_api_termination              = (known after apply)
      [32m+[0m[0m ebs_optimized                        = (known after apply)
      [32m+[0m[0m enable_primary_ipv6                  = (known after apply)
      [32m+[0m[0m get_password_data                    = false
      [32m+[0m[0m host_id                              = (known after apply)
      [32m+[0m[0m host_resource_group_arn              = (known after apply)
      [32m+[0m[0m iam_instance_profile                 = "raft-quic-same-ssm-node4"
      [32m+[0m[0m id                                   = (known after apply)
      [32m+[0m[0m instance_initiated_shutdown_behavior = (known after apply)
      [32m+[0m[0m instance_lifecycle                   = (known after apply)
      [32m+[0m[0m instance_state                       = (known after apply)
      [32m+[0m[0m instance_type                        = "t3.micro"
      [32m+[0m[0m ipv6_address_count                   = (known after apply)
      [32m+[0m[0m ipv6_addresses                       = (known after apply)
      [32m+[0m[0m key_name                             = "raft-quic-same-node4"
      [32m+[0m[0m monitoring                           = (known after apply)
      [32m+[0m[0m outpost_arn                          = (known after apply)
      [32m+[0m[0m password_data                        = (known after apply)
      [32m+[0m[0m placement_group                      = (known after apply)
      [32m+[0m[0m placement_partition_number           = (known after apply)
      [32m+[0m[0m primary_network_interface_id         = (known after apply)
      [32m+[0m[0m private_dns                          = (known after apply)
      [32m+[0m[0m private_ip                           = (known after apply)
      [32m+[0m[0m public_dns                           = (known after apply)
      [32m+[0m[0m public_ip                            = (known after apply)
      [32m+[0m[0m secondary_private_ips                = (known after apply)
      [32m+[0m[0m security_groups                      = (known after apply)
      [32m+[0m[0m source_dest_check                    = true
      [32m+[0m[0m spot_instance_request_id             = (known after apply)
      [32m+[0m[0m subnet_id                            = (known after apply)
      [32m+[0m[0m tags                                 = {
          [32m+[0m[0m "Name"    = "raft-quic-node4"
          [32m+[0m[0m "Node"    = "node4"
          [32m+[0m[0m "Project" = "raft-quic"
        }
      [32m+[0m[0m tags_all                             = {
          [32m+[0m[0m "Name"    = "raft-quic-node4"
          [32m+[0m[0m "Node"    = "node4"
          [32m+[0m[0m "Project" = "raft-quic"
        }
      [32m+[0m[0m tenancy                              = (known after apply)
      [32m+[0m[0m user_data                            = (known after apply)
      [32m+[0m[0m user_data_base64                     = (known after apply)
      [32m+[0m[0m user_data_replace_on_change          = false
      [32m+[0m[0m vpc_security_group_ids               = (known after apply)

      [32m+[0m[0m capacity_reservation_specification (known after apply)

      [32m+[0m[0m cpu_options (known after apply)

      [32m+[0m[0m ebs_block_device (known after apply)

      [32m+[0m[0m enclave_options (known after apply)

      [32m+[0m[0m ephemeral_block_device (known after apply)

      [32m+[0m[0m instance_market_options (known after apply)

      [32m+[0m[0m maintenance_options (known after apply)

      [32m+[0m[0m metadata_options (known after apply)

      [32m+[0m[0m network_interface (known after apply)

      [32m+[0m[0m private_dns_name_options (known after apply)

      [32m+[0m[0m root_block_device (known after apply)
    }

[1m  # module.node[3].aws_key_pair.raft[0m will be created
[0m  [32m+[0m[0m resource "aws_key_pair" "raft" {
      [32m+[0m[0m arn             = (known after apply)
      [32m+[0m[0m fingerprint     = (known after apply)
      [32m+[0m[0m id              = (known after apply)
      [32m+[0m[0m key_name        = "raft-quic-same-node4"
      [32m+[0m[0m key_name_prefix = (known after apply)
      [32m+[0m[0m key_pair_id     = (known after apply)
      [32m+[0m[0m key_type        = (known after apply)
      [32m+[0m[0m public_key      = (known after apply)
      [32m+[0m[0m tags            = {
          [32m+[0m[0m "Node"    = "node4"
          [32m+[0m[0m "Project" = "raft-quic"
        }
      [32m+[0m[0m tags_all        = {
          [32m+[0m[0m "Node"    = "node4"
          [32m+[0m[0m "Project" = "raft-quic"
        }
    }

[1m  # module.node[3].aws_security_group.raft[0m will be created
[0m  [32m+[0m[0m resource "aws_security_group" "raft" {
      [32m+[0m[0m arn                    = (known after apply)
      [32m+[0m[0m description            = "Raft-over-QUIC cluster node node4"
      [32m+[0m[0m egress                 = [
          [32m+[0m[0m {
              [32m+[0m[0m cidr_blocks      = [
                  [32m+[0m[0m "0.0.0.0/0",
                ]
              [32m+[0m[0m from_port        = 0
              [32m+[0m[0m ipv6_cidr_blocks = []
              [32m+[0m[0m prefix_list_ids  = []
              [32m+[0m[0m protocol         = "-1"
              [32m+[0m[0m security_groups  = []
              [32m+[0m[0m self             = false
              [32m+[0m[0m to_port          = 0
                [90m# (1 unchanged attribute hidden)[0m[0m
            },
        ]
      [32m+[0m[0m id                     = (known after apply)
      [32m+[0m[0m ingress                = [
          [32m+[0m[0m {
              [32m+[0m[0m cidr_blocks      = [
                  [32m+[0m[0m "0.0.0.0/0",
                ]
              [32m+[0m[0m from_port        = 22
              [32m+[0m[0m ipv6_cidr_blocks = []
              [32m+[0m[0m prefix_list_ids  = []
              [32m+[0m[0m protocol         = "tcp"
              [32m+[0m[0m security_groups  = []
              [32m+[0m[0m self             = false
              [32m+[0m[0m to_port          = 22
                [90m# (1 unchanged attribute hidden)[0m[0m
            },
          [32m+[0m[0m {
              [32m+[0m[0m cidr_blocks      = [
                  [32m+[0m[0m "0.0.0.0/0",
                ]
              [32m+[0m[0m from_port        = 7001
              [32m+[0m[0m ipv6_cidr_blocks = []
              [32m+[0m[0m prefix_list_ids  = []
              [32m+[0m[0m protocol         = "udp"
              [32m+[0m[0m security_groups  = []
              [32m+[0m[0m self             = false
              [32m+[0m[0m to_port          = 7001
                [90m# (1 unchanged attribute hidden)[0m[0m
            },
          [32m+[0m[0m {
              [32m+[0m[0m cidr_blocks      = [
                  [32m+[0m[0m "0.0.0.0/0",
                ]
              [32m+[0m[0m from_port        = 8001
              [32m+[0m[0m ipv6_cidr_blocks = []
              [32m+[0m[0m prefix_list_ids  = []
              [32m+[0m[0m protocol         = "tcp"
              [32m+[0m[0m security_groups  = []
              [32m+[0m[0m self             = false
              [32m+[0m[0m to_port          = 8001
                [90m# (1 unchanged attribute hidden)[0m[0m
            },
          [32m+[0m[0m {
              [32m+[0m[0m cidr_blocks      = [
                  [32m+[0m[0m "0.0.0.0/0",
                ]
              [32m+[0m[0m from_port        = 9001
              [32m+[0m[0m ipv6_cidr_blocks = []
              [32m+[0m[0m prefix_list_ids  = []
              [32m+[0m[0m protocol         = "tcp"
              [32m+[0m[0m security_groups  = []
              [32m+[0m[0m self             = false
              [32m+[0m[0m to_port          = 9001
                [90m# (1 unchanged attribute hidden)[0m[0m
            },
        ]
      [32m+[0m[0m name                   = "raft-quic-node4"
      [32m+[0m[0m name_prefix            = (known after apply)
      [32m+[0m[0m owner_id               = (known after apply)
      [32m+[0m[0m revoke_rules_on_delete = false
      [32m+[0m[0m tags                   = {
          [32m+[0m[0m "Node"    = "node4"
          [32m+[0m[0m "Project" = "raft-quic"
        }
      [32m+[0m[0m tags_all               = {
          [32m+[0m[0m "Node"    = "node4"
          [32m+[0m[0m "Project" = "raft-quic"
        }
      [32m+[0m[0m vpc_id                 = (known after apply)
    }

[1m  # module.node[4].aws_iam_instance_profile.raft_ssm[0m will be created
[0m  [32m+[0m[0m resource "aws_iam_instance_profile" "raft_ssm" {
      [32m+[0m[0m arn         = (known after apply)
      [32m+[0m[0m create_date = (known after apply)
      [32m+[0m[0m id          = (known after apply)
      [32m+[0m[0m name        = "raft-quic-same-ssm-node5"
      [32m+[0m[0m name_prefix = (known after apply)
      [32m+[0m[0m path        = "/"
      [32m+[0m[0m role        = "raft-quic-same-ssm-node5"
      [32m+[0m[0m tags_all    = (known after apply)
      [32m+[0m[0m unique_id   = (known after apply)
    }

[1m  # module.node[4].aws_iam_role.raft_ssm[0m will be created
[0m  [32m+[0m[0m resource "aws_iam_role" "raft_ssm" {
      [32m+[0m[0m arn                   = (known after apply)
      [32m+[0m[0m assume_role_policy    = jsonencode(
            {
              [32m+[0m[0m Statement = [
                  [32m+[0m[0m {
                      [32m+[0m[0m Action    = "sts:AssumeRole"
                      [32m+[0m[0m Effect    = "Allow"
                      [32m+[0m[0m Principal = {
                          [32m+[0m[0m Service = "ec2.amazonaws.com"
                        }
                    },
                ]
              [32m+[0m[0m Version   = "2012-10-17"
            }
        )
      [32m+[0m[0m create_date           = (known after apply)
      [32m+[0m[0m force_detach_policies = false
      [32m+[0m[0m id                    = (known after apply)
      [32m+[0m[0m managed_policy_arns   = (known after apply)
      [32m+[0m[0m max_session_duration  = 3600
      [32m+[0m[0m name                  = "raft-quic-same-ssm-node5"
      [32m+[0m[0m name_prefix           = (known after apply)
      [32m+[0m[0m path                  = "/"
      [32m+[0m[0m tags                  = {
          [32m+[0m[0m "Node"    = "node5"
          [32m+[0m[0m "Project" = "raft-quic"
        }
      [32m+[0m[0m tags_all              = {
          [32m+[0m[0m "Node"    = "node5"
          [32m+[0m[0m "Project" = "raft-quic"
        }
      [32m+[0m[0m unique_id             = (known after apply)

      [32m+[0m[0m inline_policy (known after apply)
    }

[1m  # module.node[4].aws_iam_role_policy_attachment.ssm_core[0m will be created
[0m  [32m+[0m[0m resource "aws_iam_role_policy_attachment" "ssm_core" {
      [32m+[0m[0m id         = (known after apply)
      [32m+[0m[0m policy_arn = "arn:aws:iam::aws:policy/AmazonSSMManagedInstanceCore"
      [32m+[0m[0m role       = "raft-quic-same-ssm-node5"
    }

[1m  # module.node[4].aws_instance.node[0m will be created
[0m  [32m+[0m[0m resource "aws_instance" "node" {
      [32m+[0m[0m ami                                  = "ami-0102a36b3e9d5e4df"
      [32m+[0m[0m arn                                  = (known after apply)
      [32m+[0m[0m associate_public_ip_address          = true
      [32m+[0m[0m availability_zone                    = (known after apply)
      [32m+[0m[0m cpu_core_count                       = (known after apply)
      [32m+[0m[0m cpu_threads_per_core                 = (known after apply)
      [32m+[0m[0m disable_api_stop                     = (known after apply)
      [32m+[0m[0m disable_api_termination              = (known after apply)
      [32m+[0m[0m ebs_optimized                        = (known after apply)
      [32m+[0m[0m enable_primary_ipv6                  = (known after apply)
      [32m+[0m[0m get_password_data                    = false
      [32m+[0m[0m host_id                              = (known after apply)
      [32m+[0m[0m host_resource_group_arn              = (known after apply)
      [32m+[0m[0m iam_instance_profile                 = "raft-quic-same-ssm-node5"
      [32m+[0m[0m id                                   = (known after apply)
      [32m+[0m[0m instance_initiated_shutdown_behavior = (known after apply)
      [32m+[0m[0m instance_lifecycle                   = (known after apply)
      [32m+[0m[0m instance_state                       = (known after apply)
      [32m+[0m[0m instance_type                        = "t3.micro"
      [32m+[0m[0m ipv6_address_count                   = (known after apply)
      [32m+[0m[0m ipv6_addresses                       = (known after apply)
      [32m+[0m[0m key_name                             = "raft-quic-same-node5"
      [32m+[0m[0m monitoring                           = (known after apply)
      [32m+[0m[0m outpost_arn                          = (known after apply)
      [32m+[0m[0m password_data                        = (known after apply)
      [32m+[0m[0m placement_group                      = (known after apply)
      [32m+[0m[0m placement_partition_number           = (known after apply)
      [32m+[0m[0m primary_network_interface_id         = (known after apply)
      [32m+[0m[0m private_dns                          = (known after apply)
      [32m+[0m[0m private_ip                           = (known after apply)
      [32m+[0m[0m public_dns                           = (known after apply)
      [32m+[0m[0m public_ip                            = (known after apply)
      [32m+[0m[0m secondary_private_ips                = (known after apply)
      [32m+[0m[0m security_groups                      = (known after apply)
      [32m+[0m[0m source_dest_check                    = true
      [32m+[0m[0m spot_instance_request_id             = (known after apply)
      [32m+[0m[0m subnet_id                            = (known after apply)
      [32m+[0m[0m tags                                 = {
          [32m+[0m[0m "Name"    = "raft-quic-node5"
          [32m+[0m[0m "Node"    = "node5"
          [32m+[0m[0m "Project" = "raft-quic"
        }
      [32m+[0m[0m tags_all                             = {
          [32m+[0m[0m "Name"    = "raft-quic-node5"
          [32m+[0m[0m "Node"    = "node5"
          [32m+[0m[0m "Project" = "raft-quic"
        }
      [32m+[0m[0m tenancy                              = (known after apply)
      [32m+[0m[0m user_data                            = (known after apply)
      [32m+[0m[0m user_data_base64                     = (known after apply)
      [32m+[0m[0m user_data_replace_on_change          = false
      [32m+[0m[0m vpc_security_group_ids               = (known after apply)

      [32m+[0m[0m capacity_reservation_specification (known after apply)

      [32m+[0m[0m cpu_options (known after apply)

      [32m+[0m[0m ebs_block_device (known after apply)

      [32m+[0m[0m enclave_options (known after apply)

      [32m+[0m[0m ephemeral_block_device (known after apply)

      [32m+[0m[0m instance_market_options (known after apply)

      [32m+[0m[0m maintenance_options (known after apply)

      [32m+[0m[0m metadata_options (known after apply)

      [32m+[0m[0m network_interface (known after apply)

      [32m+[0m[0m private_dns_name_options (known after apply)

      [32m+[0m[0m root_block_device (known after apply)
    }

[1m  # module.node[4].aws_key_pair.raft[0m will be created
[0m  [32m+[0m[0m resource "aws_key_pair" "raft" {
      [32m+[0m[0m arn             = (known after apply)
      [32m+[0m[0m fingerprint     = (known after apply)
      [32m+[0m[0m id              = (known after apply)
      [32m+[0m[0m key_name        = "raft-quic-same-node5"
      [32m+[0m[0m key_name_prefix = (known after apply)
      [32m+[0m[0m key_pair_id     = (known after apply)
      [32m+[0m[0m key_type        = (known after apply)
      [32m+[0m[0m public_key      = (known after apply)
      [32m+[0m[0m tags            = {
          [32m+[0m[0m "Node"    = "node5"
          [32m+[0m[0m "Project" = "raft-quic"
        }
      [32m+[0m[0m tags_all        = {
          [32m+[0m[0m "Node"    = "node5"
          [32m+[0m[0m "Project" = "raft-quic"
        }
    }

[1m  # module.node[4].aws_security_group.raft[0m will be created
[0m  [32m+[0m[0m resource "aws_security_group" "raft" {
      [32m+[0m[0m arn                    = (known after apply)
      [32m+[0m[0m description            = "Raft-over-QUIC cluster node node5"
      [32m+[0m[0m egress                 = [
          [32m+[0m[0m {
              [32m+[0m[0m cidr_blocks      = [
                  [32m+[0m[0m "0.0.0.0/0",
                ]
              [32m+[0m[0m from_port        = 0
              [32m+[0m[0m ipv6_cidr_blocks = []
              [32m+[0m[0m prefix_list_ids  = []
              [32m+[0m[0m protocol         = "-1"
              [32m+[0m[0m security_groups  = []
              [32m+[0m[0m self             = false
              [32m+[0m[0m to_port          = 0
                [90m# (1 unchanged attribute hidden)[0m[0m
            },
        ]
      [32m+[0m[0m id                     = (known after apply)
      [32m+[0m[0m ingress                = [
          [32m+[0m[0m {
              [32m+[0m[0m cidr_blocks      = [
                  [32m+[0m[0m "0.0.0.0/0",
                ]
              [32m+[0m[0m from_port        = 22
              [32m+[0m[0m ipv6_cidr_blocks = []
              [32m+[0m[0m prefix_list_ids  = []
              [32m+[0m[0m protocol         = "tcp"
              [32m+[0m[0m security_groups  = []
              [32m+[0m[0m self             = false
              [32m+[0m[0m to_port          = 22
                [90m# (1 unchanged attribute hidden)[0m[0m
            },
          [32m+[0m[0m {
              [32m+[0m[0m cidr_blocks      = [
                  [32m+[0m[0m "0.0.0.0/0",
                ]
              [32m+[0m[0m from_port        = 7001
              [32m+[0m[0m ipv6_cidr_blocks = []
              [32m+[0m[0m prefix_list_ids  = []
              [32m+[0m[0m protocol         = "udp"
              [32m+[0m[0m security_groups  = []
              [32m+[0m[0m self             = false
              [32m+[0m[0m to_port          = 7001
                [90m# (1 unchanged attribute hidden)[0m[0m
            },
          [32m+[0m[0m {
              [32m+[0m[0m cidr_blocks      = [
                  [32m+[0m[0m "0.0.0.0/0",
                ]
              [32m+[0m[0m from_port        = 8001
              [32m+[0m[0m ipv6_cidr_blocks = []
              [32m+[0m[0m prefix_list_ids  = []
              [32m+[0m[0m protocol         = "tcp"
              [32m+[0m[0m security_groups  = []
              [32m+[0m[0m self             = false
              [32m+[0m[0m to_port          = 8001
                [90m# (1 unchanged attribute hidden)[0m[0m
            },
          [32m+[0m[0m {
              [32m+[0m[0m cidr_blocks      = [
                  [32m+[0m[0m "0.0.0.0/0",
                ]
              [32m+[0m[0m from_port        = 9001
              [32m+[0m[0m ipv6_cidr_blocks = []
              [32m+[0m[0m prefix_list_ids  = []
              [32m+[0m[0m protocol         = "tcp"
              [32m+[0m[0m security_groups  = []
              [32m+[0m[0m self             = false
              [32m+[0m[0m to_port          = 9001
                [90m# (1 unchanged attribute hidden)[0m[0m
            },
        ]
      [32m+[0m[0m name                   = "raft-quic-node5"
      [32m+[0m[0m name_prefix            = (known after apply)
      [32m+[0m[0m owner_id               = (known after apply)
      [32m+[0m[0m revoke_rules_on_delete = false
      [32m+[0m[0m tags                   = {
          [32m+[0m[0m "Node"    = "node5"
          [32m+[0m[0m "Project" = "raft-quic"
        }
      [32m+[0m[0m tags_all               = {
          [32m+[0m[0m "Node"    = "node5"
          [32m+[0m[0m "Project" = "raft-quic"
        }
      [32m+[0m[0m vpc_id                 = (known after apply)
    }

[1m  # module.node[5].aws_iam_instance_profile.raft_ssm[0m will be created
[0m  [32m+[0m[0m resource "aws_iam_instance_profile" "raft_ssm" {
      [32m+[0m[0m arn         = (known after apply)
      [32m+[0m[0m create_date = (known after apply)
      [32m+[0m[0m id          = (known after apply)
      [32m+[0m[0m name        = "raft-quic-same-ssm-node6"
      [32m+[0m[0m name_prefix = (known after apply)
      [32m+[0m[0m path        = "/"
      [32m+[0m[0m role        = "raft-quic-same-ssm-node6"
      [32m+[0m[0m tags_all    = (known after apply)
      [32m+[0m[0m unique_id   = (known after apply)
    }

[1m  # module.node[5].aws_iam_role.raft_ssm[0m will be created
[0m  [32m+[0m[0m resource "aws_iam_role" "raft_ssm" {
      [32m+[0m[0m arn                   = (known after apply)
      [32m+[0m[0m assume_role_policy    = jsonencode(
            {
              [32m+[0m[0m Statement = [
                  [32m+[0m[0m {
                      [32m+[0m[0m Action    = "sts:AssumeRole"
                      [32m+[0m[0m Effect    = "Allow"
                      [32m+[0m[0m Principal = {
                          [32m+[0m[0m Service = "ec2.amazonaws.com"
                        }
                    },
                ]
              [32m+[0m[0m Version   = "2012-10-17"
            }
        )
      [32m+[0m[0m create_date           = (known after apply)
      [32m+[0m[0m force_detach_policies = false
      [32m+[0m[0m id                    = (known after apply)
      [32m+[0m[0m managed_policy_arns   = (known after apply)
      [32m+[0m[0m max_session_duration  = 3600
      [32m+[0m[0m name                  = "raft-quic-same-ssm-node6"
      [32m+[0m[0m name_prefix           = (known after apply)
      [32m+[0m[0m path                  = "/"
      [32m+[0m[0m tags                  = {
          [32m+[0m[0m "Node"    = "node6"
          [32m+[0m[0m "Project" = "raft-quic"
        }
      [32m+[0m[0m tags_all              = {
          [32m+[0m[0m "Node"    = "node6"
          [32m+[0m[0m "Project" = "raft-quic"
        }
      [32m+[0m[0m unique_id             = (known after apply)

      [32m+[0m[0m inline_policy (known after apply)
    }

[1m  # module.node[5].aws_iam_role_policy_attachment.ssm_core[0m will be created
[0m  [32m+[0m[0m resource "aws_iam_role_policy_attachment" "ssm_core" {
      [32m+[0m[0m id         = (known after apply)
      [32m+[0m[0m policy_arn = "arn:aws:iam::aws:policy/AmazonSSMManagedInstanceCore"
      [32m+[0m[0m role       = "raft-quic-same-ssm-node6"
    }

[1m  # module.node[5].aws_instance.node[0m will be created
[0m  [32m+[0m[0m resource "aws_instance" "node" {
      [32m+[0m[0m ami                                  = "ami-0102a36b3e9d5e4df"
      [32m+[0m[0m arn                                  = (known after apply)
      [32m+[0m[0m associate_public_ip_address          = true
      [32m+[0m[0m availability_zone                    = (known after apply)
      [32m+[0m[0m cpu_core_count                       = (known after apply)
      [32m+[0m[0m cpu_threads_per_core                 = (known after apply)
      [32m+[0m[0m disable_api_stop                     = (known after apply)
      [32m+[0m[0m disable_api_termination              = (known after apply)
      [32m+[0m[0m ebs_optimized                        = (known after apply)
      [32m+[0m[0m enable_primary_ipv6                  = (known after apply)
      [32m+[0m[0m get_password_data                    = false
      [32m+[0m[0m host_id                              = (known after apply)
      [32m+[0m[0m host_resource_group_arn              = (known after apply)
      [32m+[0m[0m iam_instance_profile                 = "raft-quic-same-ssm-node6"
      [32m+[0m[0m id                                   = (known after apply)
      [32m+[0m[0m instance_initiated_shutdown_behavior = (known after apply)
      [32m+[0m[0m instance_lifecycle                   = (known after apply)
      [32m+[0m[0m instance_state                       = (known after apply)
      [32m+[0m[0m instance_type                        = "t3.micro"
      [32m+[0m[0m ipv6_address_count                   = (known after apply)
      [32m+[0m[0m ipv6_addresses                       = (known after apply)
      [32m+[0m[0m key_name                             = "raft-quic-same-node6"
      [32m+[0m[0m monitoring                           = (known after apply)
      [32m+[0m[0m outpost_arn                          = (known after apply)
      [32m+[0m[0m password_data                        = (known after apply)
      [32m+[0m[0m placement_group                      = (known after apply)
      [32m+[0m[0m placement_partition_number           = (known after apply)
      [32m+[0m[0m primary_network_interface_id         = (known after apply)
      [32m+[0m[0m private_dns                          = (known after apply)
      [32m+[0m[0m private_ip                           = (known after apply)
      [32m+[0m[0m public_dns                           = (known after apply)
      [32m+[0m[0m public_ip                            = (known after apply)
      [32m+[0m[0m secondary_private_ips                = (known after apply)
      [32m+[0m[0m security_groups                      = (known after apply)
      [32m+[0m[0m source_dest_check                    = true
      [32m+[0m[0m spot_instance_request_id             = (known after apply)
      [32m+[0m[0m subnet_id                            = (known after apply)
      [32m+[0m[0m tags                                 = {
          [32m+[0m[0m "Name"    = "raft-quic-node6"
          [32m+[0m[0m "Node"    = "node6"
          [32m+[0m[0m "Project" = "raft-quic"
        }
      [32m+[0m[0m tags_all                             = {
          [32m+[0m[0m "Name"    = "raft-quic-node6"
          [32m+[0m[0m "Node"    = "node6"
          [32m+[0m[0m "Project" = "raft-quic"
        }
      [32m+[0m[0m tenancy                              = (known after apply)
      [32m+[0m[0m user_data                            = (known after apply)
      [32m+[0m[0m user_data_base64                     = (known after apply)
      [32m+[0m[0m user_data_replace_on_change          = false
      [32m+[0m[0m vpc_security_group_ids               = (known after apply)

      [32m+[0m[0m capacity_reservation_specification (known after apply)

      [32m+[0m[0m cpu_options (known after apply)

      [32m+[0m[0m ebs_block_device (known after apply)

      [32m+[0m[0m enclave_options (known after apply)

      [32m+[0m[0m ephemeral_block_device (known after apply)

      [32m+[0m[0m instance_market_options (known after apply)

      [32m+[0m[0m maintenance_options (known after apply)

      [32m+[0m[0m metadata_options (known after apply)

      [32m+[0m[0m network_interface (known after apply)

      [32m+[0m[0m private_dns_name_options (known after apply)

      [32m+[0m[0m root_block_device (known after apply)
    }

[1m  # module.node[5].aws_key_pair.raft[0m will be created
[0m  [32m+[0m[0m resource "aws_key_pair" "raft" {
      [32m+[0m[0m arn             = (known after apply)
      [32m+[0m[0m fingerprint     = (known after apply)
      [32m+[0m[0m id              = (known after apply)
      [32m+[0m[0m key_name        = "raft-quic-same-node6"
      [32m+[0m[0m key_name_prefix = (known after apply)
      [32m+[0m[0m key_pair_id     = (known after apply)
      [32m+[0m[0m key_type        = (known after apply)
      [32m+[0m[0m public_key      = (known after apply)
      [32m+[0m[0m tags            = {
          [32m+[0m[0m "Node"    = "node6"
          [32m+[0m[0m "Project" = "raft-quic"
        }
      [32m+[0m[0m tags_all        = {
          [32m+[0m[0m "Node"    = "node6"
          [32m+[0m[0m "Project" = "raft-quic"
        }
    }

[1m  # module.node[5].aws_security_group.raft[0m will be created
[0m  [32m+[0m[0m resource "aws_security_group" "raft" {
      [32m+[0m[0m arn                    = (known after apply)
      [32m+[0m[0m description            = "Raft-over-QUIC cluster node node6"
      [32m+[0m[0m egress                 = [
          [32m+[0m[0m {
              [32m+[0m[0m cidr_blocks      = [
                  [32m+[0m[0m "0.0.0.0/0",
                ]
              [32m+[0m[0m from_port        = 0
              [32m+[0m[0m ipv6_cidr_blocks = []
              [32m+[0m[0m prefix_list_ids  = []
              [32m+[0m[0m protocol         = "-1"
              [32m+[0m[0m security_groups  = []
              [32m+[0m[0m self             = false
              [32m+[0m[0m to_port          = 0
                [90m# (1 unchanged attribute hidden)[0m[0m
            },
        ]
      [32m+[0m[0m id                     = (known after apply)
      [32m+[0m[0m ingress                = [
          [32m+[0m[0m {
              [32m+[0m[0m cidr_blocks      = [
                  [32m+[0m[0m "0.0.0.0/0",
                ]
              [32m+[0m[0m from_port        = 22
              [32m+[0m[0m ipv6_cidr_blocks = []
              [32m+[0m[0m prefix_list_ids  = []
              [32m+[0m[0m protocol         = "tcp"
              [32m+[0m[0m security_groups  = []
              [32m+[0m[0m self             = false
              [32m+[0m[0m to_port          = 22
                [90m# (1 unchanged attribute hidden)[0m[0m
            },
          [32m+[0m[0m {
              [32m+[0m[0m cidr_blocks      = [
                  [32m+[0m[0m "0.0.0.0/0",
                ]
              [32m+[0m[0m from_port        = 7001
              [32m+[0m[0m ipv6_cidr_blocks = []
              [32m+[0m[0m prefix_list_ids  = []
              [32m+[0m[0m protocol         = "udp"
              [32m+[0m[0m security_groups  = []
              [32m+[0m[0m self             = false
              [32m+[0m[0m to_port          = 7001
                [90m# (1 unchanged attribute hidden)[0m[0m
            },
          [32m+[0m[0m {
              [32m+[0m[0m cidr_blocks      = [
                  [32m+[0m[0m "0.0.0.0/0",
                ]
              [32m+[0m[0m from_port        = 8001
              [32m+[0m[0m ipv6_cidr_blocks = []
              [32m+[0m[0m prefix_list_ids  = []
              [32m+[0m[0m protocol         = "tcp"
              [32m+[0m[0m security_groups  = []
              [32m+[0m[0m self             = false
              [32m+[0m[0m to_port          = 8001
                [90m# (1 unchanged attribute hidden)[0m[0m
            },
          [32m+[0m[0m {
              [32m+[0m[0m cidr_blocks      = [
                  [32m+[0m[0m "0.0.0.0/0",
                ]
              [32m+[0m[0m from_port        = 9001
              [32m+[0m[0m ipv6_cidr_blocks = []
              [32m+[0m[0m prefix_list_ids  = []
              [32m+[0m[0m protocol         = "tcp"
              [32m+[0m[0m security_groups  = []
              [32m+[0m[0m self             = false
              [32m+[0m[0m to_port          = 9001
                [90m# (1 unchanged attribute hidden)[0m[0m
            },
        ]
      [32m+[0m[0m name                   = "raft-quic-node6"
      [32m+[0m[0m name_prefix            = (known after apply)
      [32m+[0m[0m owner_id               = (known after apply)
      [32m+[0m[0m revoke_rules_on_delete = false
      [32m+[0m[0m tags                   = {
          [32m+[0m[0m "Node"    = "node6"
          [32m+[0m[0m "Project" = "raft-quic"
        }
      [32m+[0m[0m tags_all               = {
          [32m+[0m[0m "Node"    = "node6"
          [32m+[0m[0m "Project" = "raft-quic"
        }
      [32m+[0m[0m vpc_id                 = (known after apply)
    }

[1m  # module.node[6].aws_iam_instance_profile.raft_ssm[0m will be created
[0m  [32m+[0m[0m resource "aws_iam_instance_profile" "raft_ssm" {
      [32m+[0m[0m arn         = (known after apply)
      [32m+[0m[0m create_date = (known after apply)
      [32m+[0m[0m id          = (known after apply)
      [32m+[0m[0m name        = "raft-quic-same-ssm-node7"
      [32m+[0m[0m name_prefix = (known after apply)
      [32m+[0m[0m path        = "/"
      [32m+[0m[0m role        = "raft-quic-same-ssm-node7"
      [32m+[0m[0m tags_all    = (known after apply)
      [32m+[0m[0m unique_id   = (known after apply)
    }

[1m  # module.node[6].aws_iam_role.raft_ssm[0m will be created
[0m  [32m+[0m[0m resource "aws_iam_role" "raft_ssm" {
      [32m+[0m[0m arn                   = (known after apply)
      [32m+[0m[0m assume_role_policy    = jsonencode(
            {
              [32m+[0m[0m Statement = [
                  [32m+[0m[0m {
                      [32m+[0m[0m Action    = "sts:AssumeRole"
                      [32m+[0m[0m Effect    = "Allow"
                      [32m+[0m[0m Principal = {
                          [32m+[0m[0m Service = "ec2.amazonaws.com"
                        }
                    },
                ]
              [32m+[0m[0m Version   = "2012-10-17"
            }
        )
      [32m+[0m[0m create_date           = (known after apply)
      [32m+[0m[0m force_detach_policies = false
      [32m+[0m[0m id                    = (known after apply)
      [32m+[0m[0m managed_policy_arns   = (known after apply)
      [32m+[0m[0m max_session_duration  = 3600
      [32m+[0m[0m name                  = "raft-quic-same-ssm-node7"
      [32m+[0m[0m name_prefix           = (known after apply)
      [32m+[0m[0m path                  = "/"
      [32m+[0m[0m tags                  = {
          [32m+[0m[0m "Node"    = "node7"
          [32m+[0m[0m "Project" = "raft-quic"
        }
      [32m+[0m[0m tags_all              = {
          [32m+[0m[0m "Node"    = "node7"
          [32m+[0m[0m "Project" = "raft-quic"
        }
      [32m+[0m[0m unique_id             = (known after apply)

      [32m+[0m[0m inline_policy (known after apply)
    }

[1m  # module.node[6].aws_iam_role_policy_attachment.ssm_core[0m will be created
[0m  [32m+[0m[0m resource "aws_iam_role_policy_attachment" "ssm_core" {
      [32m+[0m[0m id         = (known after apply)
      [32m+[0m[0m policy_arn = "arn:aws:iam::aws:policy/AmazonSSMManagedInstanceCore"
      [32m+[0m[0m role       = "raft-quic-same-ssm-node7"
    }

[1m  # module.node[6].aws_instance.node[0m will be created
[0m  [32m+[0m[0m resource "aws_instance" "node" {
      [32m+[0m[0m ami                                  = "ami-0102a36b3e9d5e4df"
      [32m+[0m[0m arn                                  = (known after apply)
      [32m+[0m[0m associate_public_ip_address          = true
      [32m+[0m[0m availability_zone                    = (known after apply)
      [32m+[0m[0m cpu_core_count                       = (known after apply)
      [32m+[0m[0m cpu_threads_per_core                 = (known after apply)
      [32m+[0m[0m disable_api_stop                     = (known after apply)
      [32m+[0m[0m disable_api_termination              = (known after apply)
      [32m+[0m[0m ebs_optimized                        = (known after apply)
      [32m+[0m[0m enable_primary_ipv6                  = (known after apply)
      [32m+[0m[0m get_password_data                    = false
      [32m+[0m[0m host_id                              = (known after apply)
      [32m+[0m[0m host_resource_group_arn              = (known after apply)
      [32m+[0m[0m iam_instance_profile                 = "raft-quic-same-ssm-node7"
      [32m+[0m[0m id                                   = (known after apply)
      [32m+[0m[0m instance_initiated_shutdown_behavior = (known after apply)
      [32m+[0m[0m instance_lifecycle                   = (known after apply)
      [32m+[0m[0m instance_state                       = (known after apply)
      [32m+[0m[0m instance_type                        = "t3.micro"
      [32m+[0m[0m ipv6_address_count                   = (known after apply)
      [32m+[0m[0m ipv6_addresses                       = (known after apply)
      [32m+[0m[0m key_name                             = "raft-quic-same-node7"
      [32m+[0m[0m monitoring                           = (known after apply)
      [32m+[0m[0m outpost_arn                          = (known after apply)
      [32m+[0m[0m password_data                        = (known after apply)
      [32m+[0m[0m placement_group                      = (known after apply)
      [32m+[0m[0m placement_partition_number           = (known after apply)
      [32m+[0m[0m primary_network_interface_id         = (known after apply)
      [32m+[0m[0m private_dns                          = (known after apply)
      [32m+[0m[0m private_ip                           = (known after apply)
      [32m+[0m[0m public_dns                           = (known after apply)
      [32m+[0m[0m public_ip                            = (known after apply)
      [32m+[0m[0m secondary_private_ips                = (known after apply)
      [32m+[0m[0m security_groups                      = (known after apply)
      [32m+[0m[0m source_dest_check                    = true
      [32m+[0m[0m spot_instance_request_id             = (known after apply)
      [32m+[0m[0m subnet_id                            = (known after apply)
      [32m+[0m[0m tags                                 = {
          [32m+[0m[0m "Name"    = "raft-quic-node7"
          [32m+[0m[0m "Node"    = "node7"
          [32m+[0m[0m "Project" = "raft-quic"
        }
      [32m+[0m[0m tags_all                             = {
          [32m+[0m[0m "Name"    = "raft-quic-node7"
          [32m+[0m[0m "Node"    = "node7"
          [32m+[0m[0m "Project" = "raft-quic"
        }
      [32m+[0m[0m tenancy                              = (known after apply)
      [32m+[0m[0m user_data                            = (known after apply)
      [32m+[0m[0m user_data_base64                     = (known after apply)
      [32m+[0m[0m user_data_replace_on_change          = false
      [32m+[0m[0m vpc_security_group_ids               = (known after apply)

      [32m+[0m[0m capacity_reservation_specification (known after apply)

      [32m+[0m[0m cpu_options (known after apply)

      [32m+[0m[0m ebs_block_device (known after apply)

      [32m+[0m[0m enclave_options (known after apply)

      [32m+[0m[0m ephemeral_block_device (known after apply)

      [32m+[0m[0m instance_market_options (known after apply)

      [32m+[0m[0m maintenance_options (known after apply)

      [32m+[0m[0m metadata_options (known after apply)

      [32m+[0m[0m network_interface (known after apply)

      [32m+[0m[0m private_dns_name_options (known after apply)

      [32m+[0m[0m root_block_device (known after apply)
    }

[1m  # module.node[6].aws_key_pair.raft[0m will be created
[0m  [32m+[0m[0m resource "aws_key_pair" "raft" {
      [32m+[0m[0m arn             = (known after apply)
      [32m+[0m[0m fingerprint     = (known after apply)
      [32m+[0m[0m id              = (known after apply)
      [32m+[0m[0m key_name        = "raft-quic-same-node7"
      [32m+[0m[0m key_name_prefix = (known after apply)
      [32m+[0m[0m key_pair_id     = (known after apply)
      [32m+[0m[0m key_type        = (known after apply)
      [32m+[0m[0m public_key      = (known after apply)
      [32m+[0m[0m tags            = {
          [32m+[0m[0m "Node"    = "node7"
          [32m+[0m[0m "Project" = "raft-quic"
        }
      [32m+[0m[0m tags_all        = {
          [32m+[0m[0m "Node"    = "node7"
          [32m+[0m[0m "Project" = "raft-quic"
        }
    }

[1m  # module.node[6].aws_security_group.raft[0m will be created
[0m  [32m+[0m[0m resource "aws_security_group" "raft" {
      [32m+[0m[0m arn                    = (known after apply)
      [32m+[0m[0m description            = "Raft-over-QUIC cluster node node7"
      [32m+[0m[0m egress                 = [
          [32m+[0m[0m {
              [32m+[0m[0m cidr_blocks      = [
                  [32m+[0m[0m "0.0.0.0/0",
                ]
              [32m+[0m[0m from_port        = 0
              [32m+[0m[0m ipv6_cidr_blocks = []
              [32m+[0m[0m prefix_list_ids  = []
              [32m+[0m[0m protocol         = "-1"
              [32m+[0m[0m security_groups  = []
              [32m+[0m[0m self             = false
              [32m+[0m[0m to_port          = 0
                [90m# (1 unchanged attribute hidden)[0m[0m
            },
        ]
      [32m+[0m[0m id                     = (known after apply)
      [32m+[0m[0m ingress                = [
          [32m+[0m[0m {
              [32m+[0m[0m cidr_blocks      = [
                  [32m+[0m[0m "0.0.0.0/0",
                ]
              [32m+[0m[0m from_port        = 22
              [32m+[0m[0m ipv6_cidr_blocks = []
              [32m+[0m[0m prefix_list_ids  = []
              [32m+[0m[0m protocol         = "tcp"
              [32m+[0m[0m security_groups  = []
              [32m+[0m[0m self             = false
              [32m+[0m[0m to_port          = 22
                [90m# (1 unchanged attribute hidden)[0m[0m
            },
          [32m+[0m[0m {
              [32m+[0m[0m cidr_blocks      = [
                  [32m+[0m[0m "0.0.0.0/0",
                ]
              [32m+[0m[0m from_port        = 7001
              [32m+[0m[0m ipv6_cidr_blocks = []
              [32m+[0m[0m prefix_list_ids  = []
              [32m+[0m[0m protocol         = "udp"
              [32m+[0m[0m security_groups  = []
              [32m+[0m[0m self             = false
              [32m+[0m[0m to_port          = 7001
                [90m# (1 unchanged attribute hidden)[0m[0m
            },
          [32m+[0m[0m {
              [32m+[0m[0m cidr_blocks      = [
                  [32m+[0m[0m "0.0.0.0/0",
                ]
              [32m+[0m[0m from_port        = 8001
              [32m+[0m[0m ipv6_cidr_blocks = []
              [32m+[0m[0m prefix_list_ids  = []
              [32m+[0m[0m protocol         = "tcp"
              [32m+[0m[0m security_groups  = []
              [32m+[0m[0m self             = false
              [32m+[0m[0m to_port          = 8001
                [90m# (1 unchanged attribute hidden)[0m[0m
            },
          [32m+[0m[0m {
              [32m+[0m[0m cidr_blocks      = [
                  [32m+[0m[0m "0.0.0.0/0",
                ]
              [32m+[0m[0m from_port        = 9001
              [32m+[0m[0m ipv6_cidr_blocks = []
              [32m+[0m[0m prefix_list_ids  = []
              [32m+[0m[0m protocol         = "tcp"
              [32m+[0m[0m security_groups  = []
              [32m+[0m[0m self             = false
              [32m+[0m[0m to_port          = 9001
                [90m# (1 unchanged attribute hidden)[0m[0m
            },
        ]
      [32m+[0m[0m name                   = "raft-quic-node7"
      [32m+[0m[0m name_prefix            = (known after apply)
      [32m+[0m[0m owner_id               = (known after apply)
      [32m+[0m[0m revoke_rules_on_delete = false
      [32m+[0m[0m tags                   = {
          [32m+[0m[0m "Node"    = "node7"
          [32m+[0m[0m "Project" = "raft-quic"
        }
      [32m+[0m[0m tags_all               = {
          [32m+[0m[0m "Node"    = "node7"
          [32m+[0m[0m "Project" = "raft-quic"
        }
      [32m+[0m[0m vpc_id                 = (known after apply)
    }

[1mPlan:[0m [0m44 to add, 0 to change, 0 to destroy.

Changes to Outputs:
  [32m+[0m[0m instance_ids  = [
      [32m+[0m[0m (known after apply),
      [32m+[0m[0m (known after apply),
      [32m+[0m[0m (known after apply),
      [32m+[0m[0m (known after apply),
      [32m+[0m[0m (known after apply),
      [32m+[0m[0m (known after apply),
      [32m+[0m[0m (known after apply),
    ]
  [32m+[0m[0m node_ids      = [
      [32m+[0m[0m "node1",
      [32m+[0m[0m "node2",
      [32m+[0m[0m "node3",
      [32m+[0m[0m "node4",
      [32m+[0m[0m "node5",
      [32m+[0m[0m "node6",
      [32m+[0m[0m "node7",
    ]
  [32m+[0m[0m node_ips      = [
      [32m+[0m[0m (known after apply),
      [32m+[0m[0m (known after apply),
      [32m+[0m[0m (known after apply),
      [32m+[0m[0m (known after apply),
      [32m+[0m[0m (known after apply),
      [32m+[0m[0m (known after apply),
      [32m+[0m[0m (known after apply),
    ]
  [32m+[0m[0m region_labels = [
      [32m+[0m[0m "us-east-1",
      [32m+[0m[0m "us-east-1",
      [32m+[0m[0m "us-east-1",
      [32m+[0m[0m "us-east-1",
      [32m+[0m[0m "us-east-1",
      [32m+[0m[0m "us-east-1",
      [32m+[0m[0m "us-east-1",
    ]
  [32m+[0m[0m scenario      = "same-region"
  [32m+[0m[0m ssh_key_file  = "./raft-key.pem"
  [32m+[0m[0m ssh_user      = "ec2-user"
[0m[1mtls_private_key.ssh: Creating...[0m[0m
[0m[1mmodule.node[3].aws_iam_role.raft_ssm: Creating...[0m[0m
[0m[1mmodule.node[0].aws_iam_role.raft_ssm: Creating...[0m[0m
[0m[1mmodule.node[1].aws_iam_role.raft_ssm: Creating...[0m[0m
[0m[1mmodule.node[1].aws_security_group.raft: Creating...[0m[0m
[0m[1mmodule.node[2].aws_security_group.raft: Creating...[0m[0m
[0m[1mmodule.node[0].aws_security_group.raft: Creating...[0m[0m
[0m[1mmodule.node[5].aws_security_group.raft: Creating...[0m[0m
[0m[1mmodule.node[4].aws_security_group.raft: Creating...[0m[0m
[0m[1mmodule.node[3].aws_security_group.raft: Creating...[0m[0m
[0m[1mtls_private_key.ssh: Creation complete after 3s [id=961ade59587a188837070b5fba7191d9b3052fb2][0m
[0m[1mmodule.node[6].aws_iam_role.raft_ssm: Creating...[0m[0m
[0m[1mmodule.node[1].aws_iam_role.raft_ssm: Creation complete after 2s [id=raft-quic-same-ssm-node2][0m
[0m[1mmodule.node[6].aws_security_group.raft: Creating...[0m[0m
[0m[1mmodule.node[0].aws_iam_role.raft_ssm: Creation complete after 2s [id=raft-quic-same-ssm-node1][0m
[0m[1mmodule.node[3].aws_iam_role.raft_ssm: Creation complete after 2s [id=raft-quic-same-ssm-node4][0m
[0m[1mmodule.node[2].aws_iam_role.raft_ssm: Creating...[0m[0m
[0m[1mmodule.node[5].aws_iam_role.raft_ssm: Creating...[0m[0m
[0m[1mmodule.node[6].aws_iam_role.raft_ssm: Creation complete after 1s [id=raft-quic-same-ssm-node7][0m
[0m[1mmodule.node[4].aws_iam_role.raft_ssm: Creating...[0m[0m
[0m[1mmodule.node[5].aws_iam_role.raft_ssm: Creation complete after 1s [id=raft-quic-same-ssm-node6][0m
[0m[1mlocal_sensitive_file.ssh_key: Creating...[0m[0m
[0m[1mmodule.node[2].aws_iam_role.raft_ssm: Creation complete after 1s [id=raft-quic-same-ssm-node3][0m
[0m[1mlocal_sensitive_file.ssh_key: Creation complete after 0s [id=63c4754acbedb2cd6e217a5f4c7059b725b401ff][0m
[0m[1mmodule.node[3].aws_key_pair.raft: Creating...[0m[0m
[0m[1mmodule.node[1].aws_key_pair.raft: Creating...[0m[0m
[0m[1mmodule.node[4].aws_iam_role.raft_ssm: Creation complete after 1s [id=raft-quic-same-ssm-node5][0m
[0m[1mmodule.node[0].aws_key_pair.raft: Creating...[0m[0m
[0m[1mmodule.node[3].aws_key_pair.raft: Creation complete after 1s [id=raft-quic-same-node4][0m
[0m[1mmodule.node[4].aws_key_pair.raft: Creating...[0m[0m
[0m[1mmodule.node[1].aws_key_pair.raft: Creation complete after 1s [id=raft-quic-same-node2][0m
[0m[1mmodule.node[0].aws_key_pair.raft: Creation complete after 1s [id=raft-quic-same-node1][0m
[0m[1mmodule.node[6].aws_key_pair.raft: Creating...[0m[0m
[0m[1mmodule.node[2].aws_key_pair.raft: Creating...[0m[0m
[0m[1mmodule.node[4].aws_key_pair.raft: Creation complete after 1s [id=raft-quic-same-node5][0m
[0m[1mmodule.node[5].aws_key_pair.raft: Creating...[0m[0m
[0m[1mmodule.node[6].aws_key_pair.raft: Creation complete after 1s [id=raft-quic-same-node7][0m
[0m[1mmodule.node[0].aws_iam_instance_profile.raft_ssm: Creating...[0m[0m
[0m[1mmodule.node[2].aws_key_pair.raft: Creation complete after 1s [id=raft-quic-same-node3][0m
[0m[1mmodule.node[4].aws_iam_instance_profile.raft_ssm: Creating...[0m[0m
[0m[1mmodule.node[5].aws_key_pair.raft: Creation complete after 0s [id=raft-quic-same-node6][0m
[0m[1mmodule.node[5].aws_iam_instance_profile.raft_ssm: Creating...[0m[0m
[0m[1mmodule.node[1].aws_security_group.raft: Creation complete after 6s [id=sg-039f8d8ce1d6cf9bf][0m
[0m[1mmodule.node[0].aws_security_group.raft: Creation complete after 6s [id=sg-0566cbe4b3d7d2170][0m
[0m[1mmodule.node[2].aws_iam_instance_profile.raft_ssm: Creating...[0m[0m
[0m[1mmodule.node[1].aws_iam_instance_profile.raft_ssm: Creating...[0m[0m
[0m[1mmodule.node[5].aws_security_group.raft: Creation complete after 6s [id=sg-03ba9f1e3143dc8db][0m
[0m[1mmodule.node[4].aws_iam_role_policy_attachment.ssm_core: Creating...[0m[0m
[0m[1mmodule.node[3].aws_security_group.raft: Creation complete after 6s [id=sg-0d649ec24b1238fbe][0m
[0m[1mmodule.node[3].aws_iam_instance_profile.raft_ssm: Creating...[0m[0m
[0m[1mmodule.node[2].aws_security_group.raft: Creation complete after 6s [id=sg-04e6bc8929abe4e71][0m
[0m[1mmodule.node[6].aws_iam_instance_profile.raft_ssm: Creating...[0m[0m
[0m[1mmodule.node[4].aws_security_group.raft: Creation complete after 6s [id=sg-0735459ae69816cbf][0m
[0m[1mmodule.node[1].aws_iam_role_policy_attachment.ssm_core: Creating...[0m[0m
[0m[1mmodule.node[4].aws_iam_role_policy_attachment.ssm_core: Creation complete after 0s [id=raft-quic-same-ssm-node5-20260420062409951200000001][0m
[0m[1mmodule.node[3].aws_iam_role_policy_attachment.ssm_core: Creating...[0m[0m
[0m[1mmodule.node[1].aws_iam_role_policy_attachment.ssm_core: Creation complete after 0s [id=raft-quic-same-ssm-node2-20260420062410086700000002][0m
[0m[1mmodule.node[6].aws_iam_role_policy_attachment.ssm_core: Creating...[0m[0m
[0m[1mmodule.node[3].aws_iam_role_policy_attachment.ssm_core: Creation complete after 1s [id=raft-quic-same-ssm-node4-20260420062410555200000003][0m
[0m[1mmodule.node[0].aws_iam_role_policy_attachment.ssm_core: Creating...[0m[0m
[0m[1mmodule.node[6].aws_iam_role_policy_attachment.ssm_core: Creation complete after 1s [id=raft-quic-same-ssm-node7-20260420062410701600000004][0m
[0m[1mmodule.node[2].aws_iam_role_policy_attachment.ssm_core: Creating...[0m[0m
[0m[1mmodule.node[6].aws_security_group.raft: Creation complete after 5s [id=sg-033692383ddf43621][0m
[0m[1mmodule.node[5].aws_iam_role_policy_attachment.ssm_core: Creating...[0m[0m
[0m[1mmodule.node[0].aws_iam_role_policy_attachment.ssm_core: Creation complete after 0s [id=raft-quic-same-ssm-node1-20260420062411181100000005][0m
[0m[1mmodule.node[2].aws_iam_role_policy_attachment.ssm_core: Creation complete after 1s [id=raft-quic-same-ssm-node3-20260420062411305400000006][0m
[0m[1mmodule.node[5].aws_iam_role_policy_attachment.ssm_core: Creation complete after 1s [id=raft-quic-same-ssm-node6-20260420062411488100000007][0m
[0m[1mmodule.node[0].aws_iam_instance_profile.raft_ssm: Creation complete after 7s [id=raft-quic-same-ssm-node1][0m
[0m[1mmodule.node[4].aws_iam_instance_profile.raft_ssm: Creation complete after 7s [id=raft-quic-same-ssm-node5][0m
[0m[1mmodule.node[5].aws_iam_instance_profile.raft_ssm: Creation complete after 8s [id=raft-quic-same-ssm-node6][0m
[0m[1mmodule.node[1].aws_iam_instance_profile.raft_ssm: Creation complete after 7s [id=raft-quic-same-ssm-node2][0m
[0m[1mmodule.node[3].aws_iam_instance_profile.raft_ssm: Creation complete after 7s [id=raft-quic-same-ssm-node4][0m
[0m[1mmodule.node[2].aws_iam_instance_profile.raft_ssm: Creation complete after 7s [id=raft-quic-same-ssm-node3][0m
[0m[1mmodule.node[6].aws_iam_instance_profile.raft_ssm: Creation complete after 7s [id=raft-quic-same-ssm-node7][0m
[0m[1mmodule.node[0].aws_instance.node: Creating...[0m[0m
[0m[1mmodule.node[5].aws_instance.node: Creating...[0m[0m
[0m[1mmodule.node[1].aws_instance.node: Creating...[0m[0m
[0m[1mmodule.node[6].aws_instance.node: Creating...[0m[0m
[0m[1mmodule.node[4].aws_instance.node: Creating...[0m[0m
[0m[1mmodule.node[2].aws_instance.node: Creating...[0m[0m
[0m[1mmodule.node[3].aws_instance.node: Creating...[0m[0m
[0m[1mmodule.node[5].aws_instance.node: Still creating... [00m10s elapsed][0m[0m
[0m[1mmodule.node[0].aws_instance.node: Still creating... [00m10s elapsed][0m[0m
[0m[1mmodule.node[1].aws_instance.node: Still creating... [00m10s elapsed][0m[0m
[0m[1mmodule.node[6].aws_instance.node: Still creating... [00m10s elapsed][0m[0m
[0m[1mmodule.node[2].aws_instance.node: Still creating... [00m10s elapsed][0m[0m
[0m[1mmodule.node[4].aws_instance.node: Still creating... [00m10s elapsed][0m[0m
[0m[1mmodule.node[3].aws_instance.node: Still creating... [00m10s elapsed][0m[0m
[0m[1mmodule.node[3].aws_instance.node: Creation complete after 17s [id=i-0ce06ec54f785ef13][0m
[0m[1mmodule.node[0].aws_instance.node: Creation complete after 17s [id=i-0087ca9fd970a8e85][0m
[0m[1mmodule.node[1].aws_instance.node: Creation complete after 18s [id=i-0102409ff6a79e033][0m
[0m[1mmodule.node[4].aws_instance.node: Creation complete after 18s [id=i-05ba1e40898c8cbf0][0m
[0m[1mmodule.node[2].aws_instance.node: Still creating... [00m20s elapsed][0m[0m
[0m[1mmodule.node[5].aws_instance.node: Still creating... [00m20s elapsed][0m[0m
[0m[1mmodule.node[6].aws_instance.node: Still creating... [00m20s elapsed][0m[0m
[0m[1mmodule.node[6].aws_instance.node: Creation complete after 20s [id=i-04689d56fa502fbae][0m
[0m[1mmodule.node[2].aws_instance.node: Creation complete after 21s [id=i-0728bd73e9953965c][0m
[0m[1mmodule.node[5].aws_instance.node: Creation complete after 21s [id=i-0db52acd149723280][0m
[0m[1m[32m
Apply complete! Resources: 44 added, 0 changed, 0 destroyed.[0m
[0m[1m[32m
Outputs:

[0minstance_ids = [
  "i-0087ca9fd970a8e85",
  "i-0102409ff6a79e033",
  "i-0728bd73e9953965c",
  "i-0ce06ec54f785ef13",
  "i-05ba1e40898c8cbf0",
  "i-0db52acd149723280",
  "i-04689d56fa502fbae",
]
node_ids = [
  "node1",
  "node2",
  "node3",
  "node4",
  "node5",
  "node6",
  "node7",
]
node_ips = [
  "54.242.240.151",
  "54.210.120.114",
  "100.30.233.76",
  "3.85.217.184",
  "18.209.29.176",
  "52.90.216.34",
  "34.228.225.110",
]
region_labels = [
  "us-east-1",
  "us-east-1",
  "us-east-1",
  "us-east-1",
  "us-east-1",
  "us-east-1",
  "us-east-1",
]
scenario = "same-region"
ssh_key_file = "./raft-key.pem"
ssh_user = "ec2-user"
[+] 集群配置已保存: /Users/richard/code/raft-quic/deploy/cluster-same-region-7.env
[*] 上传二进制到 S3（供 SSM 拉取）...
/Users/richard/code/raft-quic/scripts/distributed_benchmark.py:231: DeprecationWarning: datetime.datetime.utcnow() is deprecated and scheduled for removal in a future version. Use timezone-aware objects to represent datetimes in UTC: datetime.datetime.now(datetime.UTC).
  suffix = f"{datetime.utcnow().strftime('%Y%m%d%H%M%S')}-{os.getpid()}-{self.scenario}-{self.cluster_size}"
Completed 1.0 MiB/13.2 MiB (879.7 KiB/s) with 1 file(s) remainingCompleted 2.0 MiB/13.2 MiB (1.4 MiB/s) with 1 file(s) remaining  Completed 3.0 MiB/13.2 MiB (2.0 MiB/s) with 1 file(s) remaining  Completed 4.0 MiB/13.2 MiB (2.6 MiB/s) with 1 file(s) remaining  Completed 5.0 MiB/13.2 MiB (2.9 MiB/s) with 1 file(s) remaining  Completed 6.0 MiB/13.2 MiB (3.5 MiB/s) with 1 file(s) remaining  Completed 7.0 MiB/13.2 MiB (3.2 MiB/s) with 1 file(s) remaining  Completed 8.0 MiB/13.2 MiB (3.6 MiB/s) with 1 file(s) remaining  Completed 9.0 MiB/13.2 MiB (4.0 MiB/s) with 1 file(s) remaining  Completed 10.0 MiB/13.2 MiB (4.4 MiB/s) with 1 file(s) remaining Completed 11.0 MiB/13.2 MiB (4.7 MiB/s) with 1 file(s) remaining Completed 12.0 MiB/13.2 MiB (4.9 MiB/s) with 1 file(s) remaining Completed 13.0 MiB/13.2 MiB (5.1 MiB/s) with 1 file(s) remaining Completed 13.2 MiB/13.2 MiB (4.8 MiB/s) with 1 file(s) remaining upload: ./raftd-linux-amd64 to s3://raft-quic-artifacts-560449670342-us-east-1/distributed-benchmark/20260420062441-10666-same-region-7/raftd-linux-amd64
Completed 1.0 MiB/7.8 MiB (1.1 MiB/s) with 1 file(s) remainingCompleted 2.0 MiB/7.8 MiB (1.5 MiB/s) with 1 file(s) remainingCompleted 3.0 MiB/7.8 MiB (2.1 MiB/s) with 1 file(s) remainingCompleted 4.0 MiB/7.8 MiB (2.7 MiB/s) with 1 file(s) remainingCompleted 5.0 MiB/7.8 MiB (3.0 MiB/s) with 1 file(s) remainingCompleted 6.0 MiB/7.8 MiB (3.5 MiB/s) with 1 file(s) remainingCompleted 7.0 MiB/7.8 MiB (3.9 MiB/s) with 1 file(s) remainingCompleted 7.8 MiB/7.8 MiB (3.4 MiB/s) with 1 file(s) remainingupload: cmd/tcp-server/tcp-server-linux-amd64 to s3://raft-quic-artifacts-560449670342-us-east-1/distributed-benchmark/20260420062441-10666-same-region-7/tcp-server-linux-amd64
[+] 二进制已上传并生成预签名下载链接
[*] 等待 SSM 就绪: node1 (i-0087ca9fd970a8e85, us-east-1)
[+] SSM 就绪: node1
[*] 等待 SSM 就绪: node2 (i-0102409ff6a79e033, us-east-1)
[+] SSM 就绪: node2
[*] 等待 SSM 就绪: node3 (i-0728bd73e9953965c, us-east-1)
[+] SSM 就绪: node3
[*] 等待 SSM 就绪: node4 (i-0ce06ec54f785ef13, us-east-1)
[+] SSM 就绪: node4
[*] 等待 SSM 就绪: node5 (i-05ba1e40898c8cbf0, us-east-1)
[+] SSM 就绪: node5
[*] 等待 SSM 就绪: node6 (i-0db52acd149723280, us-east-1)
[+] SSM 就绪: node6
[*] 等待 SSM 就绪: node7 (i-04689d56fa502fbae, us-east-1)
[+] SSM 就绪: node7
[*] 通过 SSM 启动 bootstrap 节点: node1
[*] 通过 SSM 启动 follower 节点: node2
[*] 通过 SSM 启动 follower 节点: node3
[*] 通过 SSM 启动 follower 节点: node4
[*] 通过 SSM 启动 follower 节点: node5
[*] 通过 SSM 启动 follower 节点: node6
[*] 通过 SSM 启动 follower 节点: node7
[*] 等待集群状态稳定...
[+] 集群状态已就绪
delete: s3://raft-quic-artifacts-560449670342-us-east-1/distributed-benchmark/20260420062441-10666-same-region-7/raftd-linux-amd64
delete: s3://raft-quic-artifacts-560449670342-us-east-1/distributed-benchmark/20260420062441-10666-same-region-7/tcp-server-linux-amd64
[+] 集群部署并启动完成: ['node1', 'node2', 'node3', 'node4', 'node5', 'node6', 'node7']

[*] 运行 QUIC 基准测试 (7 节点, same-region)...
[+] 发现 leader: node4 (3.85.217.184)

[*] 运行 TCP 基准测试 (7 节点, same-region)...
[+] 发现 leader: node4 (3.85.217.184)
[*] 销毁 7 节点 same-region 集群...
[0m[1mtls_private_key.ssh: Refreshing state... [id=961ade59587a188837070b5fba7191d9b3052fb2][0m
[0m[1mlocal_sensitive_file.ssh_key: Refreshing state... [id=63c4754acbedb2cd6e217a5f4c7059b725b401ff][0m
[0m[1mmodule.node[3].data.aws_iam_policy_document.ec2_assume_role: Reading...[0m[0m
[0m[1mmodule.node[0].data.aws_iam_policy_document.ec2_assume_role: Reading...[0m[0m
[0m[1mmodule.node[4].data.aws_iam_policy_document.ec2_assume_role: Reading...[0m[0m
[0m[1mmodule.node[1].aws_security_group.raft: Refreshing state... [id=sg-039f8d8ce1d6cf9bf][0m
[0m[1mmodule.node[2].aws_security_group.raft: Refreshing state... [id=sg-04e6bc8929abe4e71][0m
[0m[1mmodule.node[6].aws_security_group.raft: Refreshing state... [id=sg-033692383ddf43621][0m
[0m[1mmodule.node[5].aws_security_group.raft: Refreshing state... [id=sg-03ba9f1e3143dc8db][0m
[0m[1mmodule.node[4].data.aws_iam_policy_document.ec2_assume_role: Read complete after 0s [id=2851119427][0m
[0m[1mmodule.node[0].data.aws_iam_policy_document.ec2_assume_role: Read complete after 0s [id=2851119427][0m
[0m[1mmodule.node[4].aws_security_group.raft: Refreshing state... [id=sg-0735459ae69816cbf][0m
[0m[1mmodule.node[3].data.aws_iam_policy_document.ec2_assume_role: Read complete after 0s [id=2851119427][0m
[0m[1mmodule.node[0].aws_security_group.raft: Refreshing state... [id=sg-0566cbe4b3d7d2170][0m
[0m[1mmodule.node[3].aws_security_group.raft: Refreshing state... [id=sg-0d649ec24b1238fbe][0m
[0m[1mmodule.node[1].data.aws_iam_policy_document.ec2_assume_role: Reading...[0m[0m
[0m[1mmodule.node[5].data.aws_iam_policy_document.ec2_assume_role: Reading...[0m[0m
[0m[1mmodule.node[6].data.aws_iam_policy_document.ec2_assume_role: Reading...[0m[0m
[0m[1mmodule.node[1].data.aws_iam_policy_document.ec2_assume_role: Read complete after 0s [id=2851119427][0m
[0m[1mmodule.node[5].data.aws_iam_policy_document.ec2_assume_role: Read complete after 0s [id=2851119427][0m
[0m[1mmodule.node[6].data.aws_iam_policy_document.ec2_assume_role: Read complete after 0s [id=2851119427][0m
[0m[1mmodule.node[2].data.aws_iam_policy_document.ec2_assume_role: Reading...[0m[0m
[0m[1mmodule.node[2].data.aws_iam_policy_document.ec2_assume_role: Read complete after 0s [id=2851119427][0m
[0m[1mmodule.node[4].data.aws_ami.al2023: Reading...[0m[0m
[0m[1mmodule.node[2].data.aws_ami.al2023: Reading...[0m[0m
[0m[1mmodule.node[5].data.aws_ami.al2023: Reading...[0m[0m
[0m[1mmodule.node[1].data.aws_ami.al2023: Reading...[0m[0m
[0m[1mmodule.node[0].data.aws_ami.al2023: Reading...[0m[0m
[0m[1mmodule.node[6].data.aws_ami.al2023: Reading...[0m[0m
[0m[1mmodule.node[3].data.aws_ami.al2023: Reading...[0m[0m
[0m[1mmodule.node[1].aws_key_pair.raft: Refreshing state... [id=raft-quic-same-node2][0m
[0m[1mmodule.node[2].aws_key_pair.raft: Refreshing state... [id=raft-quic-same-node3][0m
[0m[1mmodule.node[5].aws_key_pair.raft: Refreshing state... [id=raft-quic-same-node6][0m
[0m[1mmodule.node[0].aws_key_pair.raft: Refreshing state... [id=raft-quic-same-node1][0m
[0m[1mmodule.node[3].aws_key_pair.raft: Refreshing state... [id=raft-quic-same-node4][0m
[0m[1mmodule.node[6].aws_key_pair.raft: Refreshing state... [id=raft-quic-same-node7][0m
[0m[1mmodule.node[4].aws_key_pair.raft: Refreshing state... [id=raft-quic-same-node5][0m
[0m[1mmodule.node[2].aws_iam_role.raft_ssm: Refreshing state... [id=raft-quic-same-ssm-node3][0m
[0m[1mmodule.node[6].aws_iam_role.raft_ssm: Refreshing state... [id=raft-quic-same-ssm-node7][0m
[0m[1mmodule.node[0].aws_iam_role.raft_ssm: Refreshing state... [id=raft-quic-same-ssm-node1][0m
[0m[1mmodule.node[5].data.aws_ami.al2023: Read complete after 2s [id=ami-0102a36b3e9d5e4df][0m
[0m[1mmodule.node[1].aws_iam_role.raft_ssm: Refreshing state... [id=raft-quic-same-ssm-node2][0m
[0m[1mmodule.node[3].data.aws_ami.al2023: Read complete after 1s [id=ami-0102a36b3e9d5e4df][0m
[0m[1mmodule.node[3].aws_iam_role.raft_ssm: Refreshing state... [id=raft-quic-same-ssm-node4][0m
[0m[1mmodule.node[4].data.aws_ami.al2023: Read complete after 2s [id=ami-0102a36b3e9d5e4df][0m
[0m[1mmodule.node[5].aws_iam_role.raft_ssm: Refreshing state... [id=raft-quic-same-ssm-node6][0m
[0m[1mmodule.node[1].data.aws_ami.al2023: Read complete after 1s [id=ami-0102a36b3e9d5e4df][0m
[0m[1mmodule.node[6].data.aws_ami.al2023: Read complete after 1s [id=ami-0102a36b3e9d5e4df][0m
[0m[1mmodule.node[4].aws_iam_role.raft_ssm: Refreshing state... [id=raft-quic-same-ssm-node5][0m
[0m[1mmodule.node[2].data.aws_ami.al2023: Read complete after 2s [id=ami-0102a36b3e9d5e4df][0m
[0m[1mmodule.node[0].data.aws_ami.al2023: Read complete after 1s [id=ami-0102a36b3e9d5e4df][0m
[0m[1mmodule.node[6].aws_iam_instance_profile.raft_ssm: Refreshing state... [id=raft-quic-same-ssm-node7][0m
[0m[1mmodule.node[5].aws_iam_instance_profile.raft_ssm: Refreshing state... [id=raft-quic-same-ssm-node6][0m
[0m[1mmodule.node[1].aws_iam_instance_profile.raft_ssm: Refreshing state... [id=raft-quic-same-ssm-node2][0m
[0m[1mmodule.node[4].aws_iam_role_policy_attachment.ssm_core: Refreshing state... [id=raft-quic-same-ssm-node5-20260420062409951200000001][0m
[0m[1mmodule.node[2].aws_iam_instance_profile.raft_ssm: Refreshing state... [id=raft-quic-same-ssm-node3][0m
[0m[1mmodule.node[3].aws_iam_instance_profile.raft_ssm: Refreshing state... [id=raft-quic-same-ssm-node4][0m
[0m[1mmodule.node[0].aws_iam_instance_profile.raft_ssm: Refreshing state... [id=raft-quic-same-ssm-node1][0m
[0m[1mmodule.node[5].aws_iam_role_policy_attachment.ssm_core: Refreshing state... [id=raft-quic-same-ssm-node6-20260420062411488100000007][0m
[0m[1mmodule.node[1].aws_iam_role_policy_attachment.ssm_core: Refreshing state... [id=raft-quic-same-ssm-node2-20260420062410086700000002][0m
[0m[1mmodule.node[4].aws_iam_instance_profile.raft_ssm: Refreshing state... [id=raft-quic-same-ssm-node5][0m
[0m[1mmodule.node[3].aws_iam_role_policy_attachment.ssm_core: Refreshing state... [id=raft-quic-same-ssm-node4-20260420062410555200000003][0m
[0m[1mmodule.node[6].aws_iam_role_policy_attachment.ssm_core: Refreshing state... [id=raft-quic-same-ssm-node7-20260420062410701600000004][0m
[0m[1mmodule.node[0].aws_iam_role_policy_attachment.ssm_core: Refreshing state... [id=raft-quic-same-ssm-node1-20260420062411181100000005][0m
[0m[1mmodule.node[2].aws_iam_role_policy_attachment.ssm_core: Refreshing state... [id=raft-quic-same-ssm-node3-20260420062411305400000006][0m
[0m[1mmodule.node[6].aws_instance.node: Refreshing state... [id=i-04689d56fa502fbae][0m
[0m[1mmodule.node[2].aws_instance.node: Refreshing state... [id=i-0728bd73e9953965c][0m
[0m[1mmodule.node[1].aws_instance.node: Refreshing state... [id=i-0102409ff6a79e033][0m
[0m[1mmodule.node[4].aws_instance.node: Refreshing state... [id=i-05ba1e40898c8cbf0][0m
[0m[1mmodule.node[3].aws_instance.node: Refreshing state... [id=i-0ce06ec54f785ef13][0m
[0m[1mmodule.node[5].aws_instance.node: Refreshing state... [id=i-0db52acd149723280][0m
[0m[1mmodule.node[0].aws_instance.node: Refreshing state... [id=i-0087ca9fd970a8e85][0m

Terraform used the selected providers to generate the following execution
plan. Resource actions are indicated with the following symbols:
  [31m-[0m destroy[0m

Terraform will perform the following actions:

[1m  # local_sensitive_file.ssh_key[0m will be [1m[31mdestroyed[0m
[0m  [31m-[0m[0m resource "local_sensitive_file" "ssh_key" {
      [31m-[0m[0m content              = (sensitive value) [90m-> null[0m[0m
      [31m-[0m[0m content_base64sha256 = "BNEJ0ySvP4Sf5YVP+p8wsCY6SDernrbYO6EJg5nyQ6U=" [90m-> null[0m[0m
      [31m-[0m[0m content_base64sha512 = "XsEWC9Dqsh9185JpYqPqMpd0cSwk2+y8CskwBUkqJ3SIlu4FnrOLrX+iolwubdsJwvVQKOI6/d4ftr8GKrr4Yg==" [90m-> null[0m[0m
      [31m-[0m[0m content_md5          = "a98b4f7569ff6e3a87c0d0fca04f5dcf" [90m-> null[0m[0m
      [31m-[0m[0m content_sha1         = "63c4754acbedb2cd6e217a5f4c7059b725b401ff" [90m-> null[0m[0m
      [31m-[0m[0m content_sha256       = "04d109d324af3f849fe5854ffa9f30b0263a4837ab9eb6d83ba1098399f243a5" [90m-> null[0m[0m
      [31m-[0m[0m content_sha512       = "5ec1160bd0eab21f75f3926962a3ea329774712c24dbecbc0ac93005492a27748896ee059eb38bad7fa2a25c2e6ddb09c2f55028e23afdde1fb6bf062abaf862" [90m-> null[0m[0m
      [31m-[0m[0m directory_permission = "0700" [90m-> null[0m[0m
      [31m-[0m[0m file_permission      = "0600" [90m-> null[0m[0m
      [31m-[0m[0m filename             = "./raft-key.pem" [90m-> null[0m[0m
      [31m-[0m[0m id                   = "63c4754acbedb2cd6e217a5f4c7059b725b401ff" [90m-> null[0m[0m
    }

[1m  # tls_private_key.ssh[0m will be [1m[31mdestroyed[0m
[0m  [31m-[0m[0m resource "tls_private_key" "ssh" {
      [31m-[0m[0m algorithm                     = "RSA" [90m-> null[0m[0m
      [31m-[0m[0m ecdsa_curve                   = "P224" [90m-> null[0m[0m
      [31m-[0m[0m id                            = "961ade59587a188837070b5fba7191d9b3052fb2" [90m-> null[0m[0m
      [31m-[0m[0m private_key_openssh           = (sensitive value) [90m-> null[0m[0m
      [31m-[0m[0m private_key_pem               = (sensitive value) [90m-> null[0m[0m
      [31m-[0m[0m private_key_pem_pkcs8         = (sensitive value) [90m-> null[0m[0m
      [31m-[0m[0m public_key_fingerprint_md5    = "46:0e:75:a3:7a:93:66:2f:88:6a:7f:d4:c3:10:32:79" [90m-> null[0m[0m
      [31m-[0m[0m public_key_fingerprint_sha256 = "SHA256:i26Y3uvh/PLIEmCKcb8JLLu1OGjo4JxEclVxWQKhWHM" [90m-> null[0m[0m
      [31m-[0m[0m public_key_openssh            = <<-EOT
            ssh-rsa AAAAB3NzaC1yc2EAAAADAQABAAACAQCc8xKos1rDG5frZNinkAAmLxPy6XJaEom/i9HaAEDMTHEtTs38QCO4T7sULRIRUx6kpiI5WIDmYTIl8iMi0/CppqHjqeTxHDQvB+IAgU715uEtwBhU9sQAkRHFpr4g7XLqSGu+hlPy+XdraAsAT7vtPvLa7+HZGcujjqcrxk7N6PeOKQnQqZihLOhr47XG/Mwzrui0d10t1Xz9C13Te0aHcM9FXGJgPUwJSrk6cxypSkQVIQNwL1PnWD4B83/wmlTn5hC5EvxY3D/W3qbEZoFhgBkFQBB0bZV+yvrEHKcAdeeRVbBMa/gIIOoSDsTHszo5+5lNfBWzmFrkv8SjdWPT0reeV4Bj3nvppr0IyUmrHjdmCqr3u+AJc4vIh4R0tvhIQqSvo/mlNBmWsLNAhVX7/d6gTP6iC94RwgWrDuuBrXN+9bedyz9zTk3lnB18bGbAMulwKXOnJAJRg0WCRLGVEw6caW30NRxH+495glxddjhMYHzCjtOpFTiiQkm0kQLC4oCKNT5f6c3jgLAxsg0bk3GxiclON6Dw44lZnt3dItVRGtwsvSy5Kx4WHaoJVpe3AREfQJi+Vm5q5oPNO3Fb4nrJtnwWeJSMQbDGYkqfqUfn72MIbq3pkMno3z+/p5T9ksLyBms/ommULNcHbN91mwbAAheceEORdNaEM+7u+Q==
        EOT [90m-> null[0m[0m
      [31m-[0m[0m public_key_pem                = <<-EOT
            -----BEGIN PUBLIC KEY-----
            MIICIjANBgkqhkiG9w0BAQEFAAOCAg8AMIICCgKCAgEAnPMSqLNawxuX62TYp5AA
            Ji8T8ulyWhKJv4vR2gBAzExxLU7N/EAjuE+7FC0SEVMepKYiOViA5mEyJfIjItPw
            qaah46nk8Rw0LwfiAIFO9ebhLcAYVPbEAJERxaa+IO1y6khrvoZT8vl3a2gLAE+7
            7T7y2u/h2RnLo46nK8ZOzej3jikJ0KmYoSzoa+O1xvzMM67otHddLdV8/Qtd03tG
            h3DPRVxiYD1MCUq5OnMcqUpEFSEDcC9T51g+AfN/8JpU5+YQuRL8WNw/1t6mxGaB
            YYAZBUAQdG2Vfsr6xBynAHXnkVWwTGv4CCDqEg7Ex7M6OfuZTXwVs5ha5L/Eo3Vj
            09K3nleAY9576aa9CMlJqx43Zgqq97vgCXOLyIeEdLb4SEKkr6P5pTQZlrCzQIVV
            +/3eoEz+ogveEcIFqw7rga1zfvW3ncs/c05N5ZwdfGxmwDLpcClzpyQCUYNFgkSx
            lRMOnGlt9DUcR/uPeYJcXXY4TGB8wo7TqRU4okJJtJECwuKAijU+X+nN44CwMbIN
            G5NxsYnJTjeg8OOJWZ7d3SLVURrcLL0suSseFh2qCVaXtwERH0CYvlZuauaDzTtx
            W+J6ybZ8FniUjEGwxmJKn6lH5+9jCG6t6ZDJ6N8/v6eU/ZLC8gZrP6JplCzXB2zf
            dZsGwAIXnHhDkXTWhDPu7vkCAwEAAQ==
            -----END PUBLIC KEY-----
        EOT [90m-> null[0m[0m
      [31m-[0m[0m rsa_bits                      = 4096 [90m-> null[0m[0m
    }

[1m  # module.node[0].aws_iam_instance_profile.raft_ssm[0m will be [1m[31mdestroyed[0m
[0m  [31m-[0m[0m resource "aws_iam_instance_profile" "raft_ssm" {
      [31m-[0m[0m arn         = "arn:aws:iam::560449670342:instance-profile/raft-quic-same-ssm-node1" [90m-> null[0m[0m
      [31m-[0m[0m create_date = "2026-04-20T06:24:09Z" [90m-> null[0m[0m
      [31m-[0m[0m id          = "raft-quic-same-ssm-node1" [90m-> null[0m[0m
      [31m-[0m[0m name        = "raft-quic-same-ssm-node1" [90m-> null[0m[0m
      [31m-[0m[0m path        = "/" [90m-> null[0m[0m
      [31m-[0m[0m role        = "raft-quic-same-ssm-node1" [90m-> null[0m[0m
      [31m-[0m[0m tags        = {} [90m-> null[0m[0m
      [31m-[0m[0m tags_all    = {} [90m-> null[0m[0m
      [31m-[0m[0m unique_id   = "AIPAYE7LHJTDA6WC6Z7LV" [90m-> null[0m[0m
        [90m# (1 unchanged attribute hidden)[0m[0m
    }

[1m  # module.node[0].aws_iam_role.raft_ssm[0m will be [1m[31mdestroyed[0m
[0m  [31m-[0m[0m resource "aws_iam_role" "raft_ssm" {
      [31m-[0m[0m arn                   = "arn:aws:iam::560449670342:role/raft-quic-same-ssm-node1" [90m-> null[0m[0m
      [31m-[0m[0m assume_role_policy    = jsonencode(
            {
              [31m-[0m[0m Statement = [
                  [31m-[0m[0m {
                      [31m-[0m[0m Action    = "sts:AssumeRole"
                      [31m-[0m[0m Effect    = "Allow"
                      [31m-[0m[0m Principal = {
                          [31m-[0m[0m Service = "ec2.amazonaws.com"
                        }
                    },
                ]
              [31m-[0m[0m Version   = "2012-10-17"
            }
        ) [90m-> null[0m[0m
      [31m-[0m[0m create_date           = "2026-04-20T06:24:04Z" [90m-> null[0m[0m
      [31m-[0m[0m force_detach_policies = false [90m-> null[0m[0m
      [31m-[0m[0m id                    = "raft-quic-same-ssm-node1" [90m-> null[0m[0m
      [31m-[0m[0m managed_policy_arns   = [
          [31m-[0m[0m "arn:aws:iam::aws:policy/AmazonSSMManagedInstanceCore",
        ] [90m-> null[0m[0m
      [31m-[0m[0m max_session_duration  = 3600 [90m-> null[0m[0m
      [31m-[0m[0m name                  = "raft-quic-same-ssm-node1" [90m-> null[0m[0m
      [31m-[0m[0m path                  = "/" [90m-> null[0m[0m
      [31m-[0m[0m tags                  = {
          [31m-[0m[0m "Node"    = "node1"
          [31m-[0m[0m "Project" = "raft-quic"
        } [90m-> null[0m[0m
      [31m-[0m[0m tags_all              = {
          [31m-[0m[0m "Node"    = "node1"
          [31m-[0m[0m "Project" = "raft-quic"
        } [90m-> null[0m[0m
      [31m-[0m[0m unique_id             = "AROAYE7LHJTDBOWCWSV75" [90m-> null[0m[0m
        [90m# (3 unchanged attributes hidden)[0m[0m
    }

[1m  # module.node[0].aws_iam_role_policy_attachment.ssm_core[0m will be [1m[31mdestroyed[0m
[0m  [31m-[0m[0m resource "aws_iam_role_policy_attachment" "ssm_core" {
      [31m-[0m[0m id         = "raft-quic-same-ssm-node1-20260420062411181100000005" [90m-> null[0m[0m
      [31m-[0m[0m policy_arn = "arn:aws:iam::aws:policy/AmazonSSMManagedInstanceCore" [90m-> null[0m[0m
      [31m-[0m[0m role       = "raft-quic-same-ssm-node1" [90m-> null[0m[0m
    }

[1m  # module.node[0].aws_instance.node[0m will be [1m[31mdestroyed[0m
[0m  [31m-[0m[0m resource "aws_instance" "node" {
      [31m-[0m[0m ami                                  = "ami-0102a36b3e9d5e4df" [90m-> null[0m[0m
      [31m-[0m[0m arn                                  = "arn:aws:ec2:us-east-1:560449670342:instance/i-0087ca9fd970a8e85" [90m-> null[0m[0m
      [31m-[0m[0m associate_public_ip_address          = true [90m-> null[0m[0m
      [31m-[0m[0m availability_zone                    = "us-east-1d" [90m-> null[0m[0m
      [31m-[0m[0m cpu_core_count                       = 1 [90m-> null[0m[0m
      [31m-[0m[0m cpu_threads_per_core                 = 2 [90m-> null[0m[0m
      [31m-[0m[0m disable_api_stop                     = false [90m-> null[0m[0m
      [31m-[0m[0m disable_api_termination              = false [90m-> null[0m[0m
      [31m-[0m[0m ebs_optimized                        = false [90m-> null[0m[0m
      [31m-[0m[0m get_password_data                    = false [90m-> null[0m[0m
      [31m-[0m[0m hibernation                          = false [90m-> null[0m[0m
      [31m-[0m[0m iam_instance_profile                 = "raft-quic-same-ssm-node1" [90m-> null[0m[0m
      [31m-[0m[0m id                                   = "i-0087ca9fd970a8e85" [90m-> null[0m[0m
      [31m-[0m[0m instance_initiated_shutdown_behavior = "stop" [90m-> null[0m[0m
      [31m-[0m[0m instance_state                       = "running" [90m-> null[0m[0m
      [31m-[0m[0m instance_type                        = "t3.micro" [90m-> null[0m[0m
      [31m-[0m[0m ipv6_address_count                   = 0 [90m-> null[0m[0m
      [31m-[0m[0m ipv6_addresses                       = [] [90m-> null[0m[0m
      [31m-[0m[0m key_name                             = "raft-quic-same-node1" [90m-> null[0m[0m
      [31m-[0m[0m monitoring                           = false [90m-> null[0m[0m
      [31m-[0m[0m placement_partition_number           = 0 [90m-> null[0m[0m
      [31m-[0m[0m primary_network_interface_id         = "eni-085258ceb7acd239a" [90m-> null[0m[0m
      [31m-[0m[0m private_dns                          = "ip-172-31-33-27.ec2.internal" [90m-> null[0m[0m
      [31m-[0m[0m private_ip                           = "172.31.33.27" [90m-> null[0m[0m
      [31m-[0m[0m public_dns                           = "ec2-54-242-240-151.compute-1.amazonaws.com" [90m-> null[0m[0m
      [31m-[0m[0m public_ip                            = "54.242.240.151" [90m-> null[0m[0m
      [31m-[0m[0m secondary_private_ips                = [] [90m-> null[0m[0m
      [31m-[0m[0m security_groups                      = [
          [31m-[0m[0m "raft-quic-node1",
        ] [90m-> null[0m[0m
      [31m-[0m[0m source_dest_check                    = true [90m-> null[0m[0m
      [31m-[0m[0m subnet_id                            = "subnet-055764690b8558cd1" [90m-> null[0m[0m
      [31m-[0m[0m tags                                 = {
          [31m-[0m[0m "Name"    = "raft-quic-node1"
          [31m-[0m[0m "Node"    = "node1"
          [31m-[0m[0m "Project" = "raft-quic"
        } [90m-> null[0m[0m
      [31m-[0m[0m tags_all                             = {
          [31m-[0m[0m "Name"    = "raft-quic-node1"
          [31m-[0m[0m "Node"    = "node1"
          [31m-[0m[0m "Project" = "raft-quic"
        } [90m-> null[0m[0m
      [31m-[0m[0m tenancy                              = "default" [90m-> null[0m[0m
      [31m-[0m[0m user_data_replace_on_change          = false [90m-> null[0m[0m
      [31m-[0m[0m vpc_security_group_ids               = [
          [31m-[0m[0m "sg-0566cbe4b3d7d2170",
        ] [90m-> null[0m[0m
        [90m# (6 unchanged attributes hidden)[0m[0m

      [31m-[0m[0m capacity_reservation_specification {
          [31m-[0m[0m capacity_reservation_preference = "open" [90m-> null[0m[0m
        }

      [31m-[0m[0m cpu_options {
          [31m-[0m[0m core_count       = 1 [90m-> null[0m[0m
          [31m-[0m[0m threads_per_core = 2 [90m-> null[0m[0m
            [90m# (1 unchanged attribute hidden)[0m[0m
        }

      [31m-[0m[0m credit_specification {
          [31m-[0m[0m cpu_credits = "unlimited" [90m-> null[0m[0m
        }

      [31m-[0m[0m enclave_options {
          [31m-[0m[0m enabled = false [90m-> null[0m[0m
        }

      [31m-[0m[0m maintenance_options {
          [31m-[0m[0m auto_recovery = "default" [90m-> null[0m[0m
        }

      [31m-[0m[0m metadata_options {
          [31m-[0m[0m http_endpoint               = "enabled" [90m-> null[0m[0m
          [31m-[0m[0m http_protocol_ipv6          = "disabled" [90m-> null[0m[0m
          [31m-[0m[0m http_put_response_hop_limit = 2 [90m-> null[0m[0m
          [31m-[0m[0m http_tokens                 = "required" [90m-> null[0m[0m
          [31m-[0m[0m instance_metadata_tags      = "disabled" [90m-> null[0m[0m
        }

      [31m-[0m[0m private_dns_name_options {
          [31m-[0m[0m enable_resource_name_dns_a_record    = false [90m-> null[0m[0m
          [31m-[0m[0m enable_resource_name_dns_aaaa_record = false [90m-> null[0m[0m
          [31m-[0m[0m hostname_type                        = "ip-name" [90m-> null[0m[0m
        }

      [31m-[0m[0m root_block_device {
          [31m-[0m[0m delete_on_termination = true [90m-> null[0m[0m
          [31m-[0m[0m device_name           = "/dev/xvda" [90m-> null[0m[0m
          [31m-[0m[0m encrypted             = false [90m-> null[0m[0m
          [31m-[0m[0m iops                  = 3000 [90m-> null[0m[0m
          [31m-[0m[0m tags                  = {} [90m-> null[0m[0m
          [31m-[0m[0m tags_all              = {} [90m-> null[0m[0m
          [31m-[0m[0m throughput            = 125 [90m-> null[0m[0m
          [31m-[0m[0m volume_id             = "vol-06f3757d4ab3be814" [90m-> null[0m[0m
          [31m-[0m[0m volume_size           = 30 [90m-> null[0m[0m
          [31m-[0m[0m volume_type           = "gp3" [90m-> null[0m[0m
            [90m# (1 unchanged attribute hidden)[0m[0m
        }
    }

[1m  # module.node[0].aws_key_pair.raft[0m will be [1m[31mdestroyed[0m
[0m  [31m-[0m[0m resource "aws_key_pair" "raft" {
      [31m-[0m[0m arn             = "arn:aws:ec2:us-east-1:560449670342:key-pair/raft-quic-same-node1" [90m-> null[0m[0m
      [31m-[0m[0m fingerprint     = "cb:ba:c0:c9:76:23:c7:9b:80:52:cf:9e:32:c7:cf:03" [90m-> null[0m[0m
      [31m-[0m[0m id              = "raft-quic-same-node1" [90m-> null[0m[0m
      [31m-[0m[0m key_name        = "raft-quic-same-node1" [90m-> null[0m[0m
      [31m-[0m[0m key_pair_id     = "key-0d30a667865873d02" [90m-> null[0m[0m
      [31m-[0m[0m key_type        = "rsa" [90m-> null[0m[0m
      [31m-[0m[0m public_key      = "ssh-rsa AAAAB3NzaC1yc2EAAAADAQABAAACAQCc8xKos1rDG5frZNinkAAmLxPy6XJaEom/i9HaAEDMTHEtTs38QCO4T7sULRIRUx6kpiI5WIDmYTIl8iMi0/CppqHjqeTxHDQvB+IAgU715uEtwBhU9sQAkRHFpr4g7XLqSGu+hlPy+XdraAsAT7vtPvLa7+HZGcujjqcrxk7N6PeOKQnQqZihLOhr47XG/Mwzrui0d10t1Xz9C13Te0aHcM9FXGJgPUwJSrk6cxypSkQVIQNwL1PnWD4B83/wmlTn5hC5EvxY3D/W3qbEZoFhgBkFQBB0bZV+yvrEHKcAdeeRVbBMa/gIIOoSDsTHszo5+5lNfBWzmFrkv8SjdWPT0reeV4Bj3nvppr0IyUmrHjdmCqr3u+AJc4vIh4R0tvhIQqSvo/mlNBmWsLNAhVX7/d6gTP6iC94RwgWrDuuBrXN+9bedyz9zTk3lnB18bGbAMulwKXOnJAJRg0WCRLGVEw6caW30NRxH+495glxddjhMYHzCjtOpFTiiQkm0kQLC4oCKNT5f6c3jgLAxsg0bk3GxiclON6Dw44lZnt3dItVRGtwsvSy5Kx4WHaoJVpe3AREfQJi+Vm5q5oPNO3Fb4nrJtnwWeJSMQbDGYkqfqUfn72MIbq3pkMno3z+/p5T9ksLyBms/ommULNcHbN91mwbAAheceEORdNaEM+7u+Q==" [90m-> null[0m[0m
      [31m-[0m[0m tags            = {
          [31m-[0m[0m "Node"    = "node1"
          [31m-[0m[0m "Project" = "raft-quic"
        } [90m-> null[0m[0m
      [31m-[0m[0m tags_all        = {
          [31m-[0m[0m "Node"    = "node1"
          [31m-[0m[0m "Project" = "raft-quic"
        } [90m-> null[0m[0m
        [90m# (1 unchanged attribute hidden)[0m[0m
    }

[1m  # module.node[0].aws_security_group.raft[0m will be [1m[31mdestroyed[0m
[0m  [31m-[0m[0m resource "aws_security_group" "raft" {
      [31m-[0m[0m arn                    = "arn:aws:ec2:us-east-1:560449670342:security-group/sg-0566cbe4b3d7d2170" [90m-> null[0m[0m
      [31m-[0m[0m description            = "Raft-over-QUIC cluster node node1" [90m-> null[0m[0m
      [31m-[0m[0m egress                 = [
          [31m-[0m[0m {
              [31m-[0m[0m cidr_blocks      = [
                  [31m-[0m[0m "0.0.0.0/0",
                ]
              [31m-[0m[0m from_port        = 0
              [31m-[0m[0m ipv6_cidr_blocks = []
              [31m-[0m[0m prefix_list_ids  = []
              [31m-[0m[0m protocol         = "-1"
              [31m-[0m[0m security_groups  = []
              [31m-[0m[0m self             = false
              [31m-[0m[0m to_port          = 0
                [90m# (1 unchanged attribute hidden)[0m[0m
            },
        ] [90m-> null[0m[0m
      [31m-[0m[0m id                     = "sg-0566cbe4b3d7d2170" [90m-> null[0m[0m
      [31m-[0m[0m ingress                = [
          [31m-[0m[0m {
              [31m-[0m[0m cidr_blocks      = [
                  [31m-[0m[0m "0.0.0.0/0",
                ]
              [31m-[0m[0m from_port        = 22
              [31m-[0m[0m ipv6_cidr_blocks = []
              [31m-[0m[0m prefix_list_ids  = []
              [31m-[0m[0m protocol         = "tcp"
              [31m-[0m[0m security_groups  = []
              [31m-[0m[0m self             = false
              [31m-[0m[0m to_port          = 22
                [90m# (1 unchanged attribute hidden)[0m[0m
            },
          [31m-[0m[0m {
              [31m-[0m[0m cidr_blocks      = [
                  [31m-[0m[0m "0.0.0.0/0",
                ]
              [31m-[0m[0m from_port        = 7001
              [31m-[0m[0m ipv6_cidr_blocks = []
              [31m-[0m[0m prefix_list_ids  = []
              [31m-[0m[0m protocol         = "udp"
              [31m-[0m[0m security_groups  = []
              [31m-[0m[0m self             = false
              [31m-[0m[0m to_port          = 7001
                [90m# (1 unchanged attribute hidden)[0m[0m
            },
          [31m-[0m[0m {
              [31m-[0m[0m cidr_blocks      = [
                  [31m-[0m[0m "0.0.0.0/0",
                ]
              [31m-[0m[0m from_port        = 8001
              [31m-[0m[0m ipv6_cidr_blocks = []
              [31m-[0m[0m prefix_list_ids  = []
              [31m-[0m[0m protocol         = "tcp"
              [31m-[0m[0m security_groups  = []
              [31m-[0m[0m self             = false
              [31m-[0m[0m to_port          = 8001
                [90m# (1 unchanged attribute hidden)[0m[0m
            },
          [31m-[0m[0m {
              [31m-[0m[0m cidr_blocks      = [
                  [31m-[0m[0m "0.0.0.0/0",
                ]
              [31m-[0m[0m from_port        = 9001
              [31m-[0m[0m ipv6_cidr_blocks = []
              [31m-[0m[0m prefix_list_ids  = []
              [31m-[0m[0m protocol         = "tcp"
              [31m-[0m[0m security_groups  = []
              [31m-[0m[0m self             = false
              [31m-[0m[0m to_port          = 9001
                [90m# (1 unchanged attribute hidden)[0m[0m
            },
        ] [90m-> null[0m[0m
      [31m-[0m[0m name                   = "raft-quic-node1" [90m-> null[0m[0m
      [31m-[0m[0m owner_id               = "560449670342" [90m-> null[0m[0m
      [31m-[0m[0m revoke_rules_on_delete = false [90m-> null[0m[0m
      [31m-[0m[0m tags                   = {
          [31m-[0m[0m "Node"    = "node1"
          [31m-[0m[0m "Project" = "raft-quic"
        } [90m-> null[0m[0m
      [31m-[0m[0m tags_all               = {
          [31m-[0m[0m "Node"    = "node1"
          [31m-[0m[0m "Project" = "raft-quic"
        } [90m-> null[0m[0m
      [31m-[0m[0m vpc_id                 = "vpc-0d14d4388abbe65e8" [90m-> null[0m[0m
        [90m# (1 unchanged attribute hidden)[0m[0m
    }

[1m  # module.node[1].aws_iam_instance_profile.raft_ssm[0m will be [1m[31mdestroyed[0m
[0m  [31m-[0m[0m resource "aws_iam_instance_profile" "raft_ssm" {
      [31m-[0m[0m arn         = "arn:aws:iam::560449670342:instance-profile/raft-quic-same-ssm-node2" [90m-> null[0m[0m
      [31m-[0m[0m create_date = "2026-04-20T06:24:09Z" [90m-> null[0m[0m
      [31m-[0m[0m id          = "raft-quic-same-ssm-node2" [90m-> null[0m[0m
      [31m-[0m[0m name        = "raft-quic-same-ssm-node2" [90m-> null[0m[0m
      [31m-[0m[0m path        = "/" [90m-> null[0m[0m
      [31m-[0m[0m role        = "raft-quic-same-ssm-node2" [90m-> null[0m[0m
      [31m-[0m[0m tags        = {} [90m-> null[0m[0m
      [31m-[0m[0m tags_all    = {} [90m-> null[0m[0m
      [31m-[0m[0m unique_id   = "AIPAYE7LHJTDHTBJHQHSD" [90m-> null[0m[0m
        [90m# (1 unchanged attribute hidden)[0m[0m
    }

[1m  # module.node[1].aws_iam_role.raft_ssm[0m will be [1m[31mdestroyed[0m
[0m  [31m-[0m[0m resource "aws_iam_role" "raft_ssm" {
      [31m-[0m[0m arn                   = "arn:aws:iam::560449670342:role/raft-quic-same-ssm-node2" [90m-> null[0m[0m
      [31m-[0m[0m assume_role_policy    = jsonencode(
            {
              [31m-[0m[0m Statement = [
                  [31m-[0m[0m {
                      [31m-[0m[0m Action    = "sts:AssumeRole"
                      [31m-[0m[0m Effect    = "Allow"
                      [31m-[0m[0m Principal = {
                          [31m-[0m[0m Service = "ec2.amazonaws.com"
                        }
                    },
                ]
              [31m-[0m[0m Version   = "2012-10-17"
            }
        ) [90m-> null[0m[0m
      [31m-[0m[0m create_date           = "2026-04-20T06:24:04Z" [90m-> null[0m[0m
      [31m-[0m[0m force_detach_policies = false [90m-> null[0m[0m
      [31m-[0m[0m id                    = "raft-quic-same-ssm-node2" [90m-> null[0m[0m
      [31m-[0m[0m managed_policy_arns   = [
          [31m-[0m[0m "arn:aws:iam::aws:policy/AmazonSSMManagedInstanceCore",
        ] [90m-> null[0m[0m
      [31m-[0m[0m max_session_duration  = 3600 [90m-> null[0m[0m
      [31m-[0m[0m name                  = "raft-quic-same-ssm-node2" [90m-> null[0m[0m
      [31m-[0m[0m path                  = "/" [90m-> null[0m[0m
      [31m-[0m[0m tags                  = {
          [31m-[0m[0m "Node"    = "node2"
          [31m-[0m[0m "Project" = "raft-quic"
        } [90m-> null[0m[0m
      [31m-[0m[0m tags_all              = {
          [31m-[0m[0m "Node"    = "node2"
          [31m-[0m[0m "Project" = "raft-quic"
        } [90m-> null[0m[0m
      [31m-[0m[0m unique_id             = "AROAYE7LHJTDGVYL4GPDE" [90m-> null[0m[0m
        [90m# (3 unchanged attributes hidden)[0m[0m
    }

[1m  # module.node[1].aws_iam_role_policy_attachment.ssm_core[0m will be [1m[31mdestroyed[0m
[0m  [31m-[0m[0m resource "aws_iam_role_policy_attachment" "ssm_core" {
      [31m-[0m[0m id         = "raft-quic-same-ssm-node2-20260420062410086700000002" [90m-> null[0m[0m
      [31m-[0m[0m policy_arn = "arn:aws:iam::aws:policy/AmazonSSMManagedInstanceCore" [90m-> null[0m[0m
      [31m-[0m[0m role       = "raft-quic-same-ssm-node2" [90m-> null[0m[0m
    }

[1m  # module.node[1].aws_instance.node[0m will be [1m[31mdestroyed[0m
[0m  [31m-[0m[0m resource "aws_instance" "node" {
      [31m-[0m[0m ami                                  = "ami-0102a36b3e9d5e4df" [90m-> null[0m[0m
      [31m-[0m[0m arn                                  = "arn:aws:ec2:us-east-1:560449670342:instance/i-0102409ff6a79e033" [90m-> null[0m[0m
      [31m-[0m[0m associate_public_ip_address          = true [90m-> null[0m[0m
      [31m-[0m[0m availability_zone                    = "us-east-1d" [90m-> null[0m[0m
      [31m-[0m[0m cpu_core_count                       = 1 [90m-> null[0m[0m
      [31m-[0m[0m cpu_threads_per_core                 = 2 [90m-> null[0m[0m
      [31m-[0m[0m disable_api_stop                     = false [90m-> null[0m[0m
      [31m-[0m[0m disable_api_termination              = false [90m-> null[0m[0m
      [31m-[0m[0m ebs_optimized                        = false [90m-> null[0m[0m
      [31m-[0m[0m get_password_data                    = false [90m-> null[0m[0m
      [31m-[0m[0m hibernation                          = false [90m-> null[0m[0m
      [31m-[0m[0m iam_instance_profile                 = "raft-quic-same-ssm-node2" [90m-> null[0m[0m
      [31m-[0m[0m id                                   = "i-0102409ff6a79e033" [90m-> null[0m[0m
      [31m-[0m[0m instance_initiated_shutdown_behavior = "stop" [90m-> null[0m[0m
      [31m-[0m[0m instance_state                       = "running" [90m-> null[0m[0m
      [31m-[0m[0m instance_type                        = "t3.micro" [90m-> null[0m[0m
      [31m-[0m[0m ipv6_address_count                   = 0 [90m-> null[0m[0m
      [31m-[0m[0m ipv6_addresses                       = [] [90m-> null[0m[0m
      [31m-[0m[0m key_name                             = "raft-quic-same-node2" [90m-> null[0m[0m
      [31m-[0m[0m monitoring                           = false [90m-> null[0m[0m
      [31m-[0m[0m placement_partition_number           = 0 [90m-> null[0m[0m
      [31m-[0m[0m primary_network_interface_id         = "eni-0728ea54f3120a65c" [90m-> null[0m[0m
      [31m-[0m[0m private_dns                          = "ip-172-31-43-63.ec2.internal" [90m-> null[0m[0m
      [31m-[0m[0m private_ip                           = "172.31.43.63" [90m-> null[0m[0m
      [31m-[0m[0m public_dns                           = "ec2-54-210-120-114.compute-1.amazonaws.com" [90m-> null[0m[0m
      [31m-[0m[0m public_ip                            = "54.210.120.114" [90m-> null[0m[0m
      [31m-[0m[0m secondary_private_ips                = [] [90m-> null[0m[0m
      [31m-[0m[0m security_groups                      = [
          [31m-[0m[0m "raft-quic-node2",
        ] [90m-> null[0m[0m
      [31m-[0m[0m source_dest_check                    = true [90m-> null[0m[0m
      [31m-[0m[0m subnet_id                            = "subnet-055764690b8558cd1" [90m-> null[0m[0m
      [31m-[0m[0m tags                                 = {
          [31m-[0m[0m "Name"    = "raft-quic-node2"
          [31m-[0m[0m "Node"    = "node2"
          [31m-[0m[0m "Project" = "raft-quic"
        } [90m-> null[0m[0m
      [31m-[0m[0m tags_all                             = {
          [31m-[0m[0m "Name"    = "raft-quic-node2"
          [31m-[0m[0m "Node"    = "node2"
          [31m-[0m[0m "Project" = "raft-quic"
        } [90m-> null[0m[0m
      [31m-[0m[0m tenancy                              = "default" [90m-> null[0m[0m
      [31m-[0m[0m user_data_replace_on_change          = false [90m-> null[0m[0m
      [31m-[0m[0m vpc_security_group_ids               = [
          [31m-[0m[0m "sg-039f8d8ce1d6cf9bf",
        ] [90m-> null[0m[0m
        [90m# (6 unchanged attributes hidden)[0m[0m

      [31m-[0m[0m capacity_reservation_specification {
          [31m-[0m[0m capacity_reservation_preference = "open" [90m-> null[0m[0m
        }

      [31m-[0m[0m cpu_options {
          [31m-[0m[0m core_count       = 1 [90m-> null[0m[0m
          [31m-[0m[0m threads_per_core = 2 [90m-> null[0m[0m
            [90m# (1 unchanged attribute hidden)[0m[0m
        }

      [31m-[0m[0m credit_specification {
          [31m-[0m[0m cpu_credits = "unlimited" [90m-> null[0m[0m
        }

      [31m-[0m[0m enclave_options {
          [31m-[0m[0m enabled = false [90m-> null[0m[0m
        }

      [31m-[0m[0m maintenance_options {
          [31m-[0m[0m auto_recovery = "default" [90m-> null[0m[0m
        }

      [31m-[0m[0m metadata_options {
          [31m-[0m[0m http_endpoint               = "enabled" [90m-> null[0m[0m
          [31m-[0m[0m http_protocol_ipv6          = "disabled" [90m-> null[0m[0m
          [31m-[0m[0m http_put_response_hop_limit = 2 [90m-> null[0m[0m
          [31m-[0m[0m http_tokens                 = "required" [90m-> null[0m[0m
          [31m-[0m[0m instance_metadata_tags      = "disabled" [90m-> null[0m[0m
        }

      [31m-[0m[0m private_dns_name_options {
          [31m-[0m[0m enable_resource_name_dns_a_record    = false [90m-> null[0m[0m
          [31m-[0m[0m enable_resource_name_dns_aaaa_record = false [90m-> null[0m[0m
          [31m-[0m[0m hostname_type                        = "ip-name" [90m-> null[0m[0m
        }

      [31m-[0m[0m root_block_device {
          [31m-[0m[0m delete_on_termination = true [90m-> null[0m[0m
          [31m-[0m[0m device_name           = "/dev/xvda" [90m-> null[0m[0m
          [31m-[0m[0m encrypted             = false [90m-> null[0m[0m
          [31m-[0m[0m iops                  = 3000 [90m-> null[0m[0m
          [31m-[0m[0m tags                  = {} [90m-> null[0m[0m
          [31m-[0m[0m tags_all              = {} [90m-> null[0m[0m
          [31m-[0m[0m throughput            = 125 [90m-> null[0m[0m
          [31m-[0m[0m volume_id             = "vol-0ebe47c40232274da" [90m-> null[0m[0m
          [31m-[0m[0m volume_size           = 30 [90m-> null[0m[0m
          [31m-[0m[0m volume_type           = "gp3" [90m-> null[0m[0m
            [90m# (1 unchanged attribute hidden)[0m[0m
        }
    }

[1m  # module.node[1].aws_key_pair.raft[0m will be [1m[31mdestroyed[0m
[0m  [31m-[0m[0m resource "aws_key_pair" "raft" {
      [31m-[0m[0m arn             = "arn:aws:ec2:us-east-1:560449670342:key-pair/raft-quic-same-node2" [90m-> null[0m[0m
      [31m-[0m[0m fingerprint     = "cb:ba:c0:c9:76:23:c7:9b:80:52:cf:9e:32:c7:cf:03" [90m-> null[0m[0m
      [31m-[0m[0m id              = "raft-quic-same-node2" [90m-> null[0m[0m
      [31m-[0m[0m key_name        = "raft-quic-same-node2" [90m-> null[0m[0m
      [31m-[0m[0m key_pair_id     = "key-0952c4e5c7f77c0ec" [90m-> null[0m[0m
      [31m-[0m[0m key_type        = "rsa" [90m-> null[0m[0m
      [31m-[0m[0m public_key      = "ssh-rsa AAAAB3NzaC1yc2EAAAADAQABAAACAQCc8xKos1rDG5frZNinkAAmLxPy6XJaEom/i9HaAEDMTHEtTs38QCO4T7sULRIRUx6kpiI5WIDmYTIl8iMi0/CppqHjqeTxHDQvB+IAgU715uEtwBhU9sQAkRHFpr4g7XLqSGu+hlPy+XdraAsAT7vtPvLa7+HZGcujjqcrxk7N6PeOKQnQqZihLOhr47XG/Mwzrui0d10t1Xz9C13Te0aHcM9FXGJgPUwJSrk6cxypSkQVIQNwL1PnWD4B83/wmlTn5hC5EvxY3D/W3qbEZoFhgBkFQBB0bZV+yvrEHKcAdeeRVbBMa/gIIOoSDsTHszo5+5lNfBWzmFrkv8SjdWPT0reeV4Bj3nvppr0IyUmrHjdmCqr3u+AJc4vIh4R0tvhIQqSvo/mlNBmWsLNAhVX7/d6gTP6iC94RwgWrDuuBrXN+9bedyz9zTk3lnB18bGbAMulwKXOnJAJRg0WCRLGVEw6caW30NRxH+495glxddjhMYHzCjtOpFTiiQkm0kQLC4oCKNT5f6c3jgLAxsg0bk3GxiclON6Dw44lZnt3dItVRGtwsvSy5Kx4WHaoJVpe3AREfQJi+Vm5q5oPNO3Fb4nrJtnwWeJSMQbDGYkqfqUfn72MIbq3pkMno3z+/p5T9ksLyBms/ommULNcHbN91mwbAAheceEORdNaEM+7u+Q==" [90m-> null[0m[0m
      [31m-[0m[0m tags            = {
          [31m-[0m[0m "Node"    = "node2"
          [31m-[0m[0m "Project" = "raft-quic"
        } [90m-> null[0m[0m
      [31m-[0m[0m tags_all        = {
          [31m-[0m[0m "Node"    = "node2"
          [31m-[0m[0m "Project" = "raft-quic"
        } [90m-> null[0m[0m
        [90m# (1 unchanged attribute hidden)[0m[0m
    }

[1m  # module.node[1].aws_security_group.raft[0m will be [1m[31mdestroyed[0m
[0m  [31m-[0m[0m resource "aws_security_group" "raft" {
      [31m-[0m[0m arn                    = "arn:aws:ec2:us-east-1:560449670342:security-group/sg-039f8d8ce1d6cf9bf" [90m-> null[0m[0m
      [31m-[0m[0m description            = "Raft-over-QUIC cluster node node2" [90m-> null[0m[0m
      [31m-[0m[0m egress                 = [
          [31m-[0m[0m {
              [31m-[0m[0m cidr_blocks      = [
                  [31m-[0m[0m "0.0.0.0/0",
                ]
              [31m-[0m[0m from_port        = 0
              [31m-[0m[0m ipv6_cidr_blocks = []
              [31m-[0m[0m prefix_list_ids  = []
              [31m-[0m[0m protocol         = "-1"
              [31m-[0m[0m security_groups  = []
              [31m-[0m[0m self             = false
              [31m-[0m[0m to_port          = 0
                [90m# (1 unchanged attribute hidden)[0m[0m
            },
        ] [90m-> null[0m[0m
      [31m-[0m[0m id                     = "sg-039f8d8ce1d6cf9bf" [90m-> null[0m[0m
      [31m-[0m[0m ingress                = [
          [31m-[0m[0m {
              [31m-[0m[0m cidr_blocks      = [
                  [31m-[0m[0m "0.0.0.0/0",
                ]
              [31m-[0m[0m from_port        = 22
              [31m-[0m[0m ipv6_cidr_blocks = []
              [31m-[0m[0m prefix_list_ids  = []
              [31m-[0m[0m protocol         = "tcp"
              [31m-[0m[0m security_groups  = []
              [31m-[0m[0m self             = false
              [31m-[0m[0m to_port          = 22
                [90m# (1 unchanged attribute hidden)[0m[0m
            },
          [31m-[0m[0m {
              [31m-[0m[0m cidr_blocks      = [
                  [31m-[0m[0m "0.0.0.0/0",
                ]
              [31m-[0m[0m from_port        = 7001
              [31m-[0m[0m ipv6_cidr_blocks = []
              [31m-[0m[0m prefix_list_ids  = []
              [31m-[0m[0m protocol         = "udp"
              [31m-[0m[0m security_groups  = []
              [31m-[0m[0m self             = false
              [31m-[0m[0m to_port          = 7001
                [90m# (1 unchanged attribute hidden)[0m[0m
            },
          [31m-[0m[0m {
              [31m-[0m[0m cidr_blocks      = [
                  [31m-[0m[0m "0.0.0.0/0",
                ]
              [31m-[0m[0m from_port        = 8001
              [31m-[0m[0m ipv6_cidr_blocks = []
              [31m-[0m[0m prefix_list_ids  = []
              [31m-[0m[0m protocol         = "tcp"
              [31m-[0m[0m security_groups  = []
              [31m-[0m[0m self             = false
              [31m-[0m[0m to_port          = 8001
                [90m# (1 unchanged attribute hidden)[0m[0m
            },
          [31m-[0m[0m {
              [31m-[0m[0m cidr_blocks      = [
                  [31m-[0m[0m "0.0.0.0/0",
                ]
              [31m-[0m[0m from_port        = 9001
              [31m-[0m[0m ipv6_cidr_blocks = []
              [31m-[0m[0m prefix_list_ids  = []
              [31m-[0m[0m protocol         = "tcp"
              [31m-[0m[0m security_groups  = []
              [31m-[0m[0m self             = false
              [31m-[0m[0m to_port          = 9001
                [90m# (1 unchanged attribute hidden)[0m[0m
            },
        ] [90m-> null[0m[0m
      [31m-[0m[0m name                   = "raft-quic-node2" [90m-> null[0m[0m
      [31m-[0m[0m owner_id               = "560449670342" [90m-> null[0m[0m
      [31m-[0m[0m revoke_rules_on_delete = false [90m-> null[0m[0m
      [31m-[0m[0m tags                   = {
          [31m-[0m[0m "Node"    = "node2"
          [31m-[0m[0m "Project" = "raft-quic"
        } [90m-> null[0m[0m
      [31m-[0m[0m tags_all               = {
          [31m-[0m[0m "Node"    = "node2"
          [31m-[0m[0m "Project" = "raft-quic"
        } [90m-> null[0m[0m
      [31m-[0m[0m vpc_id                 = "vpc-0d14d4388abbe65e8" [90m-> null[0m[0m
        [90m# (1 unchanged attribute hidden)[0m[0m
    }

[1m  # module.node[2].aws_iam_instance_profile.raft_ssm[0m will be [1m[31mdestroyed[0m
[0m  [31m-[0m[0m resource "aws_iam_instance_profile" "raft_ssm" {
      [31m-[0m[0m arn         = "arn:aws:iam::560449670342:instance-profile/raft-quic-same-ssm-node3" [90m-> null[0m[0m
      [31m-[0m[0m create_date = "2026-04-20T06:24:09Z" [90m-> null[0m[0m
      [31m-[0m[0m id          = "raft-quic-same-ssm-node3" [90m-> null[0m[0m
      [31m-[0m[0m name        = "raft-quic-same-ssm-node3" [90m-> null[0m[0m
      [31m-[0m[0m path        = "/" [90m-> null[0m[0m
      [31m-[0m[0m role        = "raft-quic-same-ssm-node3" [90m-> null[0m[0m
      [31m-[0m[0m tags        = {} [90m-> null[0m[0m
      [31m-[0m[0m tags_all    = {} [90m-> null[0m[0m
      [31m-[0m[0m unique_id   = "AIPAYE7LHJTDJV3FA5QCB" [90m-> null[0m[0m
        [90m# (1 unchanged attribute hidden)[0m[0m
    }

[1m  # module.node[2].aws_iam_role.raft_ssm[0m will be [1m[31mdestroyed[0m
[0m  [31m-[0m[0m resource "aws_iam_role" "raft_ssm" {
      [31m-[0m[0m arn                   = "arn:aws:iam::560449670342:role/raft-quic-same-ssm-node3" [90m-> null[0m[0m
      [31m-[0m[0m assume_role_policy    = jsonencode(
            {
              [31m-[0m[0m Statement = [
                  [31m-[0m[0m {
                      [31m-[0m[0m Action    = "sts:AssumeRole"
                      [31m-[0m[0m Effect    = "Allow"
                      [31m-[0m[0m Principal = {
                          [31m-[0m[0m Service = "ec2.amazonaws.com"
                        }
                    },
                ]
              [31m-[0m[0m Version   = "2012-10-17"
            }
        ) [90m-> null[0m[0m
      [31m-[0m[0m create_date           = "2026-04-20T06:24:06Z" [90m-> null[0m[0m
      [31m-[0m[0m force_detach_policies = false [90m-> null[0m[0m
      [31m-[0m[0m id                    = "raft-quic-same-ssm-node3" [90m-> null[0m[0m
      [31m-[0m[0m managed_policy_arns   = [
          [31m-[0m[0m "arn:aws:iam::aws:policy/AmazonSSMManagedInstanceCore",
        ] [90m-> null[0m[0m
      [31m-[0m[0m max_session_duration  = 3600 [90m-> null[0m[0m
      [31m-[0m[0m name                  = "raft-quic-same-ssm-node3" [90m-> null[0m[0m
      [31m-[0m[0m path                  = "/" [90m-> null[0m[0m
      [31m-[0m[0m tags                  = {
          [31m-[0m[0m "Node"    = "node3"
          [31m-[0m[0m "Project" = "raft-quic"
        } [90m-> null[0m[0m
      [31m-[0m[0m tags_all              = {
          [31m-[0m[0m "Node"    = "node3"
          [31m-[0m[0m "Project" = "raft-quic"
        } [90m-> null[0m[0m
      [31m-[0m[0m unique_id             = "AROAYE7LHJTDKZPFFVDDN" [90m-> null[0m[0m
        [90m# (3 unchanged attributes hidden)[0m[0m
    }

[1m  # module.node[2].aws_iam_role_policy_attachment.ssm_core[0m will be [1m[31mdestroyed[0m
[0m  [31m-[0m[0m resource "aws_iam_role_policy_attachment" "ssm_core" {
      [31m-[0m[0m id         = "raft-quic-same-ssm-node3-20260420062411305400000006" [90m-> null[0m[0m
      [31m-[0m[0m policy_arn = "arn:aws:iam::aws:policy/AmazonSSMManagedInstanceCore" [90m-> null[0m[0m
      [31m-[0m[0m role       = "raft-quic-same-ssm-node3" [90m-> null[0m[0m
    }

[1m  # module.node[2].aws_instance.node[0m will be [1m[31mdestroyed[0m
[0m  [31m-[0m[0m resource "aws_instance" "node" {
      [31m-[0m[0m ami                                  = "ami-0102a36b3e9d5e4df" [90m-> null[0m[0m
      [31m-[0m[0m arn                                  = "arn:aws:ec2:us-east-1:560449670342:instance/i-0728bd73e9953965c" [90m-> null[0m[0m
      [31m-[0m[0m associate_public_ip_address          = true [90m-> null[0m[0m
      [31m-[0m[0m availability_zone                    = "us-east-1d" [90m-> null[0m[0m
      [31m-[0m[0m cpu_core_count                       = 1 [90m-> null[0m[0m
      [31m-[0m[0m cpu_threads_per_core                 = 2 [90m-> null[0m[0m
      [31m-[0m[0m disable_api_stop                     = false [90m-> null[0m[0m
      [31m-[0m[0m disable_api_termination              = false [90m-> null[0m[0m
      [31m-[0m[0m ebs_optimized                        = false [90m-> null[0m[0m
      [31m-[0m[0m get_password_data                    = false [90m-> null[0m[0m
      [31m-[0m[0m hibernation                          = false [90m-> null[0m[0m
      [31m-[0m[0m iam_instance_profile                 = "raft-quic-same-ssm-node3" [90m-> null[0m[0m
      [31m-[0m[0m id                                   = "i-0728bd73e9953965c" [90m-> null[0m[0m
      [31m-[0m[0m instance_initiated_shutdown_behavior = "stop" [90m-> null[0m[0m
      [31m-[0m[0m instance_state                       = "running" [90m-> null[0m[0m
      [31m-[0m[0m instance_type                        = "t3.micro" [90m-> null[0m[0m
      [31m-[0m[0m ipv6_address_count                   = 0 [90m-> null[0m[0m
      [31m-[0m[0m ipv6_addresses                       = [] [90m-> null[0m[0m
      [31m-[0m[0m key_name                             = "raft-quic-same-node3" [90m-> null[0m[0m
      [31m-[0m[0m monitoring                           = false [90m-> null[0m[0m
      [31m-[0m[0m placement_partition_number           = 0 [90m-> null[0m[0m
      [31m-[0m[0m primary_network_interface_id         = "eni-07baeda1e890c1a1f" [90m-> null[0m[0m
      [31m-[0m[0m private_dns                          = "ip-172-31-35-30.ec2.internal" [90m-> null[0m[0m
      [31m-[0m[0m private_ip                           = "172.31.35.30" [90m-> null[0m[0m
      [31m-[0m[0m public_dns                           = "ec2-100-30-233-76.compute-1.amazonaws.com" [90m-> null[0m[0m
      [31m-[0m[0m public_ip                            = "100.30.233.76" [90m-> null[0m[0m
      [31m-[0m[0m secondary_private_ips                = [] [90m-> null[0m[0m
      [31m-[0m[0m security_groups                      = [
          [31m-[0m[0m "raft-quic-node3",
        ] [90m-> null[0m[0m
      [31m-[0m[0m source_dest_check                    = true [90m-> null[0m[0m
      [31m-[0m[0m subnet_id                            = "subnet-055764690b8558cd1" [90m-> null[0m[0m
      [31m-[0m[0m tags                                 = {
          [31m-[0m[0m "Name"    = "raft-quic-node3"
          [31m-[0m[0m "Node"    = "node3"
          [31m-[0m[0m "Project" = "raft-quic"
        } [90m-> null[0m[0m
      [31m-[0m[0m tags_all                             = {
          [31m-[0m[0m "Name"    = "raft-quic-node3"
          [31m-[0m[0m "Node"    = "node3"
          [31m-[0m[0m "Project" = "raft-quic"
        } [90m-> null[0m[0m
      [31m-[0m[0m tenancy                              = "default" [90m-> null[0m[0m
      [31m-[0m[0m user_data_replace_on_change          = false [90m-> null[0m[0m
      [31m-[0m[0m vpc_security_group_ids               = [
          [31m-[0m[0m "sg-04e6bc8929abe4e71",
        ] [90m-> null[0m[0m
        [90m# (6 unchanged attributes hidden)[0m[0m

      [31m-[0m[0m capacity_reservation_specification {
          [31m-[0m[0m capacity_reservation_preference = "open" [90m-> null[0m[0m
        }

      [31m-[0m[0m cpu_options {
          [31m-[0m[0m core_count       = 1 [90m-> null[0m[0m
          [31m-[0m[0m threads_per_core = 2 [90m-> null[0m[0m
            [90m# (1 unchanged attribute hidden)[0m[0m
        }

      [31m-[0m[0m credit_specification {
          [31m-[0m[0m cpu_credits = "unlimited" [90m-> null[0m[0m
        }

      [31m-[0m[0m enclave_options {
          [31m-[0m[0m enabled = false [90m-> null[0m[0m
        }

      [31m-[0m[0m maintenance_options {
          [31m-[0m[0m auto_recovery = "default" [90m-> null[0m[0m
        }

      [31m-[0m[0m metadata_options {
          [31m-[0m[0m http_endpoint               = "enabled" [90m-> null[0m[0m
          [31m-[0m[0m http_protocol_ipv6          = "disabled" [90m-> null[0m[0m
          [31m-[0m[0m http_put_response_hop_limit = 2 [90m-> null[0m[0m
          [31m-[0m[0m http_tokens                 = "required" [90m-> null[0m[0m
          [31m-[0m[0m instance_metadata_tags      = "disabled" [90m-> null[0m[0m
        }

      [31m-[0m[0m private_dns_name_options {
          [31m-[0m[0m enable_resource_name_dns_a_record    = false [90m-> null[0m[0m
          [31m-[0m[0m enable_resource_name_dns_aaaa_record = false [90m-> null[0m[0m
          [31m-[0m[0m hostname_type                        = "ip-name" [90m-> null[0m[0m
        }

      [31m-[0m[0m root_block_device {
          [31m-[0m[0m delete_on_termination = true [90m-> null[0m[0m
          [31m-[0m[0m device_name           = "/dev/xvda" [90m-> null[0m[0m
          [31m-[0m[0m encrypted             = false [90m-> null[0m[0m
          [31m-[0m[0m iops                  = 3000 [90m-> null[0m[0m
          [31m-[0m[0m tags                  = {} [90m-> null[0m[0m
          [31m-[0m[0m tags_all              = {} [90m-> null[0m[0m
          [31m-[0m[0m throughput            = 125 [90m-> null[0m[0m
          [31m-[0m[0m volume_id             = "vol-0d876cecabb92a303" [90m-> null[0m[0m
          [31m-[0m[0m volume_size           = 30 [90m-> null[0m[0m
          [31m-[0m[0m volume_type           = "gp3" [90m-> null[0m[0m
            [90m# (1 unchanged attribute hidden)[0m[0m
        }
    }

[1m  # module.node[2].aws_key_pair.raft[0m will be [1m[31mdestroyed[0m
[0m  [31m-[0m[0m resource "aws_key_pair" "raft" {
      [31m-[0m[0m arn             = "arn:aws:ec2:us-east-1:560449670342:key-pair/raft-quic-same-node3" [90m-> null[0m[0m
      [31m-[0m[0m fingerprint     = "cb:ba:c0:c9:76:23:c7:9b:80:52:cf:9e:32:c7:cf:03" [90m-> null[0m[0m
      [31m-[0m[0m id              = "raft-quic-same-node3" [90m-> null[0m[0m
      [31m-[0m[0m key_name        = "raft-quic-same-node3" [90m-> null[0m[0m
      [31m-[0m[0m key_pair_id     = "key-0e8b5790d502aefdb" [90m-> null[0m[0m
      [31m-[0m[0m key_type        = "rsa" [90m-> null[0m[0m
      [31m-[0m[0m public_key      = "ssh-rsa AAAAB3NzaC1yc2EAAAADAQABAAACAQCc8xKos1rDG5frZNinkAAmLxPy6XJaEom/i9HaAEDMTHEtTs38QCO4T7sULRIRUx6kpiI5WIDmYTIl8iMi0/CppqHjqeTxHDQvB+IAgU715uEtwBhU9sQAkRHFpr4g7XLqSGu+hlPy+XdraAsAT7vtPvLa7+HZGcujjqcrxk7N6PeOKQnQqZihLOhr47XG/Mwzrui0d10t1Xz9C13Te0aHcM9FXGJgPUwJSrk6cxypSkQVIQNwL1PnWD4B83/wmlTn5hC5EvxY3D/W3qbEZoFhgBkFQBB0bZV+yvrEHKcAdeeRVbBMa/gIIOoSDsTHszo5+5lNfBWzmFrkv8SjdWPT0reeV4Bj3nvppr0IyUmrHjdmCqr3u+AJc4vIh4R0tvhIQqSvo/mlNBmWsLNAhVX7/d6gTP6iC94RwgWrDuuBrXN+9bedyz9zTk3lnB18bGbAMulwKXOnJAJRg0WCRLGVEw6caW30NRxH+495glxddjhMYHzCjtOpFTiiQkm0kQLC4oCKNT5f6c3jgLAxsg0bk3GxiclON6Dw44lZnt3dItVRGtwsvSy5Kx4WHaoJVpe3AREfQJi+Vm5q5oPNO3Fb4nrJtnwWeJSMQbDGYkqfqUfn72MIbq3pkMno3z+/p5T9ksLyBms/ommULNcHbN91mwbAAheceEORdNaEM+7u+Q==" [90m-> null[0m[0m
      [31m-[0m[0m tags            = {
          [31m-[0m[0m "Node"    = "node3"
          [31m-[0m[0m "Project" = "raft-quic"
        } [90m-> null[0m[0m
      [31m-[0m[0m tags_all        = {
          [31m-[0m[0m "Node"    = "node3"
          [31m-[0m[0m "Project" = "raft-quic"
        } [90m-> null[0m[0m
        [90m# (1 unchanged attribute hidden)[0m[0m
    }

[1m  # module.node[2].aws_security_group.raft[0m will be [1m[31mdestroyed[0m
[0m  [31m-[0m[0m resource "aws_security_group" "raft" {
      [31m-[0m[0m arn                    = "arn:aws:ec2:us-east-1:560449670342:security-group/sg-04e6bc8929abe4e71" [90m-> null[0m[0m
      [31m-[0m[0m description            = "Raft-over-QUIC cluster node node3" [90m-> null[0m[0m
      [31m-[0m[0m egress                 = [
          [31m-[0m[0m {
              [31m-[0m[0m cidr_blocks      = [
                  [31m-[0m[0m "0.0.0.0/0",
                ]
              [31m-[0m[0m from_port        = 0
              [31m-[0m[0m ipv6_cidr_blocks = []
              [31m-[0m[0m prefix_list_ids  = []
              [31m-[0m[0m protocol         = "-1"
              [31m-[0m[0m security_groups  = []
              [31m-[0m[0m self             = false
              [31m-[0m[0m to_port          = 0
                [90m# (1 unchanged attribute hidden)[0m[0m
            },
        ] [90m-> null[0m[0m
      [31m-[0m[0m id                     = "sg-04e6bc8929abe4e71" [90m-> null[0m[0m
      [31m-[0m[0m ingress                = [
          [31m-[0m[0m {
              [31m-[0m[0m cidr_blocks      = [
                  [31m-[0m[0m "0.0.0.0/0",
                ]
              [31m-[0m[0m from_port        = 22
              [31m-[0m[0m ipv6_cidr_blocks = []
              [31m-[0m[0m prefix_list_ids  = []
              [31m-[0m[0m protocol         = "tcp"
              [31m-[0m[0m security_groups  = []
              [31m-[0m[0m self             = false
              [31m-[0m[0m to_port          = 22
                [90m# (1 unchanged attribute hidden)[0m[0m
            },
          [31m-[0m[0m {
              [31m-[0m[0m cidr_blocks      = [
                  [31m-[0m[0m "0.0.0.0/0",
                ]
              [31m-[0m[0m from_port        = 7001
              [31m-[0m[0m ipv6_cidr_blocks = []
              [31m-[0m[0m prefix_list_ids  = []
              [31m-[0m[0m protocol         = "udp"
              [31m-[0m[0m security_groups  = []
              [31m-[0m[0m self             = false
              [31m-[0m[0m to_port          = 7001
                [90m# (1 unchanged attribute hidden)[0m[0m
            },
          [31m-[0m[0m {
              [31m-[0m[0m cidr_blocks      = [
                  [31m-[0m[0m "0.0.0.0/0",
                ]
              [31m-[0m[0m from_port        = 8001
              [31m-[0m[0m ipv6_cidr_blocks = []
              [31m-[0m[0m prefix_list_ids  = []
              [31m-[0m[0m protocol         = "tcp"
              [31m-[0m[0m security_groups  = []
              [31m-[0m[0m self             = false
              [31m-[0m[0m to_port          = 8001
                [90m# (1 unchanged attribute hidden)[0m[0m
            },
          [31m-[0m[0m {
              [31m-[0m[0m cidr_blocks      = [
                  [31m-[0m[0m "0.0.0.0/0",
                ]
              [31m-[0m[0m from_port        = 9001
              [31m-[0m[0m ipv6_cidr_blocks = []
              [31m-[0m[0m prefix_list_ids  = []
              [31m-[0m[0m protocol         = "tcp"
              [31m-[0m[0m security_groups  = []
              [31m-[0m[0m self             = false
              [31m-[0m[0m to_port          = 9001
                [90m# (1 unchanged attribute hidden)[0m[0m
            },
        ] [90m-> null[0m[0m
      [31m-[0m[0m name                   = "raft-quic-node3" [90m-> null[0m[0m
      [31m-[0m[0m owner_id               = "560449670342" [90m-> null[0m[0m
      [31m-[0m[0m revoke_rules_on_delete = false [90m-> null[0m[0m
      [31m-[0m[0m tags                   = {
          [31m-[0m[0m "Node"    = "node3"
          [31m-[0m[0m "Project" = "raft-quic"
        } [90m-> null[0m[0m
      [31m-[0m[0m tags_all               = {
          [31m-[0m[0m "Node"    = "node3"
          [31m-[0m[0m "Project" = "raft-quic"
        } [90m-> null[0m[0m
      [31m-[0m[0m vpc_id                 = "vpc-0d14d4388abbe65e8" [90m-> null[0m[0m
        [90m# (1 unchanged attribute hidden)[0m[0m
    }

[1m  # module.node[3].aws_iam_instance_profile.raft_ssm[0m will be [1m[31mdestroyed[0m
[0m  [31m-[0m[0m resource "aws_iam_instance_profile" "raft_ssm" {
      [31m-[0m[0m arn         = "arn:aws:iam::560449670342:instance-profile/raft-quic-same-ssm-node4" [90m-> null[0m[0m
      [31m-[0m[0m create_date = "2026-04-20T06:24:09Z" [90m-> null[0m[0m
      [31m-[0m[0m id          = "raft-quic-same-ssm-node4" [90m-> null[0m[0m
      [31m-[0m[0m name        = "raft-quic-same-ssm-node4" [90m-> null[0m[0m
      [31m-[0m[0m path        = "/" [90m-> null[0m[0m
      [31m-[0m[0m role        = "raft-quic-same-ssm-node4" [90m-> null[0m[0m
      [31m-[0m[0m tags        = {} [90m-> null[0m[0m
      [31m-[0m[0m tags_all    = {} [90m-> null[0m[0m
      [31m-[0m[0m unique_id   = "AIPAYE7LHJTDJO5JRNBNG" [90m-> null[0m[0m
        [90m# (1 unchanged attribute hidden)[0m[0m
    }

[1m  # module.node[3].aws_iam_role.raft_ssm[0m will be [1m[31mdestroyed[0m
[0m  [31m-[0m[0m resource "aws_iam_role" "raft_ssm" {
      [31m-[0m[0m arn                   = "arn:aws:iam::560449670342:role/raft-quic-same-ssm-node4" [90m-> null[0m[0m
      [31m-[0m[0m assume_role_policy    = jsonencode(
            {
              [31m-[0m[0m Statement = [
                  [31m-[0m[0m {
                      [31m-[0m[0m Action    = "sts:AssumeRole"
                      [31m-[0m[0m Effect    = "Allow"
                      [31m-[0m[0m Principal = {
                          [31m-[0m[0m Service = "ec2.amazonaws.com"
                        }
                    },
                ]
              [31m-[0m[0m Version   = "2012-10-17"
            }
        ) [90m-> null[0m[0m
      [31m-[0m[0m create_date           = "2026-04-20T06:24:04Z" [90m-> null[0m[0m
      [31m-[0m[0m force_detach_policies = false [90m-> null[0m[0m
      [31m-[0m[0m id                    = "raft-quic-same-ssm-node4" [90m-> null[0m[0m
      [31m-[0m[0m managed_policy_arns   = [
          [31m-[0m[0m "arn:aws:iam::aws:policy/AmazonSSMManagedInstanceCore",
        ] [90m-> null[0m[0m
      [31m-[0m[0m max_session_duration  = 3600 [90m-> null[0m[0m
      [31m-[0m[0m name                  = "raft-quic-same-ssm-node4" [90m-> null[0m[0m
      [31m-[0m[0m path                  = "/" [90m-> null[0m[0m
      [31m-[0m[0m tags                  = {
          [31m-[0m[0m "Node"    = "node4"
          [31m-[0m[0m "Project" = "raft-quic"
        } [90m-> null[0m[0m
      [31m-[0m[0m tags_all              = {
          [31m-[0m[0m "Node"    = "node4"
          [31m-[0m[0m "Project" = "raft-quic"
        } [90m-> null[0m[0m
      [31m-[0m[0m unique_id             = "AROAYE7LHJTDGHIQNQJJG" [90m-> null[0m[0m
        [90m# (3 unchanged attributes hidden)[0m[0m
    }

[1m  # module.node[3].aws_iam_role_policy_attachment.ssm_core[0m will be [1m[31mdestroyed[0m
[0m  [31m-[0m[0m resource "aws_iam_role_policy_attachment" "ssm_core" {
      [31m-[0m[0m id         = "raft-quic-same-ssm-node4-20260420062410555200000003" [90m-> null[0m[0m
      [31m-[0m[0m policy_arn = "arn:aws:iam::aws:policy/AmazonSSMManagedInstanceCore" [90m-> null[0m[0m
      [31m-[0m[0m role       = "raft-quic-same-ssm-node4" [90m-> null[0m[0m
    }

[1m  # module.node[3].aws_instance.node[0m will be [1m[31mdestroyed[0m
[0m  [31m-[0m[0m resource "aws_instance" "node" {
      [31m-[0m[0m ami                                  = "ami-0102a36b3e9d5e4df" [90m-> null[0m[0m
      [31m-[0m[0m arn                                  = "arn:aws:ec2:us-east-1:560449670342:instance/i-0ce06ec54f785ef13" [90m-> null[0m[0m
      [31m-[0m[0m associate_public_ip_address          = true [90m-> null[0m[0m
      [31m-[0m[0m availability_zone                    = "us-east-1d" [90m-> null[0m[0m
      [31m-[0m[0m cpu_core_count                       = 1 [90m-> null[0m[0m
      [31m-[0m[0m cpu_threads_per_core                 = 2 [90m-> null[0m[0m
      [31m-[0m[0m disable_api_stop                     = false [90m-> null[0m[0m
      [31m-[0m[0m disable_api_termination              = false [90m-> null[0m[0m
      [31m-[0m[0m ebs_optimized                        = false [90m-> null[0m[0m
      [31m-[0m[0m get_password_data                    = false [90m-> null[0m[0m
      [31m-[0m[0m hibernation                          = false [90m-> null[0m[0m
      [31m-[0m[0m iam_instance_profile                 = "raft-quic-same-ssm-node4" [90m-> null[0m[0m
      [31m-[0m[0m id                                   = "i-0ce06ec54f785ef13" [90m-> null[0m[0m
      [31m-[0m[0m instance_initiated_shutdown_behavior = "stop" [90m-> null[0m[0m
      [31m-[0m[0m instance_state                       = "running" [90m-> null[0m[0m
      [31m-[0m[0m instance_type                        = "t3.micro" [90m-> null[0m[0m
      [31m-[0m[0m ipv6_address_count                   = 0 [90m-> null[0m[0m
      [31m-[0m[0m ipv6_addresses                       = [] [90m-> null[0m[0m
      [31m-[0m[0m key_name                             = "raft-quic-same-node4" [90m-> null[0m[0m
      [31m-[0m[0m monitoring                           = false [90m-> null[0m[0m
      [31m-[0m[0m placement_partition_number           = 0 [90m-> null[0m[0m
      [31m-[0m[0m primary_network_interface_id         = "eni-074c5094d39617852" [90m-> null[0m[0m
      [31m-[0m[0m private_dns                          = "ip-172-31-36-224.ec2.internal" [90m-> null[0m[0m
      [31m-[0m[0m private_ip                           = "172.31.36.224" [90m-> null[0m[0m
      [31m-[0m[0m public_dns                           = "ec2-3-85-217-184.compute-1.amazonaws.com" [90m-> null[0m[0m
      [31m-[0m[0m public_ip                            = "3.85.217.184" [90m-> null[0m[0m
      [31m-[0m[0m secondary_private_ips                = [] [90m-> null[0m[0m
      [31m-[0m[0m security_groups                      = [
          [31m-[0m[0m "raft-quic-node4",
        ] [90m-> null[0m[0m
      [31m-[0m[0m source_dest_check                    = true [90m-> null[0m[0m
      [31m-[0m[0m subnet_id                            = "subnet-055764690b8558cd1" [90m-> null[0m[0m
      [31m-[0m[0m tags                                 = {
          [31m-[0m[0m "Name"    = "raft-quic-node4"
          [31m-[0m[0m "Node"    = "node4"
          [31m-[0m[0m "Project" = "raft-quic"
        } [90m-> null[0m[0m
      [31m-[0m[0m tags_all                             = {
          [31m-[0m[0m "Name"    = "raft-quic-node4"
          [31m-[0m[0m "Node"    = "node4"
          [31m-[0m[0m "Project" = "raft-quic"
        } [90m-> null[0m[0m
      [31m-[0m[0m tenancy                              = "default" [90m-> null[0m[0m
      [31m-[0m[0m user_data_replace_on_change          = false [90m-> null[0m[0m
      [31m-[0m[0m vpc_security_group_ids               = [
          [31m-[0m[0m "sg-0d649ec24b1238fbe",
        ] [90m-> null[0m[0m
        [90m# (6 unchanged attributes hidden)[0m[0m

      [31m-[0m[0m capacity_reservation_specification {
          [31m-[0m[0m capacity_reservation_preference = "open" [90m-> null[0m[0m
        }

      [31m-[0m[0m cpu_options {
          [31m-[0m[0m core_count       = 1 [90m-> null[0m[0m
          [31m-[0m[0m threads_per_core = 2 [90m-> null[0m[0m
            [90m# (1 unchanged attribute hidden)[0m[0m
        }

      [31m-[0m[0m credit_specification {
          [31m-[0m[0m cpu_credits = "unlimited" [90m-> null[0m[0m
        }

      [31m-[0m[0m enclave_options {
          [31m-[0m[0m enabled = false [90m-> null[0m[0m
        }

      [31m-[0m[0m maintenance_options {
          [31m-[0m[0m auto_recovery = "default" [90m-> null[0m[0m
        }

      [31m-[0m[0m metadata_options {
          [31m-[0m[0m http_endpoint               = "enabled" [90m-> null[0m[0m
          [31m-[0m[0m http_protocol_ipv6          = "disabled" [90m-> null[0m[0m
          [31m-[0m[0m http_put_response_hop_limit = 2 [90m-> null[0m[0m
          [31m-[0m[0m http_tokens                 = "required" [90m-> null[0m[0m
          [31m-[0m[0m instance_metadata_tags      = "disabled" [90m-> null[0m[0m
        }

      [31m-[0m[0m private_dns_name_options {
          [31m-[0m[0m enable_resource_name_dns_a_record    = false [90m-> null[0m[0m
          [31m-[0m[0m enable_resource_name_dns_aaaa_record = false [90m-> null[0m[0m
          [31m-[0m[0m hostname_type                        = "ip-name" [90m-> null[0m[0m
        }

      [31m-[0m[0m root_block_device {
          [31m-[0m[0m delete_on_termination = true [90m-> null[0m[0m
          [31m-[0m[0m device_name           = "/dev/xvda" [90m-> null[0m[0m
          [31m-[0m[0m encrypted             = false [90m-> null[0m[0m
          [31m-[0m[0m iops                  = 3000 [90m-> null[0m[0m
          [31m-[0m[0m tags                  = {} [90m-> null[0m[0m
          [31m-[0m[0m tags_all              = {} [90m-> null[0m[0m
          [31m-[0m[0m throughput            = 125 [90m-> null[0m[0m
          [31m-[0m[0m volume_id             = "vol-03b9bfd039ebe4f35" [90m-> null[0m[0m
          [31m-[0m[0m volume_size           = 30 [90m-> null[0m[0m
          [31m-[0m[0m volume_type           = "gp3" [90m-> null[0m[0m
            [90m# (1 unchanged attribute hidden)[0m[0m
        }
    }

[1m  # module.node[3].aws_key_pair.raft[0m will be [1m[31mdestroyed[0m
[0m  [31m-[0m[0m resource "aws_key_pair" "raft" {
      [31m-[0m[0m arn             = "arn:aws:ec2:us-east-1:560449670342:key-pair/raft-quic-same-node4" [90m-> null[0m[0m
      [31m-[0m[0m fingerprint     = "cb:ba:c0:c9:76:23:c7:9b:80:52:cf:9e:32:c7:cf:03" [90m-> null[0m[0m
      [31m-[0m[0m id              = "raft-quic-same-node4" [90m-> null[0m[0m
      [31m-[0m[0m key_name        = "raft-quic-same-node4" [90m-> null[0m[0m
      [31m-[0m[0m key_pair_id     = "key-0b3811c37069e5d23" [90m-> null[0m[0m
      [31m-[0m[0m key_type        = "rsa" [90m-> null[0m[0m
      [31m-[0m[0m public_key      = "ssh-rsa AAAAB3NzaC1yc2EAAAADAQABAAACAQCc8xKos1rDG5frZNinkAAmLxPy6XJaEom/i9HaAEDMTHEtTs38QCO4T7sULRIRUx6kpiI5WIDmYTIl8iMi0/CppqHjqeTxHDQvB+IAgU715uEtwBhU9sQAkRHFpr4g7XLqSGu+hlPy+XdraAsAT7vtPvLa7+HZGcujjqcrxk7N6PeOKQnQqZihLOhr47XG/Mwzrui0d10t1Xz9C13Te0aHcM9FXGJgPUwJSrk6cxypSkQVIQNwL1PnWD4B83/wmlTn5hC5EvxY3D/W3qbEZoFhgBkFQBB0bZV+yvrEHKcAdeeRVbBMa/gIIOoSDsTHszo5+5lNfBWzmFrkv8SjdWPT0reeV4Bj3nvppr0IyUmrHjdmCqr3u+AJc4vIh4R0tvhIQqSvo/mlNBmWsLNAhVX7/d6gTP6iC94RwgWrDuuBrXN+9bedyz9zTk3lnB18bGbAMulwKXOnJAJRg0WCRLGVEw6caW30NRxH+495glxddjhMYHzCjtOpFTiiQkm0kQLC4oCKNT5f6c3jgLAxsg0bk3GxiclON6Dw44lZnt3dItVRGtwsvSy5Kx4WHaoJVpe3AREfQJi+Vm5q5oPNO3Fb4nrJtnwWeJSMQbDGYkqfqUfn72MIbq3pkMno3z+/p5T9ksLyBms/ommULNcHbN91mwbAAheceEORdNaEM+7u+Q==" [90m-> null[0m[0m
      [31m-[0m[0m tags            = {
          [31m-[0m[0m "Node"    = "node4"
          [31m-[0m[0m "Project" = "raft-quic"
        } [90m-> null[0m[0m
      [31m-[0m[0m tags_all        = {
          [31m-[0m[0m "Node"    = "node4"
          [31m-[0m[0m "Project" = "raft-quic"
        } [90m-> null[0m[0m
        [90m# (1 unchanged attribute hidden)[0m[0m
    }

[1m  # module.node[3].aws_security_group.raft[0m will be [1m[31mdestroyed[0m
[0m  [31m-[0m[0m resource "aws_security_group" "raft" {
      [31m-[0m[0m arn                    = "arn:aws:ec2:us-east-1:560449670342:security-group/sg-0d649ec24b1238fbe" [90m-> null[0m[0m
      [31m-[0m[0m description            = "Raft-over-QUIC cluster node node4" [90m-> null[0m[0m
      [31m-[0m[0m egress                 = [
          [31m-[0m[0m {
              [31m-[0m[0m cidr_blocks      = [
                  [31m-[0m[0m "0.0.0.0/0",
                ]
              [31m-[0m[0m from_port        = 0
              [31m-[0m[0m ipv6_cidr_blocks = []
              [31m-[0m[0m prefix_list_ids  = []
              [31m-[0m[0m protocol         = "-1"
              [31m-[0m[0m security_groups  = []
              [31m-[0m[0m self             = false
              [31m-[0m[0m to_port          = 0
                [90m# (1 unchanged attribute hidden)[0m[0m
            },
        ] [90m-> null[0m[0m
      [31m-[0m[0m id                     = "sg-0d649ec24b1238fbe" [90m-> null[0m[0m
      [31m-[0m[0m ingress                = [
          [31m-[0m[0m {
              [31m-[0m[0m cidr_blocks      = [
                  [31m-[0m[0m "0.0.0.0/0",
                ]
              [31m-[0m[0m from_port        = 22
              [31m-[0m[0m ipv6_cidr_blocks = []
              [31m-[0m[0m prefix_list_ids  = []
              [31m-[0m[0m protocol         = "tcp"
              [31m-[0m[0m security_groups  = []
              [31m-[0m[0m self             = false
              [31m-[0m[0m to_port          = 22
                [90m# (1 unchanged attribute hidden)[0m[0m
            },
          [31m-[0m[0m {
              [31m-[0m[0m cidr_blocks      = [
                  [31m-[0m[0m "0.0.0.0/0",
                ]
              [31m-[0m[0m from_port        = 7001
              [31m-[0m[0m ipv6_cidr_blocks = []
              [31m-[0m[0m prefix_list_ids  = []
              [31m-[0m[0m protocol         = "udp"
              [31m-[0m[0m security_groups  = []
              [31m-[0m[0m self             = false
              [31m-[0m[0m to_port          = 7001
                [90m# (1 unchanged attribute hidden)[0m[0m
            },
          [31m-[0m[0m {
              [31m-[0m[0m cidr_blocks      = [
                  [31m-[0m[0m "0.0.0.0/0",
                ]
              [31m-[0m[0m from_port        = 8001
              [31m-[0m[0m ipv6_cidr_blocks = []
              [31m-[0m[0m prefix_list_ids  = []
              [31m-[0m[0m protocol         = "tcp"
              [31m-[0m[0m security_groups  = []
              [31m-[0m[0m self             = false
              [31m-[0m[0m to_port          = 8001
                [90m# (1 unchanged attribute hidden)[0m[0m
            },
          [31m-[0m[0m {
              [31m-[0m[0m cidr_blocks      = [
                  [31m-[0m[0m "0.0.0.0/0",
                ]
              [31m-[0m[0m from_port        = 9001
              [31m-[0m[0m ipv6_cidr_blocks = []
              [31m-[0m[0m prefix_list_ids  = []
              [31m-[0m[0m protocol         = "tcp"
              [31m-[0m[0m security_groups  = []
              [31m-[0m[0m self             = false
              [31m-[0m[0m to_port          = 9001
                [90m# (1 unchanged attribute hidden)[0m[0m
            },
        ] [90m-> null[0m[0m
      [31m-[0m[0m name                   = "raft-quic-node4" [90m-> null[0m[0m
      [31m-[0m[0m owner_id               = "560449670342" [90m-> null[0m[0m
      [31m-[0m[0m revoke_rules_on_delete = false [90m-> null[0m[0m
      [31m-[0m[0m tags                   = {
          [31m-[0m[0m "Node"    = "node4"
          [31m-[0m[0m "Project" = "raft-quic"
        } [90m-> null[0m[0m
      [31m-[0m[0m tags_all               = {
          [31m-[0m[0m "Node"    = "node4"
          [31m-[0m[0m "Project" = "raft-quic"
        } [90m-> null[0m[0m
      [31m-[0m[0m vpc_id                 = "vpc-0d14d4388abbe65e8" [90m-> null[0m[0m
        [90m# (1 unchanged attribute hidden)[0m[0m
    }

[1m  # module.node[4].aws_iam_instance_profile.raft_ssm[0m will be [1m[31mdestroyed[0m
[0m  [31m-[0m[0m resource "aws_iam_instance_profile" "raft_ssm" {
      [31m-[0m[0m arn         = "arn:aws:iam::560449670342:instance-profile/raft-quic-same-ssm-node5" [90m-> null[0m[0m
      [31m-[0m[0m create_date = "2026-04-20T06:24:09Z" [90m-> null[0m[0m
      [31m-[0m[0m id          = "raft-quic-same-ssm-node5" [90m-> null[0m[0m
      [31m-[0m[0m name        = "raft-quic-same-ssm-node5" [90m-> null[0m[0m
      [31m-[0m[0m path        = "/" [90m-> null[0m[0m
      [31m-[0m[0m role        = "raft-quic-same-ssm-node5" [90m-> null[0m[0m
      [31m-[0m[0m tags        = {} [90m-> null[0m[0m
      [31m-[0m[0m tags_all    = {} [90m-> null[0m[0m
      [31m-[0m[0m unique_id   = "AIPAYE7LHJTDKKRM37ZVX" [90m-> null[0m[0m
        [90m# (1 unchanged attribute hidden)[0m[0m
    }

[1m  # module.node[4].aws_iam_role.raft_ssm[0m will be [1m[31mdestroyed[0m
[0m  [31m-[0m[0m resource "aws_iam_role" "raft_ssm" {
      [31m-[0m[0m arn                   = "arn:aws:iam::560449670342:role/raft-quic-same-ssm-node5" [90m-> null[0m[0m
      [31m-[0m[0m assume_role_policy    = jsonencode(
            {
              [31m-[0m[0m Statement = [
                  [31m-[0m[0m {
                      [31m-[0m[0m Action    = "sts:AssumeRole"
                      [31m-[0m[0m Effect    = "Allow"
                      [31m-[0m[0m Principal = {
                          [31m-[0m[0m Service = "ec2.amazonaws.com"
                        }
                    },
                ]
              [31m-[0m[0m Version   = "2012-10-17"
            }
        ) [90m-> null[0m[0m
      [31m-[0m[0m create_date           = "2026-04-20T06:24:06Z" [90m-> null[0m[0m
      [31m-[0m[0m force_detach_policies = false [90m-> null[0m[0m
      [31m-[0m[0m id                    = "raft-quic-same-ssm-node5" [90m-> null[0m[0m
      [31m-[0m[0m managed_policy_arns   = [
          [31m-[0m[0m "arn:aws:iam::aws:policy/AmazonSSMManagedInstanceCore",
        ] [90m-> null[0m[0m
      [31m-[0m[0m max_session_duration  = 3600 [90m-> null[0m[0m
      [31m-[0m[0m name                  = "raft-quic-same-ssm-node5" [90m-> null[0m[0m
      [31m-[0m[0m path                  = "/" [90m-> null[0m[0m
      [31m-[0m[0m tags                  = {
          [31m-[0m[0m "Node"    = "node5"
          [31m-[0m[0m "Project" = "raft-quic"
        } [90m-> null[0m[0m
      [31m-[0m[0m tags_all              = {
          [31m-[0m[0m "Node"    = "node5"
          [31m-[0m[0m "Project" = "raft-quic"
        } [90m-> null[0m[0m
      [31m-[0m[0m unique_id             = "AROAYE7LHJTDJMI6ZFMO5" [90m-> null[0m[0m
        [90m# (3 unchanged attributes hidden)[0m[0m
    }

[1m  # module.node[4].aws_iam_role_policy_attachment.ssm_core[0m will be [1m[31mdestroyed[0m
[0m  [31m-[0m[0m resource "aws_iam_role_policy_attachment" "ssm_core" {
      [31m-[0m[0m id         = "raft-quic-same-ssm-node5-20260420062409951200000001" [90m-> null[0m[0m
      [31m-[0m[0m policy_arn = "arn:aws:iam::aws:policy/AmazonSSMManagedInstanceCore" [90m-> null[0m[0m
      [31m-[0m[0m role       = "raft-quic-same-ssm-node5" [90m-> null[0m[0m
    }

[1m  # module.node[4].aws_instance.node[0m will be [1m[31mdestroyed[0m
[0m  [31m-[0m[0m resource "aws_instance" "node" {
      [31m-[0m[0m ami                                  = "ami-0102a36b3e9d5e4df" [90m-> null[0m[0m
      [31m-[0m[0m arn                                  = "arn:aws:ec2:us-east-1:560449670342:instance/i-05ba1e40898c8cbf0" [90m-> null[0m[0m
      [31m-[0m[0m associate_public_ip_address          = true [90m-> null[0m[0m
      [31m-[0m[0m availability_zone                    = "us-east-1d" [90m-> null[0m[0m
      [31m-[0m[0m cpu_core_count                       = 1 [90m-> null[0m[0m
      [31m-[0m[0m cpu_threads_per_core                 = 2 [90m-> null[0m[0m
      [31m-[0m[0m disable_api_stop                     = false [90m-> null[0m[0m
      [31m-[0m[0m disable_api_termination              = false [90m-> null[0m[0m
      [31m-[0m[0m ebs_optimized                        = false [90m-> null[0m[0m
      [31m-[0m[0m get_password_data                    = false [90m-> null[0m[0m
      [31m-[0m[0m hibernation                          = false [90m-> null[0m[0m
      [31m-[0m[0m iam_instance_profile                 = "raft-quic-same-ssm-node5" [90m-> null[0m[0m
      [31m-[0m[0m id                                   = "i-05ba1e40898c8cbf0" [90m-> null[0m[0m
      [31m-[0m[0m instance_initiated_shutdown_behavior = "stop" [90m-> null[0m[0m
      [31m-[0m[0m instance_state                       = "running" [90m-> null[0m[0m
      [31m-[0m[0m instance_type                        = "t3.micro" [90m-> null[0m[0m
      [31m-[0m[0m ipv6_address_count                   = 0 [90m-> null[0m[0m
      [31m-[0m[0m ipv6_addresses                       = [] [90m-> null[0m[0m
      [31m-[0m[0m key_name                             = "raft-quic-same-node5" [90m-> null[0m[0m
      [31m-[0m[0m monitoring                           = false [90m-> null[0m[0m
      [31m-[0m[0m placement_partition_number           = 0 [90m-> null[0m[0m
      [31m-[0m[0m primary_network_interface_id         = "eni-02477e66de4890195" [90m-> null[0m[0m
      [31m-[0m[0m private_dns                          = "ip-172-31-36-25.ec2.internal" [90m-> null[0m[0m
      [31m-[0m[0m private_ip                           = "172.31.36.25" [90m-> null[0m[0m
      [31m-[0m[0m public_dns                           = "ec2-18-209-29-176.compute-1.amazonaws.com" [90m-> null[0m[0m
      [31m-[0m[0m public_ip                            = "18.209.29.176" [90m-> null[0m[0m
      [31m-[0m[0m secondary_private_ips                = [] [90m-> null[0m[0m
      [31m-[0m[0m security_groups                      = [
          [31m-[0m[0m "raft-quic-node5",
        ] [90m-> null[0m[0m
      [31m-[0m[0m source_dest_check                    = true [90m-> null[0m[0m
      [31m-[0m[0m subnet_id                            = "subnet-055764690b8558cd1" [90m-> null[0m[0m
      [31m-[0m[0m tags                                 = {
          [31m-[0m[0m "Name"    = "raft-quic-node5"
          [31m-[0m[0m "Node"    = "node5"
          [31m-[0m[0m "Project" = "raft-quic"
        } [90m-> null[0m[0m
      [31m-[0m[0m tags_all                             = {
          [31m-[0m[0m "Name"    = "raft-quic-node5"
          [31m-[0m[0m "Node"    = "node5"
          [31m-[0m[0m "Project" = "raft-quic"
        } [90m-> null[0m[0m
      [31m-[0m[0m tenancy                              = "default" [90m-> null[0m[0m
      [31m-[0m[0m user_data_replace_on_change          = false [90m-> null[0m[0m
      [31m-[0m[0m vpc_security_group_ids               = [
          [31m-[0m[0m "sg-0735459ae69816cbf",
        ] [90m-> null[0m[0m
        [90m# (6 unchanged attributes hidden)[0m[0m

      [31m-[0m[0m capacity_reservation_specification {
          [31m-[0m[0m capacity_reservation_preference = "open" [90m-> null[0m[0m
        }

      [31m-[0m[0m cpu_options {
          [31m-[0m[0m core_count       = 1 [90m-> null[0m[0m
          [31m-[0m[0m threads_per_core = 2 [90m-> null[0m[0m
            [90m# (1 unchanged attribute hidden)[0m[0m
        }

      [31m-[0m[0m credit_specification {
          [31m-[0m[0m cpu_credits = "unlimited" [90m-> null[0m[0m
        }

      [31m-[0m[0m enclave_options {
          [31m-[0m[0m enabled = false [90m-> null[0m[0m
        }

      [31m-[0m[0m maintenance_options {
          [31m-[0m[0m auto_recovery = "default" [90m-> null[0m[0m
        }

      [31m-[0m[0m metadata_options {
          [31m-[0m[0m http_endpoint               = "enabled" [90m-> null[0m[0m
          [31m-[0m[0m http_protocol_ipv6          = "disabled" [90m-> null[0m[0m
          [31m-[0m[0m http_put_response_hop_limit = 2 [90m-> null[0m[0m
          [31m-[0m[0m http_tokens                 = "required" [90m-> null[0m[0m
          [31m-[0m[0m instance_metadata_tags      = "disabled" [90m-> null[0m[0m
        }

      [31m-[0m[0m private_dns_name_options {
          [31m-[0m[0m enable_resource_name_dns_a_record    = false [90m-> null[0m[0m
          [31m-[0m[0m enable_resource_name_dns_aaaa_record = false [90m-> null[0m[0m
          [31m-[0m[0m hostname_type                        = "ip-name" [90m-> null[0m[0m
        }

      [31m-[0m[0m root_block_device {
          [31m-[0m[0m delete_on_termination = true [90m-> null[0m[0m
          [31m-[0m[0m device_name           = "/dev/xvda" [90m-> null[0m[0m
          [31m-[0m[0m encrypted             = false [90m-> null[0m[0m
          [31m-[0m[0m iops                  = 3000 [90m-> null[0m[0m
          [31m-[0m[0m tags                  = {} [90m-> null[0m[0m
          [31m-[0m[0m tags_all              = {} [90m-> null[0m[0m
          [31m-[0m[0m throughput            = 125 [90m-> null[0m[0m
          [31m-[0m[0m volume_id             = "vol-02f799e2ac894ac1e" [90m-> null[0m[0m
          [31m-[0m[0m volume_size           = 30 [90m-> null[0m[0m
          [31m-[0m[0m volume_type           = "gp3" [90m-> null[0m[0m
            [90m# (1 unchanged attribute hidden)[0m[0m
        }
    }

[1m  # module.node[4].aws_key_pair.raft[0m will be [1m[31mdestroyed[0m
[0m  [31m-[0m[0m resource "aws_key_pair" "raft" {
      [31m-[0m[0m arn             = "arn:aws:ec2:us-east-1:560449670342:key-pair/raft-quic-same-node5" [90m-> null[0m[0m
      [31m-[0m[0m fingerprint     = "cb:ba:c0:c9:76:23:c7:9b:80:52:cf:9e:32:c7:cf:03" [90m-> null[0m[0m
      [31m-[0m[0m id              = "raft-quic-same-node5" [90m-> null[0m[0m
      [31m-[0m[0m key_name        = "raft-quic-same-node5" [90m-> null[0m[0m
      [31m-[0m[0m key_pair_id     = "key-02032c3e5858110a6" [90m-> null[0m[0m
      [31m-[0m[0m key_type        = "rsa" [90m-> null[0m[0m
      [31m-[0m[0m public_key      = "ssh-rsa AAAAB3NzaC1yc2EAAAADAQABAAACAQCc8xKos1rDG5frZNinkAAmLxPy6XJaEom/i9HaAEDMTHEtTs38QCO4T7sULRIRUx6kpiI5WIDmYTIl8iMi0/CppqHjqeTxHDQvB+IAgU715uEtwBhU9sQAkRHFpr4g7XLqSGu+hlPy+XdraAsAT7vtPvLa7+HZGcujjqcrxk7N6PeOKQnQqZihLOhr47XG/Mwzrui0d10t1Xz9C13Te0aHcM9FXGJgPUwJSrk6cxypSkQVIQNwL1PnWD4B83/wmlTn5hC5EvxY3D/W3qbEZoFhgBkFQBB0bZV+yvrEHKcAdeeRVbBMa/gIIOoSDsTHszo5+5lNfBWzmFrkv8SjdWPT0reeV4Bj3nvppr0IyUmrHjdmCqr3u+AJc4vIh4R0tvhIQqSvo/mlNBmWsLNAhVX7/d6gTP6iC94RwgWrDuuBrXN+9bedyz9zTk3lnB18bGbAMulwKXOnJAJRg0WCRLGVEw6caW30NRxH+495glxddjhMYHzCjtOpFTiiQkm0kQLC4oCKNT5f6c3jgLAxsg0bk3GxiclON6Dw44lZnt3dItVRGtwsvSy5Kx4WHaoJVpe3AREfQJi+Vm5q5oPNO3Fb4nrJtnwWeJSMQbDGYkqfqUfn72MIbq3pkMno3z+/p5T9ksLyBms/ommULNcHbN91mwbAAheceEORdNaEM+7u+Q==" [90m-> null[0m[0m
      [31m-[0m[0m tags            = {
          [31m-[0m[0m "Node"    = "node5"
          [31m-[0m[0m "Project" = "raft-quic"
        } [90m-> null[0m[0m
      [31m-[0m[0m tags_all        = {
          [31m-[0m[0m "Node"    = "node5"
          [31m-[0m[0m "Project" = "raft-quic"
        } [90m-> null[0m[0m
        [90m# (1 unchanged attribute hidden)[0m[0m
    }

[1m  # module.node[4].aws_security_group.raft[0m will be [1m[31mdestroyed[0m
[0m  [31m-[0m[0m resource "aws_security_group" "raft" {
      [31m-[0m[0m arn                    = "arn:aws:ec2:us-east-1:560449670342:security-group/sg-0735459ae69816cbf" [90m-> null[0m[0m
      [31m-[0m[0m description            = "Raft-over-QUIC cluster node node5" [90m-> null[0m[0m
      [31m-[0m[0m egress                 = [
          [31m-[0m[0m {
              [31m-[0m[0m cidr_blocks      = [
                  [31m-[0m[0m "0.0.0.0/0",
                ]
              [31m-[0m[0m from_port        = 0
              [31m-[0m[0m ipv6_cidr_blocks = []
              [31m-[0m[0m prefix_list_ids  = []
              [31m-[0m[0m protocol         = "-1"
              [31m-[0m[0m security_groups  = []
              [31m-[0m[0m self             = false
              [31m-[0m[0m to_port          = 0
                [90m# (1 unchanged attribute hidden)[0m[0m
            },
        ] [90m-> null[0m[0m
      [31m-[0m[0m id                     = "sg-0735459ae69816cbf" [90m-> null[0m[0m
      [31m-[0m[0m ingress                = [
          [31m-[0m[0m {
              [31m-[0m[0m cidr_blocks      = [
                  [31m-[0m[0m "0.0.0.0/0",
                ]
              [31m-[0m[0m from_port        = 22
              [31m-[0m[0m ipv6_cidr_blocks = []
              [31m-[0m[0m prefix_list_ids  = []
              [31m-[0m[0m protocol         = "tcp"
              [31m-[0m[0m security_groups  = []
              [31m-[0m[0m self             = false
              [31m-[0m[0m to_port          = 22
                [90m# (1 unchanged attribute hidden)[0m[0m
            },
          [31m-[0m[0m {
              [31m-[0m[0m cidr_blocks      = [
                  [31m-[0m[0m "0.0.0.0/0",
                ]
              [31m-[0m[0m from_port        = 7001
              [31m-[0m[0m ipv6_cidr_blocks = []
              [31m-[0m[0m prefix_list_ids  = []
              [31m-[0m[0m protocol         = "udp"
              [31m-[0m[0m security_groups  = []
              [31m-[0m[0m self             = false
              [31m-[0m[0m to_port          = 7001
                [90m# (1 unchanged attribute hidden)[0m[0m
            },
          [31m-[0m[0m {
              [31m-[0m[0m cidr_blocks      = [
                  [31m-[0m[0m "0.0.0.0/0",
                ]
              [31m-[0m[0m from_port        = 8001
              [31m-[0m[0m ipv6_cidr_blocks = []
              [31m-[0m[0m prefix_list_ids  = []
              [31m-[0m[0m protocol         = "tcp"
              [31m-[0m[0m security_groups  = []
              [31m-[0m[0m self             = false
              [31m-[0m[0m to_port          = 8001
                [90m# (1 unchanged attribute hidden)[0m[0m
            },
          [31m-[0m[0m {
              [31m-[0m[0m cidr_blocks      = [
                  [31m-[0m[0m "0.0.0.0/0",
                ]
              [31m-[0m[0m from_port        = 9001
              [31m-[0m[0m ipv6_cidr_blocks = []
              [31m-[0m[0m prefix_list_ids  = []
              [31m-[0m[0m protocol         = "tcp"
              [31m-[0m[0m security_groups  = []
              [31m-[0m[0m self             = false
              [31m-[0m[0m to_port          = 9001
                [90m# (1 unchanged attribute hidden)[0m[0m
            },
        ] [90m-> null[0m[0m
      [31m-[0m[0m name                   = "raft-quic-node5" [90m-> null[0m[0m
      [31m-[0m[0m owner_id               = "560449670342" [90m-> null[0m[0m
      [31m-[0m[0m revoke_rules_on_delete = false [90m-> null[0m[0m
      [31m-[0m[0m tags                   = {
          [31m-[0m[0m "Node"    = "node5"
          [31m-[0m[0m "Project" = "raft-quic"
        } [90m-> null[0m[0m
      [31m-[0m[0m tags_all               = {
          [31m-[0m[0m "Node"    = "node5"
          [31m-[0m[0m "Project" = "raft-quic"
        } [90m-> null[0m[0m
      [31m-[0m[0m vpc_id                 = "vpc-0d14d4388abbe65e8" [90m-> null[0m[0m
        [90m# (1 unchanged attribute hidden)[0m[0m
    }

[1m  # module.node[5].aws_iam_instance_profile.raft_ssm[0m will be [1m[31mdestroyed[0m
[0m  [31m-[0m[0m resource "aws_iam_instance_profile" "raft_ssm" {
      [31m-[0m[0m arn         = "arn:aws:iam::560449670342:instance-profile/raft-quic-same-ssm-node6" [90m-> null[0m[0m
      [31m-[0m[0m create_date = "2026-04-20T06:24:09Z" [90m-> null[0m[0m
      [31m-[0m[0m id          = "raft-quic-same-ssm-node6" [90m-> null[0m[0m
      [31m-[0m[0m name        = "raft-quic-same-ssm-node6" [90m-> null[0m[0m
      [31m-[0m[0m path        = "/" [90m-> null[0m[0m
      [31m-[0m[0m role        = "raft-quic-same-ssm-node6" [90m-> null[0m[0m
      [31m-[0m[0m tags        = {} [90m-> null[0m[0m
      [31m-[0m[0m tags_all    = {} [90m-> null[0m[0m
      [31m-[0m[0m unique_id   = "AIPAYE7LHJTDIYUW5IDGK" [90m-> null[0m[0m
        [90m# (1 unchanged attribute hidden)[0m[0m
    }

[1m  # module.node[5].aws_iam_role.raft_ssm[0m will be [1m[31mdestroyed[0m
[0m  [31m-[0m[0m resource "aws_iam_role" "raft_ssm" {
      [31m-[0m[0m arn                   = "arn:aws:iam::560449670342:role/raft-quic-same-ssm-node6" [90m-> null[0m[0m
      [31m-[0m[0m assume_role_policy    = jsonencode(
            {
              [31m-[0m[0m Statement = [
                  [31m-[0m[0m {
                      [31m-[0m[0m Action    = "sts:AssumeRole"
                      [31m-[0m[0m Effect    = "Allow"
                      [31m-[0m[0m Principal = {
                          [31m-[0m[0m Service = "ec2.amazonaws.com"
                        }
                    },
                ]
              [31m-[0m[0m Version   = "2012-10-17"
            }
        ) [90m-> null[0m[0m
      [31m-[0m[0m create_date           = "2026-04-20T06:24:06Z" [90m-> null[0m[0m
      [31m-[0m[0m force_detach_policies = false [90m-> null[0m[0m
      [31m-[0m[0m id                    = "raft-quic-same-ssm-node6" [90m-> null[0m[0m
      [31m-[0m[0m managed_policy_arns   = [
          [31m-[0m[0m "arn:aws:iam::aws:policy/AmazonSSMManagedInstanceCore",
        ] [90m-> null[0m[0m
      [31m-[0m[0m max_session_duration  = 3600 [90m-> null[0m[0m
      [31m-[0m[0m name                  = "raft-quic-same-ssm-node6" [90m-> null[0m[0m
      [31m-[0m[0m path                  = "/" [90m-> null[0m[0m
      [31m-[0m[0m tags                  = {
          [31m-[0m[0m "Node"    = "node6"
          [31m-[0m[0m "Project" = "raft-quic"
        } [90m-> null[0m[0m
      [31m-[0m[0m tags_all              = {
          [31m-[0m[0m "Node"    = "node6"
          [31m-[0m[0m "Project" = "raft-quic"
        } [90m-> null[0m[0m
      [31m-[0m[0m unique_id             = "AROAYE7LHJTDLOOASUSK5" [90m-> null[0m[0m
        [90m# (3 unchanged attributes hidden)[0m[0m
    }

[1m  # module.node[5].aws_iam_role_policy_attachment.ssm_core[0m will be [1m[31mdestroyed[0m
[0m  [31m-[0m[0m resource "aws_iam_role_policy_attachment" "ssm_core" {
      [31m-[0m[0m id         = "raft-quic-same-ssm-node6-20260420062411488100000007" [90m-> null[0m[0m
      [31m-[0m[0m policy_arn = "arn:aws:iam::aws:policy/AmazonSSMManagedInstanceCore" [90m-> null[0m[0m
      [31m-[0m[0m role       = "raft-quic-same-ssm-node6" [90m-> null[0m[0m
    }

[1m  # module.node[5].aws_instance.node[0m will be [1m[31mdestroyed[0m
[0m  [31m-[0m[0m resource "aws_instance" "node" {
      [31m-[0m[0m ami                                  = "ami-0102a36b3e9d5e4df" [90m-> null[0m[0m
      [31m-[0m[0m arn                                  = "arn:aws:ec2:us-east-1:560449670342:instance/i-0db52acd149723280" [90m-> null[0m[0m
      [31m-[0m[0m associate_public_ip_address          = true [90m-> null[0m[0m
      [31m-[0m[0m availability_zone                    = "us-east-1d" [90m-> null[0m[0m
      [31m-[0m[0m cpu_core_count                       = 1 [90m-> null[0m[0m
      [31m-[0m[0m cpu_threads_per_core                 = 2 [90m-> null[0m[0m
      [31m-[0m[0m disable_api_stop                     = false [90m-> null[0m[0m
      [31m-[0m[0m disable_api_termination              = false [90m-> null[0m[0m
      [31m-[0m[0m ebs_optimized                        = false [90m-> null[0m[0m
      [31m-[0m[0m get_password_data                    = false [90m-> null[0m[0m
      [31m-[0m[0m hibernation                          = false [90m-> null[0m[0m
      [31m-[0m[0m iam_instance_profile                 = "raft-quic-same-ssm-node6" [90m-> null[0m[0m
      [31m-[0m[0m id                                   = "i-0db52acd149723280" [90m-> null[0m[0m
      [31m-[0m[0m instance_initiated_shutdown_behavior = "stop" [90m-> null[0m[0m
      [31m-[0m[0m instance_state                       = "running" [90m-> null[0m[0m
      [31m-[0m[0m instance_type                        = "t3.micro" [90m-> null[0m[0m
      [31m-[0m[0m ipv6_address_count                   = 0 [90m-> null[0m[0m
      [31m-[0m[0m ipv6_addresses                       = [] [90m-> null[0m[0m
      [31m-[0m[0m key_name                             = "raft-quic-same-node6" [90m-> null[0m[0m
      [31m-[0m[0m monitoring                           = false [90m-> null[0m[0m
      [31m-[0m[0m placement_partition_number           = 0 [90m-> null[0m[0m
      [31m-[0m[0m primary_network_interface_id         = "eni-05f68424bc863924d" [90m-> null[0m[0m
      [31m-[0m[0m private_dns                          = "ip-172-31-32-38.ec2.internal" [90m-> null[0m[0m
      [31m-[0m[0m private_ip                           = "172.31.32.38" [90m-> null[0m[0m
      [31m-[0m[0m public_dns                           = "ec2-52-90-216-34.compute-1.amazonaws.com" [90m-> null[0m[0m
      [31m-[0m[0m public_ip                            = "52.90.216.34" [90m-> null[0m[0m
      [31m-[0m[0m secondary_private_ips                = [] [90m-> null[0m[0m
      [31m-[0m[0m security_groups                      = [
          [31m-[0m[0m "raft-quic-node6",
        ] [90m-> null[0m[0m
      [31m-[0m[0m source_dest_check                    = true [90m-> null[0m[0m
      [31m-[0m[0m subnet_id                            = "subnet-055764690b8558cd1" [90m-> null[0m[0m
      [31m-[0m[0m tags                                 = {
          [31m-[0m[0m "Name"    = "raft-quic-node6"
          [31m-[0m[0m "Node"    = "node6"
          [31m-[0m[0m "Project" = "raft-quic"
        } [90m-> null[0m[0m
      [31m-[0m[0m tags_all                             = {
          [31m-[0m[0m "Name"    = "raft-quic-node6"
          [31m-[0m[0m "Node"    = "node6"
          [31m-[0m[0m "Project" = "raft-quic"
        } [90m-> null[0m[0m
      [31m-[0m[0m tenancy                              = "default" [90m-> null[0m[0m
      [31m-[0m[0m user_data_replace_on_change          = false [90m-> null[0m[0m
      [31m-[0m[0m vpc_security_group_ids               = [
          [31m-[0m[0m "sg-03ba9f1e3143dc8db",
        ] [90m-> null[0m[0m
        [90m# (6 unchanged attributes hidden)[0m[0m

      [31m-[0m[0m capacity_reservation_specification {
          [31m-[0m[0m capacity_reservation_preference = "open" [90m-> null[0m[0m
        }

      [31m-[0m[0m cpu_options {
          [31m-[0m[0m core_count       = 1 [90m-> null[0m[0m
          [31m-[0m[0m threads_per_core = 2 [90m-> null[0m[0m
            [90m# (1 unchanged attribute hidden)[0m[0m
        }

      [31m-[0m[0m credit_specification {
          [31m-[0m[0m cpu_credits = "unlimited" [90m-> null[0m[0m
        }

      [31m-[0m[0m enclave_options {
          [31m-[0m[0m enabled = false [90m-> null[0m[0m
        }

      [31m-[0m[0m maintenance_options {
          [31m-[0m[0m auto_recovery = "default" [90m-> null[0m[0m
        }

      [31m-[0m[0m metadata_options {
          [31m-[0m[0m http_endpoint               = "enabled" [90m-> null[0m[0m
          [31m-[0m[0m http_protocol_ipv6          = "disabled" [90m-> null[0m[0m
          [31m-[0m[0m http_put_response_hop_limit = 2 [90m-> null[0m[0m
          [31m-[0m[0m http_tokens                 = "required" [90m-> null[0m[0m
          [31m-[0m[0m instance_metadata_tags      = "disabled" [90m-> null[0m[0m
        }

      [31m-[0m[0m private_dns_name_options {
          [31m-[0m[0m enable_resource_name_dns_a_record    = false [90m-> null[0m[0m
          [31m-[0m[0m enable_resource_name_dns_aaaa_record = false [90m-> null[0m[0m
          [31m-[0m[0m hostname_type                        = "ip-name" [90m-> null[0m[0m
        }

      [31m-[0m[0m root_block_device {
          [31m-[0m[0m delete_on_termination = true [90m-> null[0m[0m
          [31m-[0m[0m device_name           = "/dev/xvda" [90m-> null[0m[0m
          [31m-[0m[0m encrypted             = false [90m-> null[0m[0m
          [31m-[0m[0m iops                  = 3000 [90m-> null[0m[0m
          [31m-[0m[0m tags                  = {} [90m-> null[0m[0m
          [31m-[0m[0m tags_all              = {} [90m-> null[0m[0m
          [31m-[0m[0m throughput            = 125 [90m-> null[0m[0m
          [31m-[0m[0m volume_id             = "vol-027014b37b6940f4b" [90m-> null[0m[0m
          [31m-[0m[0m volume_size           = 30 [90m-> null[0m[0m
          [31m-[0m[0m volume_type           = "gp3" [90m-> null[0m[0m
            [90m# (1 unchanged attribute hidden)[0m[0m
        }
    }

[1m  # module.node[5].aws_key_pair.raft[0m will be [1m[31mdestroyed[0m
[0m  [31m-[0m[0m resource "aws_key_pair" "raft" {
      [31m-[0m[0m arn             = "arn:aws:ec2:us-east-1:560449670342:key-pair/raft-quic-same-node6" [90m-> null[0m[0m
      [31m-[0m[0m fingerprint     = "cb:ba:c0:c9:76:23:c7:9b:80:52:cf:9e:32:c7:cf:03" [90m-> null[0m[0m
      [31m-[0m[0m id              = "raft-quic-same-node6" [90m-> null[0m[0m
      [31m-[0m[0m key_name        = "raft-quic-same-node6" [90m-> null[0m[0m
      [31m-[0m[0m key_pair_id     = "key-0d7eb7522c28add02" [90m-> null[0m[0m
      [31m-[0m[0m key_type        = "rsa" [90m-> null[0m[0m
      [31m-[0m[0m public_key      = "ssh-rsa AAAAB3NzaC1yc2EAAAADAQABAAACAQCc8xKos1rDG5frZNinkAAmLxPy6XJaEom/i9HaAEDMTHEtTs38QCO4T7sULRIRUx6kpiI5WIDmYTIl8iMi0/CppqHjqeTxHDQvB+IAgU715uEtwBhU9sQAkRHFpr4g7XLqSGu+hlPy+XdraAsAT7vtPvLa7+HZGcujjqcrxk7N6PeOKQnQqZihLOhr47XG/Mwzrui0d10t1Xz9C13Te0aHcM9FXGJgPUwJSrk6cxypSkQVIQNwL1PnWD4B83/wmlTn5hC5EvxY3D/W3qbEZoFhgBkFQBB0bZV+yvrEHKcAdeeRVbBMa/gIIOoSDsTHszo5+5lNfBWzmFrkv8SjdWPT0reeV4Bj3nvppr0IyUmrHjdmCqr3u+AJc4vIh4R0tvhIQqSvo/mlNBmWsLNAhVX7/d6gTP6iC94RwgWrDuuBrXN+9bedyz9zTk3lnB18bGbAMulwKXOnJAJRg0WCRLGVEw6caW30NRxH+495glxddjhMYHzCjtOpFTiiQkm0kQLC4oCKNT5f6c3jgLAxsg0bk3GxiclON6Dw44lZnt3dItVRGtwsvSy5Kx4WHaoJVpe3AREfQJi+Vm5q5oPNO3Fb4nrJtnwWeJSMQbDGYkqfqUfn72MIbq3pkMno3z+/p5T9ksLyBms/ommULNcHbN91mwbAAheceEORdNaEM+7u+Q==" [90m-> null[0m[0m
      [31m-[0m[0m tags            = {
          [31m-[0m[0m "Node"    = "node6"
          [31m-[0m[0m "Project" = "raft-quic"
        } [90m-> null[0m[0m
      [31m-[0m[0m tags_all        = {
          [31m-[0m[0m "Node"    = "node6"
          [31m-[0m[0m "Project" = "raft-quic"
        } [90m-> null[0m[0m
        [90m# (1 unchanged attribute hidden)[0m[0m
    }

[1m  # module.node[5].aws_security_group.raft[0m will be [1m[31mdestroyed[0m
[0m  [31m-[0m[0m resource "aws_security_group" "raft" {
      [31m-[0m[0m arn                    = "arn:aws:ec2:us-east-1:560449670342:security-group/sg-03ba9f1e3143dc8db" [90m-> null[0m[0m
      [31m-[0m[0m description            = "Raft-over-QUIC cluster node node6" [90m-> null[0m[0m
      [31m-[0m[0m egress                 = [
          [31m-[0m[0m {
              [31m-[0m[0m cidr_blocks      = [
                  [31m-[0m[0m "0.0.0.0/0",
                ]
              [31m-[0m[0m from_port        = 0
              [31m-[0m[0m ipv6_cidr_blocks = []
              [31m-[0m[0m prefix_list_ids  = []
              [31m-[0m[0m protocol         = "-1"
              [31m-[0m[0m security_groups  = []
              [31m-[0m[0m self             = false
              [31m-[0m[0m to_port          = 0
                [90m# (1 unchanged attribute hidden)[0m[0m
            },
        ] [90m-> null[0m[0m
      [31m-[0m[0m id                     = "sg-03ba9f1e3143dc8db" [90m-> null[0m[0m
      [31m-[0m[0m ingress                = [
          [31m-[0m[0m {
              [31m-[0m[0m cidr_blocks      = [
                  [31m-[0m[0m "0.0.0.0/0",
                ]
              [31m-[0m[0m from_port        = 22
              [31m-[0m[0m ipv6_cidr_blocks = []
              [31m-[0m[0m prefix_list_ids  = []
              [31m-[0m[0m protocol         = "tcp"
              [31m-[0m[0m security_groups  = []
              [31m-[0m[0m self             = false
              [31m-[0m[0m to_port          = 22
                [90m# (1 unchanged attribute hidden)[0m[0m
            },
          [31m-[0m[0m {
              [31m-[0m[0m cidr_blocks      = [
                  [31m-[0m[0m "0.0.0.0/0",
                ]
              [31m-[0m[0m from_port        = 7001
              [31m-[0m[0m ipv6_cidr_blocks = []
              [31m-[0m[0m prefix_list_ids  = []
              [31m-[0m[0m protocol         = "udp"
              [31m-[0m[0m security_groups  = []
              [31m-[0m[0m self             = false
              [31m-[0m[0m to_port          = 7001
                [90m# (1 unchanged attribute hidden)[0m[0m
            },
          [31m-[0m[0m {
              [31m-[0m[0m cidr_blocks      = [
                  [31m-[0m[0m "0.0.0.0/0",
                ]
              [31m-[0m[0m from_port        = 8001
              [31m-[0m[0m ipv6_cidr_blocks = []
              [31m-[0m[0m prefix_list_ids  = []
              [31m-[0m[0m protocol         = "tcp"
              [31m-[0m[0m security_groups  = []
              [31m-[0m[0m self             = false
              [31m-[0m[0m to_port          = 8001
                [90m# (1 unchanged attribute hidden)[0m[0m
            },
          [31m-[0m[0m {
              [31m-[0m[0m cidr_blocks      = [
                  [31m-[0m[0m "0.0.0.0/0",
                ]
              [31m-[0m[0m from_port        = 9001
              [31m-[0m[0m ipv6_cidr_blocks = []
              [31m-[0m[0m prefix_list_ids  = []
              [31m-[0m[0m protocol         = "tcp"
              [31m-[0m[0m security_groups  = []
              [31m-[0m[0m self             = false
              [31m-[0m[0m to_port          = 9001
                [90m# (1 unchanged attribute hidden)[0m[0m
            },
        ] [90m-> null[0m[0m
      [31m-[0m[0m name                   = "raft-quic-node6" [90m-> null[0m[0m
      [31m-[0m[0m owner_id               = "560449670342" [90m-> null[0m[0m
      [31m-[0m[0m revoke_rules_on_delete = false [90m-> null[0m[0m
      [31m-[0m[0m tags                   = {
          [31m-[0m[0m "Node"    = "node6"
          [31m-[0m[0m "Project" = "raft-quic"
        } [90m-> null[0m[0m
      [31m-[0m[0m tags_all               = {
          [31m-[0m[0m "Node"    = "node6"
          [31m-[0m[0m "Project" = "raft-quic"
        } [90m-> null[0m[0m
      [31m-[0m[0m vpc_id                 = "vpc-0d14d4388abbe65e8" [90m-> null[0m[0m
        [90m# (1 unchanged attribute hidden)[0m[0m
    }

[1m  # module.node[6].aws_iam_instance_profile.raft_ssm[0m will be [1m[31mdestroyed[0m
[0m  [31m-[0m[0m resource "aws_iam_instance_profile" "raft_ssm" {
      [31m-[0m[0m arn         = "arn:aws:iam::560449670342:instance-profile/raft-quic-same-ssm-node7" [90m-> null[0m[0m
      [31m-[0m[0m create_date = "2026-04-20T06:24:10Z" [90m-> null[0m[0m
      [31m-[0m[0m id          = "raft-quic-same-ssm-node7" [90m-> null[0m[0m
      [31m-[0m[0m name        = "raft-quic-same-ssm-node7" [90m-> null[0m[0m
      [31m-[0m[0m path        = "/" [90m-> null[0m[0m
      [31m-[0m[0m role        = "raft-quic-same-ssm-node7" [90m-> null[0m[0m
      [31m-[0m[0m tags        = {} [90m-> null[0m[0m
      [31m-[0m[0m tags_all    = {} [90m-> null[0m[0m
      [31m-[0m[0m unique_id   = "AIPAYE7LHJTDMV3D66WHW" [90m-> null[0m[0m
        [90m# (1 unchanged attribute hidden)[0m[0m
    }

[1m  # module.node[6].aws_iam_role.raft_ssm[0m will be [1m[31mdestroyed[0m
[0m  [31m-[0m[0m resource "aws_iam_role" "raft_ssm" {
      [31m-[0m[0m arn                   = "arn:aws:iam::560449670342:role/raft-quic-same-ssm-node7" [90m-> null[0m[0m
      [31m-[0m[0m assume_role_policy    = jsonencode(
            {
              [31m-[0m[0m Statement = [
                  [31m-[0m[0m {
                      [31m-[0m[0m Action    = "sts:AssumeRole"
                      [31m-[0m[0m Effect    = "Allow"
                      [31m-[0m[0m Principal = {
                          [31m-[0m[0m Service = "ec2.amazonaws.com"
                        }
                    },
                ]
              [31m-[0m[0m Version   = "2012-10-17"
            }
        ) [90m-> null[0m[0m
      [31m-[0m[0m create_date           = "2026-04-20T06:24:05Z" [90m-> null[0m[0m
      [31m-[0m[0m force_detach_policies = false [90m-> null[0m[0m
      [31m-[0m[0m id                    = "raft-quic-same-ssm-node7" [90m-> null[0m[0m
      [31m-[0m[0m managed_policy_arns   = [
          [31m-[0m[0m "arn:aws:iam::aws:policy/AmazonSSMManagedInstanceCore",
        ] [90m-> null[0m[0m
      [31m-[0m[0m max_session_duration  = 3600 [90m-> null[0m[0m
      [31m-[0m[0m name                  = "raft-quic-same-ssm-node7" [90m-> null[0m[0m
      [31m-[0m[0m path                  = "/" [90m-> null[0m[0m
      [31m-[0m[0m tags                  = {
          [31m-[0m[0m "Node"    = "node7"
          [31m-[0m[0m "Project" = "raft-quic"
        } [90m-> null[0m[0m
      [31m-[0m[0m tags_all              = {
          [31m-[0m[0m "Node"    = "node7"
          [31m-[0m[0m "Project" = "raft-quic"
        } [90m-> null[0m[0m
      [31m-[0m[0m unique_id             = "AROAYE7LHJTDLIYRP5O4F" [90m-> null[0m[0m
        [90m# (3 unchanged attributes hidden)[0m[0m
    }

[1m  # module.node[6].aws_iam_role_policy_attachment.ssm_core[0m will be [1m[31mdestroyed[0m
[0m  [31m-[0m[0m resource "aws_iam_role_policy_attachment" "ssm_core" {
      [31m-[0m[0m id         = "raft-quic-same-ssm-node7-20260420062410701600000004" [90m-> null[0m[0m
      [31m-[0m[0m policy_arn = "arn:aws:iam::aws:policy/AmazonSSMManagedInstanceCore" [90m-> null[0m[0m
      [31m-[0m[0m role       = "raft-quic-same-ssm-node7" [90m-> null[0m[0m
    }

[1m  # module.node[6].aws_instance.node[0m will be [1m[31mdestroyed[0m
[0m  [31m-[0m[0m resource "aws_instance" "node" {
      [31m-[0m[0m ami                                  = "ami-0102a36b3e9d5e4df" [90m-> null[0m[0m
      [31m-[0m[0m arn                                  = "arn:aws:ec2:us-east-1:560449670342:instance/i-04689d56fa502fbae" [90m-> null[0m[0m
      [31m-[0m[0m associate_public_ip_address          = true [90m-> null[0m[0m
      [31m-[0m[0m availability_zone                    = "us-east-1d" [90m-> null[0m[0m
      [31m-[0m[0m cpu_core_count                       = 1 [90m-> null[0m[0m
      [31m-[0m[0m cpu_threads_per_core                 = 2 [90m-> null[0m[0m
      [31m-[0m[0m disable_api_stop                     = false [90m-> null[0m[0m
      [31m-[0m[0m disable_api_termination              = false [90m-> null[0m[0m
      [31m-[0m[0m ebs_optimized                        = false [90m-> null[0m[0m
      [31m-[0m[0m get_password_data                    = false [90m-> null[0m[0m
      [31m-[0m[0m hibernation                          = false [90m-> null[0m[0m
      [31m-[0m[0m iam_instance_profile                 = "raft-quic-same-ssm-node7" [90m-> null[0m[0m
      [31m-[0m[0m id                                   = "i-04689d56fa502fbae" [90m-> null[0m[0m
      [31m-[0m[0m instance_initiated_shutdown_behavior = "stop" [90m-> null[0m[0m
      [31m-[0m[0m instance_state                       = "running" [90m-> null[0m[0m
      [31m-[0m[0m instance_type                        = "t3.micro" [90m-> null[0m[0m
      [31m-[0m[0m ipv6_address_count                   = 0 [90m-> null[0m[0m
      [31m-[0m[0m ipv6_addresses                       = [] [90m-> null[0m[0m
      [31m-[0m[0m key_name                             = "raft-quic-same-node7" [90m-> null[0m[0m
      [31m-[0m[0m monitoring                           = false [90m-> null[0m[0m
      [31m-[0m[0m placement_partition_number           = 0 [90m-> null[0m[0m
      [31m-[0m[0m primary_network_interface_id         = "eni-0ff81f5f32ee5fa65" [90m-> null[0m[0m
      [31m-[0m[0m private_dns                          = "ip-172-31-47-223.ec2.internal" [90m-> null[0m[0m
      [31m-[0m[0m private_ip                           = "172.31.47.223" [90m-> null[0m[0m
      [31m-[0m[0m public_dns                           = "ec2-34-228-225-110.compute-1.amazonaws.com" [90m-> null[0m[0m
      [31m-[0m[0m public_ip                            = "34.228.225.110" [90m-> null[0m[0m
      [31m-[0m[0m secondary_private_ips                = [] [90m-> null[0m[0m
      [31m-[0m[0m security_groups                      = [
          [31m-[0m[0m "raft-quic-node7",
        ] [90m-> null[0m[0m
      [31m-[0m[0m source_dest_check                    = true [90m-> null[0m[0m
      [31m-[0m[0m subnet_id                            = "subnet-055764690b8558cd1" [90m-> null[0m[0m
      [31m-[0m[0m tags                                 = {
          [31m-[0m[0m "Name"    = "raft-quic-node7"
          [31m-[0m[0m "Node"    = "node7"
          [31m-[0m[0m "Project" = "raft-quic"
        } [90m-> null[0m[0m
      [31m-[0m[0m tags_all                             = {
          [31m-[0m[0m "Name"    = "raft-quic-node7"
          [31m-[0m[0m "Node"    = "node7"
          [31m-[0m[0m "Project" = "raft-quic"
        } [90m-> null[0m[0m
      [31m-[0m[0m tenancy                              = "default" [90m-> null[0m[0m
      [31m-[0m[0m user_data_replace_on_change          = false [90m-> null[0m[0m
      [31m-[0m[0m vpc_security_group_ids               = [
          [31m-[0m[0m "sg-033692383ddf43621",
        ] [90m-> null[0m[0m
        [90m# (6 unchanged attributes hidden)[0m[0m

      [31m-[0m[0m capacity_reservation_specification {
          [31m-[0m[0m capacity_reservation_preference = "open" [90m-> null[0m[0m
        }

      [31m-[0m[0m cpu_options {
          [31m-[0m[0m core_count       = 1 [90m-> null[0m[0m
          [31m-[0m[0m threads_per_core = 2 [90m-> null[0m[0m
            [90m# (1 unchanged attribute hidden)[0m[0m
        }

      [31m-[0m[0m credit_specification {
          [31m-[0m[0m cpu_credits = "unlimited" [90m-> null[0m[0m
        }

      [31m-[0m[0m enclave_options {
          [31m-[0m[0m enabled = false [90m-> null[0m[0m
        }

      [31m-[0m[0m maintenance_options {
          [31m-[0m[0m auto_recovery = "default" [90m-> null[0m[0m
        }

      [31m-[0m[0m metadata_options {
          [31m-[0m[0m http_endpoint               = "enabled" [90m-> null[0m[0m
          [31m-[0m[0m http_protocol_ipv6          = "disabled" [90m-> null[0m[0m
          [31m-[0m[0m http_put_response_hop_limit = 2 [90m-> null[0m[0m
          [31m-[0m[0m http_tokens                 = "required" [90m-> null[0m[0m
          [31m-[0m[0m instance_metadata_tags      = "disabled" [90m-> null[0m[0m
        }

      [31m-[0m[0m private_dns_name_options {
          [31m-[0m[0m enable_resource_name_dns_a_record    = false [90m-> null[0m[0m
          [31m-[0m[0m enable_resource_name_dns_aaaa_record = false [90m-> null[0m[0m
          [31m-[0m[0m hostname_type                        = "ip-name" [90m-> null[0m[0m
        }

      [31m-[0m[0m root_block_device {
          [31m-[0m[0m delete_on_termination = true [90m-> null[0m[0m
          [31m-[0m[0m device_name           = "/dev/xvda" [90m-> null[0m[0m
          [31m-[0m[0m encrypted             = false [90m-> null[0m[0m
          [31m-[0m[0m iops                  = 3000 [90m-> null[0m[0m
          [31m-[0m[0m tags                  = {} [90m-> null[0m[0m
          [31m-[0m[0m tags_all              = {} [90m-> null[0m[0m
          [31m-[0m[0m throughput            = 125 [90m-> null[0m[0m
          [31m-[0m[0m volume_id             = "vol-0f941bdb545eb1c06" [90m-> null[0m[0m
          [31m-[0m[0m volume_size           = 30 [90m-> null[0m[0m
          [31m-[0m[0m volume_type           = "gp3" [90m-> null[0m[0m
            [90m# (1 unchanged attribute hidden)[0m[0m
        }
    }

[1m  # module.node[6].aws_key_pair.raft[0m will be [1m[31mdestroyed[0m
[0m  [31m-[0m[0m resource "aws_key_pair" "raft" {
      [31m-[0m[0m arn             = "arn:aws:ec2:us-east-1:560449670342:key-pair/raft-quic-same-node7" [90m-> null[0m[0m
      [31m-[0m[0m fingerprint     = "cb:ba:c0:c9:76:23:c7:9b:80:52:cf:9e:32:c7:cf:03" [90m-> null[0m[0m
      [31m-[0m[0m id              = "raft-quic-same-node7" [90m-> null[0m[0m
      [31m-[0m[0m key_name        = "raft-quic-same-node7" [90m-> null[0m[0m
      [31m-[0m[0m key_pair_id     = "key-0e43a917af482343a" [90m-> null[0m[0m
      [31m-[0m[0m key_type        = "rsa" [90m-> null[0m[0m
      [31m-[0m[0m public_key      = "ssh-rsa AAAAB3NzaC1yc2EAAAADAQABAAACAQCc8xKos1rDG5frZNinkAAmLxPy6XJaEom/i9HaAEDMTHEtTs38QCO4T7sULRIRUx6kpiI5WIDmYTIl8iMi0/CppqHjqeTxHDQvB+IAgU715uEtwBhU9sQAkRHFpr4g7XLqSGu+hlPy+XdraAsAT7vtPvLa7+HZGcujjqcrxk7N6PeOKQnQqZihLOhr47XG/Mwzrui0d10t1Xz9C13Te0aHcM9FXGJgPUwJSrk6cxypSkQVIQNwL1PnWD4B83/wmlTn5hC5EvxY3D/W3qbEZoFhgBkFQBB0bZV+yvrEHKcAdeeRVbBMa/gIIOoSDsTHszo5+5lNfBWzmFrkv8SjdWPT0reeV4Bj3nvppr0IyUmrHjdmCqr3u+AJc4vIh4R0tvhIQqSvo/mlNBmWsLNAhVX7/d6gTP6iC94RwgWrDuuBrXN+9bedyz9zTk3lnB18bGbAMulwKXOnJAJRg0WCRLGVEw6caW30NRxH+495glxddjhMYHzCjtOpFTiiQkm0kQLC4oCKNT5f6c3jgLAxsg0bk3GxiclON6Dw44lZnt3dItVRGtwsvSy5Kx4WHaoJVpe3AREfQJi+Vm5q5oPNO3Fb4nrJtnwWeJSMQbDGYkqfqUfn72MIbq3pkMno3z+/p5T9ksLyBms/ommULNcHbN91mwbAAheceEORdNaEM+7u+Q==" [90m-> null[0m[0m
      [31m-[0m[0m tags            = {
          [31m-[0m[0m "Node"    = "node7"
          [31m-[0m[0m "Project" = "raft-quic"
        } [90m-> null[0m[0m
      [31m-[0m[0m tags_all        = {
          [31m-[0m[0m "Node"    = "node7"
          [31m-[0m[0m "Project" = "raft-quic"
        } [90m-> null[0m[0m
        [90m# (1 unchanged attribute hidden)[0m[0m
    }

[1m  # module.node[6].aws_security_group.raft[0m will be [1m[31mdestroyed[0m
[0m  [31m-[0m[0m resource "aws_security_group" "raft" {
      [31m-[0m[0m arn                    = "arn:aws:ec2:us-east-1:560449670342:security-group/sg-033692383ddf43621" [90m-> null[0m[0m
      [31m-[0m[0m description            = "Raft-over-QUIC cluster node node7" [90m-> null[0m[0m
      [31m-[0m[0m egress                 = [
          [31m-[0m[0m {
              [31m-[0m[0m cidr_blocks      = [
                  [31m-[0m[0m "0.0.0.0/0",
                ]
              [31m-[0m[0m from_port        = 0
              [31m-[0m[0m ipv6_cidr_blocks = []
              [31m-[0m[0m prefix_list_ids  = []
              [31m-[0m[0m protocol         = "-1"
              [31m-[0m[0m security_groups  = []
              [31m-[0m[0m self             = false
              [31m-[0m[0m to_port          = 0
                [90m# (1 unchanged attribute hidden)[0m[0m
            },
        ] [90m-> null[0m[0m
      [31m-[0m[0m id                     = "sg-033692383ddf43621" [90m-> null[0m[0m
      [31m-[0m[0m ingress                = [
          [31m-[0m[0m {
              [31m-[0m[0m cidr_blocks      = [
                  [31m-[0m[0m "0.0.0.0/0",
                ]
              [31m-[0m[0m from_port        = 22
              [31m-[0m[0m ipv6_cidr_blocks = []
              [31m-[0m[0m prefix_list_ids  = []
              [31m-[0m[0m protocol         = "tcp"
              [31m-[0m[0m security_groups  = []
              [31m-[0m[0m self             = false
              [31m-[0m[0m to_port          = 22
                [90m# (1 unchanged attribute hidden)[0m[0m
            },
          [31m-[0m[0m {
              [31m-[0m[0m cidr_blocks      = [
                  [31m-[0m[0m "0.0.0.0/0",
                ]
              [31m-[0m[0m from_port        = 7001
              [31m-[0m[0m ipv6_cidr_blocks = []
              [31m-[0m[0m prefix_list_ids  = []
              [31m-[0m[0m protocol         = "udp"
              [31m-[0m[0m security_groups  = []
              [31m-[0m[0m self             = false
              [31m-[0m[0m to_port          = 7001
                [90m# (1 unchanged attribute hidden)[0m[0m
            },
          [31m-[0m[0m {
              [31m-[0m[0m cidr_blocks      = [
                  [31m-[0m[0m "0.0.0.0/0",
                ]
              [31m-[0m[0m from_port        = 8001
              [31m-[0m[0m ipv6_cidr_blocks = []
              [31m-[0m[0m prefix_list_ids  = []
              [31m-[0m[0m protocol         = "tcp"
              [31m-[0m[0m security_groups  = []
              [31m-[0m[0m self             = false
              [31m-[0m[0m to_port          = 8001
                [90m# (1 unchanged attribute hidden)[0m[0m
            },
          [31m-[0m[0m {
              [31m-[0m[0m cidr_blocks      = [
                  [31m-[0m[0m "0.0.0.0/0",
                ]
              [31m-[0m[0m from_port        = 9001
              [31m-[0m[0m ipv6_cidr_blocks = []
              [31m-[0m[0m prefix_list_ids  = []
              [31m-[0m[0m protocol         = "tcp"
              [31m-[0m[0m security_groups  = []
              [31m-[0m[0m self             = false
              [31m-[0m[0m to_port          = 9001
                [90m# (1 unchanged attribute hidden)[0m[0m
            },
        ] [90m-> null[0m[0m
      [31m-[0m[0m name                   = "raft-quic-node7" [90m-> null[0m[0m
      [31m-[0m[0m owner_id               = "560449670342" [90m-> null[0m[0m
      [31m-[0m[0m revoke_rules_on_delete = false [90m-> null[0m[0m
      [31m-[0m[0m tags                   = {
          [31m-[0m[0m "Node"    = "node7"
          [31m-[0m[0m "Project" = "raft-quic"
        } [90m-> null[0m[0m
      [31m-[0m[0m tags_all               = {
          [31m-[0m[0m "Node"    = "node7"
          [31m-[0m[0m "Project" = "raft-quic"
        } [90m-> null[0m[0m
      [31m-[0m[0m vpc_id                 = "vpc-0d14d4388abbe65e8" [90m-> null[0m[0m
        [90m# (1 unchanged attribute hidden)[0m[0m
    }

[1mPlan:[0m [0m0 to add, 0 to change, 44 to destroy.

Changes to Outputs:
  [31m-[0m[0m instance_ids  = [
      [31m-[0m[0m "i-0087ca9fd970a8e85",
      [31m-[0m[0m "i-0102409ff6a79e033",
      [31m-[0m[0m "i-0728bd73e9953965c",
      [31m-[0m[0m "i-0ce06ec54f785ef13",
      [31m-[0m[0m "i-05ba1e40898c8cbf0",
      [31m-[0m[0m "i-0db52acd149723280",
      [31m-[0m[0m "i-04689d56fa502fbae",
    ] [90m-> null[0m[0m
  [31m-[0m[0m node_ids      = [
      [31m-[0m[0m "node1",
      [31m-[0m[0m "node2",
      [31m-[0m[0m "node3",
      [31m-[0m[0m "node4",
      [31m-[0m[0m "node5",
      [31m-[0m[0m "node6",
      [31m-[0m[0m "node7",
    ] [90m-> null[0m[0m
  [31m-[0m[0m node_ips      = [
      [31m-[0m[0m "54.242.240.151",
      [31m-[0m[0m "54.210.120.114",
      [31m-[0m[0m "100.30.233.76",
      [31m-[0m[0m "3.85.217.184",
      [31m-[0m[0m "18.209.29.176",
      [31m-[0m[0m "52.90.216.34",
      [31m-[0m[0m "34.228.225.110",
    ] [90m-> null[0m[0m
  [31m-[0m[0m region_labels = [
      [31m-[0m[0m "us-east-1",
      [31m-[0m[0m "us-east-1",
      [31m-[0m[0m "us-east-1",
      [31m-[0m[0m "us-east-1",
      [31m-[0m[0m "us-east-1",
      [31m-[0m[0m "us-east-1",
      [31m-[0m[0m "us-east-1",
    ] [90m-> null[0m[0m
  [31m-[0m[0m scenario      = "same-region" [90m-> null[0m[0m
  [31m-[0m[0m ssh_key_file  = "./raft-key.pem" [90m-> null[0m[0m
  [31m-[0m[0m ssh_user      = "ec2-user" [90m-> null[0m[0m
[0m[1mlocal_sensitive_file.ssh_key: Destroying... [id=63c4754acbedb2cd6e217a5f4c7059b725b401ff][0m[0m
[0m[1mlocal_sensitive_file.ssh_key: Destruction complete after 0s[0m
[0m[1mmodule.node[2].aws_iam_role_policy_attachment.ssm_core: Destroying... [id=raft-quic-same-ssm-node3-20260420062411305400000006][0m[0m
[0m[1mmodule.node[5].aws_iam_role_policy_attachment.ssm_core: Destroying... [id=raft-quic-same-ssm-node6-20260420062411488100000007][0m[0m
[0m[1mmodule.node[0].aws_iam_role_policy_attachment.ssm_core: Destroying... [id=raft-quic-same-ssm-node1-20260420062411181100000005][0m[0m
[0m[1mmodule.node[6].aws_iam_role_policy_attachment.ssm_core: Destroying... [id=raft-quic-same-ssm-node7-20260420062410701600000004][0m[0m
[0m[1mmodule.node[4].aws_iam_role_policy_attachment.ssm_core: Destroying... [id=raft-quic-same-ssm-node5-20260420062409951200000001][0m[0m
[0m[1mmodule.node[3].aws_instance.node: Destroying... [id=i-0ce06ec54f785ef13][0m[0m
[0m[1mmodule.node[4].aws_instance.node: Destroying... [id=i-05ba1e40898c8cbf0][0m[0m
[0m[1mmodule.node[0].aws_instance.node: Destroying... [id=i-0087ca9fd970a8e85][0m[0m
[0m[1mmodule.node[5].aws_instance.node: Destroying... [id=i-0db52acd149723280][0m[0m
[0m[1mmodule.node[2].aws_instance.node: Destroying... [id=i-0728bd73e9953965c][0m[0m
[0m[1mmodule.node[5].aws_iam_role_policy_attachment.ssm_core: Destruction complete after 2s[0m
[0m[1mmodule.node[6].aws_iam_role_policy_attachment.ssm_core: Destruction complete after 2s[0m
[0m[1mmodule.node[4].aws_iam_role_policy_attachment.ssm_core: Destruction complete after 2s[0m
[0m[1mmodule.node[2].aws_iam_role_policy_attachment.ssm_core: Destruction complete after 2s[0m
[0m[1mmodule.node[1].aws_instance.node: Destroying... [id=i-0102409ff6a79e033][0m[0m
[0m[1mmodule.node[6].aws_instance.node: Destroying... [id=i-04689d56fa502fbae][0m[0m
[0m[1mmodule.node[0].aws_iam_role_policy_attachment.ssm_core: Destruction complete after 2s[0m
[0m[1mmodule.node[3].aws_iam_role_policy_attachment.ssm_core: Destroying... [id=raft-quic-same-ssm-node4-20260420062410555200000003][0m[0m
[0m[1mmodule.node[1].aws_iam_role_policy_attachment.ssm_core: Destroying... [id=raft-quic-same-ssm-node2-20260420062410086700000002][0m[0m
[0m[1mmodule.node[1].aws_iam_role_policy_attachment.ssm_core: Destruction complete after 0s[0m
[0m[1mmodule.node[3].aws_iam_role_policy_attachment.ssm_core: Destruction complete after 0s[0m
[0m[1mmodule.node[0].aws_instance.node: Still destroying... [id=i-0087ca9fd970a8e85, 00m10s elapsed][0m[0m
[0m[1mmodule.node[2].aws_instance.node: Still destroying... [id=i-0728bd73e9953965c, 00m10s elapsed][0m[0m
[0m[1mmodule.node[5].aws_instance.node: Still destroying... [id=i-0db52acd149723280, 00m10s elapsed][0m[0m
[0m[1mmodule.node[4].aws_instance.node: Still destroying... [id=i-05ba1e40898c8cbf0, 00m10s elapsed][0m[0m
[0m[1mmodule.node[3].aws_instance.node: Still destroying... [id=i-0ce06ec54f785ef13, 00m10s elapsed][0m[0m
[0m[1mmodule.node[1].aws_instance.node: Still destroying... [id=i-0102409ff6a79e033, 00m10s elapsed][0m[0m
[0m[1mmodule.node[6].aws_instance.node: Still destroying... [id=i-04689d56fa502fbae, 00m10s elapsed][0m[0m
[0m[1mmodule.node[5].aws_instance.node: Still destroying... [id=i-0db52acd149723280, 00m20s elapsed][0m[0m
[0m[1mmodule.node[3].aws_instance.node: Still destroying... [id=i-0ce06ec54f785ef13, 00m20s elapsed][0m[0m
[0m[1mmodule.node[4].aws_instance.node: Still destroying... [id=i-05ba1e40898c8cbf0, 00m20s elapsed][0m[0m
[0m[1mmodule.node[2].aws_instance.node: Still destroying... [id=i-0728bd73e9953965c, 00m20s elapsed][0m[0m
[0m[1mmodule.node[0].aws_instance.node: Still destroying... [id=i-0087ca9fd970a8e85, 00m20s elapsed][0m[0m
[0m[1mmodule.node[1].aws_instance.node: Still destroying... [id=i-0102409ff6a79e033, 00m20s elapsed][0m[0m
[0m[1mmodule.node[6].aws_instance.node: Still destroying... [id=i-04689d56fa502fbae, 00m20s elapsed][0m[0m
[0m[1mmodule.node[0].aws_instance.node: Still destroying... [id=i-0087ca9fd970a8e85, 00m30s elapsed][0m[0m
[0m[1mmodule.node[5].aws_instance.node: Still destroying... [id=i-0db52acd149723280, 00m30s elapsed][0m[0m
[0m[1mmodule.node[3].aws_instance.node: Still destroying... [id=i-0ce06ec54f785ef13, 00m30s elapsed][0m[0m
[0m[1mmodule.node[4].aws_instance.node: Still destroying... [id=i-05ba1e40898c8cbf0, 00m30s elapsed][0m[0m
[0m[1mmodule.node[2].aws_instance.node: Still destroying... [id=i-0728bd73e9953965c, 00m30s elapsed][0m[0m
[0m[1mmodule.node[1].aws_instance.node: Still destroying... [id=i-0102409ff6a79e033, 00m30s elapsed][0m[0m
[0m[1mmodule.node[6].aws_instance.node: Still destroying... [id=i-04689d56fa502fbae, 00m30s elapsed][0m[0m
[0m[1mmodule.node[5].aws_instance.node: Destruction complete after 33s[0m
[0m[1mmodule.node[3].aws_instance.node: Destruction complete after 33s[0m
[0m[1mmodule.node[5].aws_iam_instance_profile.raft_ssm: Destroying... [id=raft-quic-same-ssm-node6][0m[0m
[0m[1mmodule.node[5].aws_security_group.raft: Destroying... [id=sg-03ba9f1e3143dc8db][0m[0m
[0m[1mmodule.node[5].aws_key_pair.raft: Destroying... [id=raft-quic-same-node6][0m[0m
[0m[1mmodule.node[3].aws_key_pair.raft: Destroying... [id=raft-quic-same-node4][0m[0m
[0m[1mmodule.node[3].aws_security_group.raft: Destroying... [id=sg-0d649ec24b1238fbe][0m[0m
[0m[1mmodule.node[2].aws_instance.node: Destruction complete after 33s[0m
[0m[1mmodule.node[3].aws_iam_instance_profile.raft_ssm: Destroying... [id=raft-quic-same-ssm-node4][0m[0m
[0m[1mmodule.node[1].aws_instance.node: Destruction complete after 32s[0m
[0m[1mmodule.node[5].aws_key_pair.raft: Destruction complete after 1s[0m
[0m[1mmodule.node[4].aws_instance.node: Destruction complete after 34s[0m
[0m[1mmodule.node[3].aws_key_pair.raft: Destruction complete after 1s[0m
[0m[1mmodule.node[2].aws_key_pair.raft: Destroying... [id=raft-quic-same-node3][0m[0m
[0m[1mmodule.node[2].aws_security_group.raft: Destroying... [id=sg-04e6bc8929abe4e71][0m[0m
[0m[1mmodule.node[2].aws_iam_instance_profile.raft_ssm: Destroying... [id=raft-quic-same-ssm-node3][0m[0m
[0m[1mmodule.node[1].aws_key_pair.raft: Destroying... [id=raft-quic-same-node2][0m[0m
[0m[1mmodule.node[5].aws_iam_instance_profile.raft_ssm: Destruction complete after 1s[0m
[0m[1mmodule.node[0].aws_instance.node: Destruction complete after 34s[0m
[0m[1mmodule.node[1].aws_iam_instance_profile.raft_ssm: Destroying... [id=raft-quic-same-ssm-node2][0m[0m
[0m[1mmodule.node[1].aws_security_group.raft: Destroying... [id=sg-039f8d8ce1d6cf9bf][0m[0m
[0m[1mmodule.node[6].aws_instance.node: Destruction complete after 32s[0m
[0m[1mmodule.node[4].aws_iam_instance_profile.raft_ssm: Destroying... [id=raft-quic-same-ssm-node5][0m[0m
[0m[1mmodule.node[3].aws_iam_instance_profile.raft_ssm: Destruction complete after 1s[0m
[0m[1mmodule.node[4].aws_key_pair.raft: Destroying... [id=raft-quic-same-node5][0m[0m
[0m[1mmodule.node[1].aws_key_pair.raft: Destruction complete after 0s[0m
[0m[1mmodule.node[4].aws_security_group.raft: Destroying... [id=sg-0735459ae69816cbf][0m[0m
[0m[1mmodule.node[2].aws_iam_instance_profile.raft_ssm: Destruction complete after 0s[0m
[0m[1mmodule.node[5].aws_iam_role.raft_ssm: Destroying... [id=raft-quic-same-ssm-node6][0m[0m
[0m[1mmodule.node[1].aws_iam_instance_profile.raft_ssm: Destruction complete after 0s[0m
[0m[1mmodule.node[0].aws_key_pair.raft: Destroying... [id=raft-quic-same-node1][0m[0m
[0m[1mmodule.node[2].aws_key_pair.raft: Destruction complete after 0s[0m
[0m[1mmodule.node[0].aws_iam_instance_profile.raft_ssm: Destroying... [id=raft-quic-same-ssm-node1][0m[0m
[0m[1mmodule.node[4].aws_iam_instance_profile.raft_ssm: Destruction complete after 0s[0m
[0m[1mmodule.node[0].aws_security_group.raft: Destroying... [id=sg-0566cbe4b3d7d2170][0m[0m
[0m[1mmodule.node[4].aws_key_pair.raft: Destruction complete after 0s[0m
[0m[1mmodule.node[5].aws_security_group.raft: Destruction complete after 1s[0m
[0m[1mmodule.node[6].aws_iam_instance_profile.raft_ssm: Destroying... [id=raft-quic-same-ssm-node7][0m[0m
[0m[1mmodule.node[6].aws_security_group.raft: Destroying... [id=sg-033692383ddf43621][0m[0m
[0m[1mmodule.node[3].aws_security_group.raft: Destruction complete after 2s[0m
[0m[1mmodule.node[6].aws_key_pair.raft: Destroying... [id=raft-quic-same-node7][0m[0m
[0m[1mmodule.node[0].aws_key_pair.raft: Destruction complete after 1s[0m
[0m[1mmodule.node[3].aws_iam_role.raft_ssm: Destroying... [id=raft-quic-same-ssm-node4][0m[0m
[0m[1mmodule.node[0].aws_iam_instance_profile.raft_ssm: Destruction complete after 1s[0m
[0m[1mmodule.node[2].aws_iam_role.raft_ssm: Destroying... [id=raft-quic-same-ssm-node3][0m[0m
[0m[1mmodule.node[2].aws_security_group.raft: Destruction complete after 1s[0m
[0m[1mmodule.node[1].aws_iam_role.raft_ssm: Destroying... [id=raft-quic-same-ssm-node2][0m[0m
[0m[1mmodule.node[6].aws_key_pair.raft: Destruction complete after 0s[0m
[0m[1mmodule.node[4].aws_iam_role.raft_ssm: Destroying... [id=raft-quic-same-ssm-node5][0m[0m
[0m[1mmodule.node[1].aws_security_group.raft: Destruction complete after 1s[0m
[0m[1mmodule.node[0].aws_iam_role.raft_ssm: Destroying... [id=raft-quic-same-ssm-node1][0m[0m
[0m[1mmodule.node[6].aws_iam_instance_profile.raft_ssm: Destruction complete after 0s[0m
[0m[1mmodule.node[5].aws_iam_role.raft_ssm: Destruction complete after 1s[0m
[0m[1mtls_private_key.ssh: Destroying... [id=961ade59587a188837070b5fba7191d9b3052fb2][0m[0m
[0m[1mtls_private_key.ssh: Destruction complete after 0s[0m
[0m[1mmodule.node[6].aws_iam_role.raft_ssm: Destroying... [id=raft-quic-same-ssm-node7][0m[0m
[0m[1mmodule.node[4].aws_security_group.raft: Destruction complete after 2s[0m
[0m[1mmodule.node[0].aws_security_group.raft: Destruction complete after 2s[0m
[0m[1mmodule.node[3].aws_iam_role.raft_ssm: Destruction complete after 1s[0m
[0m[1mmodule.node[6].aws_security_group.raft: Destruction complete after 1s[0m
[0m[1mmodule.node[2].aws_iam_role.raft_ssm: Destruction complete after 1s[0m
[0m[1mmodule.node[1].aws_iam_role.raft_ssm: Destruction complete after 1s[0m
[0m[1mmodule.node[4].aws_iam_role.raft_ssm: Destruction complete after 1s[0m
[0m[1mmodule.node[0].aws_iam_role.raft_ssm: Destruction complete after 1s[0m
[0m[1mmodule.node[6].aws_iam_role.raft_ssm: Destruction complete after 1s[0m
[0m[1m[32m
Destroy complete! Resources: 44 destroyed.[0m
[+] 集群已销毁
[+] 结果保存到 results/full-benchmark-20260420_132814/results/same-region_7nodes_20260420_142354/distributed_benchmark_20260420_145205.csv
[+] 报告保存到 results/full-benchmark-20260420_132814/results/same-region_7nodes_20260420_142354/distributed_benchmark_report.md

[+] 所有测试完成，结果保存到 results/full-benchmark-20260420_132814/results/same-region_7nodes_20260420_142354
