================================================================================
分布式性能测试框架 - TCP vs QUIC 对比
================================================================================
集群规模: [3]
场景: ['same-region']
写操作: 500
监控: 禁用
================================================================================
[*] 部署 3 节点 same-region 集群...
[0m[1mInitializing the backend...[0m
[0m[1mUpgrading modules...[0m
- node in ../modules/raft-node
[0m[1mInitializing provider plugins...[0m
- Finding hashicorp/aws versions matching "~> 5.0"...
- Finding hashicorp/tls versions matching "~> 4.0"...
- Finding hashicorp/local versions matching "~> 2.0"...
- Using previously-installed hashicorp/aws v5.100.0
- Using previously-installed hashicorp/tls v4.2.1
- Using previously-installed hashicorp/local v2.8.0

[0m[1m[32mTerraform has been successfully initialized![0m[32m[0m
[0m[32m
You may now begin working with Terraform. Try running "terraform plan" to see
any changes that are required for your infrastructure. All Terraform commands
should now work.

If you ever set or change modules or backend configuration for Terraform,
rerun this command to reinitialize your working directory. If you forget, other
commands will detect it and remind you to do so if necessary.[0m
[0m[1mmodule.node[1].data.aws_ami.al2023: Reading...[0m[0m
[0m[1mmodule.node[2].data.aws_iam_policy_document.ec2_assume_role: Reading...[0m[0m
[0m[1mmodule.node[1].data.aws_iam_policy_document.ec2_assume_role: Reading...[0m[0m
[0m[1mmodule.node[0].data.aws_iam_policy_document.ec2_assume_role: Reading...[0m[0m
[0m[1mmodule.node[0].data.aws_ami.al2023: Reading...[0m[0m
[0m[1mmodule.node[2].data.aws_ami.al2023: Reading...[0m[0m
[0m[1mmodule.node[2].data.aws_iam_policy_document.ec2_assume_role: Read complete after 0s [id=2851119427][0m
[0m[1mmodule.node[0].data.aws_iam_policy_document.ec2_assume_role: Read complete after 0s [id=2851119427][0m
[0m[1mmodule.node[1].data.aws_iam_policy_document.ec2_assume_role: Read complete after 0s [id=2851119427][0m
[0m[1mmodule.node[2].data.aws_ami.al2023: Read complete after 2s [id=ami-0102a36b3e9d5e4df][0m
[0m[1mmodule.node[0].data.aws_ami.al2023: Read complete after 2s [id=ami-0102a36b3e9d5e4df][0m
[0m[1mmodule.node[1].data.aws_ami.al2023: Read complete after 2s [id=ami-0102a36b3e9d5e4df][0m

Terraform used the selected providers to generate the following execution
plan. Resource actions are indicated with the following symbols:
  [32m+[0m create[0m

Terraform will perform the following actions:

[1m  # local_sensitive_file.ssh_key[0m will be created
[0m  [32m+[0m[0m resource "local_sensitive_file" "ssh_key" {
      [32m+[0m[0m content              = (sensitive value)
      [32m+[0m[0m content_base64sha256 = (known after apply)
      [32m+[0m[0m content_base64sha512 = (known after apply)
      [32m+[0m[0m content_md5          = (known after apply)
      [32m+[0m[0m content_sha1         = (known after apply)
      [32m+[0m[0m content_sha256       = (known after apply)
      [32m+[0m[0m content_sha512       = (known after apply)
      [32m+[0m[0m directory_permission = "0700"
      [32m+[0m[0m file_permission      = "0600"
      [32m+[0m[0m filename             = "./raft-key.pem"
      [32m+[0m[0m id                   = (known after apply)
    }

[1m  # tls_private_key.ssh[0m will be created
[0m  [32m+[0m[0m resource "tls_private_key" "ssh" {
      [32m+[0m[0m algorithm                     = "RSA"
      [32m+[0m[0m ecdsa_curve                   = "P224"
      [32m+[0m[0m id                            = (known after apply)
      [32m+[0m[0m private_key_openssh           = (sensitive value)
      [32m+[0m[0m private_key_pem               = (sensitive value)
      [32m+[0m[0m private_key_pem_pkcs8         = (sensitive value)
      [32m+[0m[0m public_key_fingerprint_md5    = (known after apply)
      [32m+[0m[0m public_key_fingerprint_sha256 = (known after apply)
      [32m+[0m[0m public_key_openssh            = (known after apply)
      [32m+[0m[0m public_key_pem                = (known after apply)
      [32m+[0m[0m rsa_bits                      = 4096
    }

[1m  # module.node[0].aws_iam_instance_profile.raft_ssm[0m will be created
[0m  [32m+[0m[0m resource "aws_iam_instance_profile" "raft_ssm" {
      [32m+[0m[0m arn         = (known after apply)
      [32m+[0m[0m create_date = (known after apply)
      [32m+[0m[0m id          = (known after apply)
      [32m+[0m[0m name        = "raft-quic-same-ssm-node1"
      [32m+[0m[0m name_prefix = (known after apply)
      [32m+[0m[0m path        = "/"
      [32m+[0m[0m role        = "raft-quic-same-ssm-node1"
      [32m+[0m[0m tags_all    = (known after apply)
      [32m+[0m[0m unique_id   = (known after apply)
    }

[1m  # module.node[0].aws_iam_role.raft_ssm[0m will be created
[0m  [32m+[0m[0m resource "aws_iam_role" "raft_ssm" {
      [32m+[0m[0m arn                   = (known after apply)
      [32m+[0m[0m assume_role_policy    = jsonencode(
            {
              [32m+[0m[0m Statement = [
                  [32m+[0m[0m {
                      [32m+[0m[0m Action    = "sts:AssumeRole"
                      [32m+[0m[0m Effect    = "Allow"
                      [32m+[0m[0m Principal = {
                          [32m+[0m[0m Service = "ec2.amazonaws.com"
                        }
                    },
                ]
              [32m+[0m[0m Version   = "2012-10-17"
            }
        )
      [32m+[0m[0m create_date           = (known after apply)
      [32m+[0m[0m force_detach_policies = false
      [32m+[0m[0m id                    = (known after apply)
      [32m+[0m[0m managed_policy_arns   = (known after apply)
      [32m+[0m[0m max_session_duration  = 3600
      [32m+[0m[0m name                  = "raft-quic-same-ssm-node1"
      [32m+[0m[0m name_prefix           = (known after apply)
      [32m+[0m[0m path                  = "/"
      [32m+[0m[0m tags                  = {
          [32m+[0m[0m "Node"    = "node1"
          [32m+[0m[0m "Project" = "raft-quic"
        }
      [32m+[0m[0m tags_all              = {
          [32m+[0m[0m "Node"    = "node1"
          [32m+[0m[0m "Project" = "raft-quic"
        }
      [32m+[0m[0m unique_id             = (known after apply)

      [32m+[0m[0m inline_policy (known after apply)
    }

[1m  # module.node[0].aws_iam_role_policy_attachment.ssm_core[0m will be created
[0m  [32m+[0m[0m resource "aws_iam_role_policy_attachment" "ssm_core" {
      [32m+[0m[0m id         = (known after apply)
      [32m+[0m[0m policy_arn = "arn:aws:iam::aws:policy/AmazonSSMManagedInstanceCore"
      [32m+[0m[0m role       = "raft-quic-same-ssm-node1"
    }

[1m  # module.node[0].aws_instance.node[0m will be created
[0m  [32m+[0m[0m resource "aws_instance" "node" {
      [32m+[0m[0m ami                                  = "ami-0102a36b3e9d5e4df"
      [32m+[0m[0m arn                                  = (known after apply)
      [32m+[0m[0m associate_public_ip_address          = true
      [32m+[0m[0m availability_zone                    = (known after apply)
      [32m+[0m[0m cpu_core_count                       = (known after apply)
      [32m+[0m[0m cpu_threads_per_core                 = (known after apply)
      [32m+[0m[0m disable_api_stop                     = (known after apply)
      [32m+[0m[0m disable_api_termination              = (known after apply)
      [32m+[0m[0m ebs_optimized                        = (known after apply)
      [32m+[0m[0m enable_primary_ipv6                  = (known after apply)
      [32m+[0m[0m get_password_data                    = false
      [32m+[0m[0m host_id                              = (known after apply)
      [32m+[0m[0m host_resource_group_arn              = (known after apply)
      [32m+[0m[0m iam_instance_profile                 = "raft-quic-same-ssm-node1"
      [32m+[0m[0m id                                   = (known after apply)
      [32m+[0m[0m instance_initiated_shutdown_behavior = (known after apply)
      [32m+[0m[0m instance_lifecycle                   = (known after apply)
      [32m+[0m[0m instance_state                       = (known after apply)
      [32m+[0m[0m instance_type                        = "t3.micro"
      [32m+[0m[0m ipv6_address_count                   = (known after apply)
      [32m+[0m[0m ipv6_addresses                       = (known after apply)
      [32m+[0m[0m key_name                             = "raft-quic-same-node1"
      [32m+[0m[0m monitoring                           = (known after apply)
      [32m+[0m[0m outpost_arn                          = (known after apply)
      [32m+[0m[0m password_data                        = (known after apply)
      [32m+[0m[0m placement_group                      = (known after apply)
      [32m+[0m[0m placement_partition_number           = (known after apply)
      [32m+[0m[0m primary_network_interface_id         = (known after apply)
      [32m+[0m[0m private_dns                          = (known after apply)
      [32m+[0m[0m private_ip                           = (known after apply)
      [32m+[0m[0m public_dns                           = (known after apply)
      [32m+[0m[0m public_ip                            = (known after apply)
      [32m+[0m[0m secondary_private_ips                = (known after apply)
      [32m+[0m[0m security_groups                      = (known after apply)
      [32m+[0m[0m source_dest_check                    = true
      [32m+[0m[0m spot_instance_request_id             = (known after apply)
      [32m+[0m[0m subnet_id                            = (known after apply)
      [32m+[0m[0m tags                                 = {
          [32m+[0m[0m "Name"    = "raft-quic-node1"
          [32m+[0m[0m "Node"    = "node1"
          [32m+[0m[0m "Project" = "raft-quic"
        }
      [32m+[0m[0m tags_all                             = {
          [32m+[0m[0m "Name"    = "raft-quic-node1"
          [32m+[0m[0m "Node"    = "node1"
          [32m+[0m[0m "Project" = "raft-quic"
        }
      [32m+[0m[0m tenancy                              = (known after apply)
      [32m+[0m[0m user_data                            = (known after apply)
      [32m+[0m[0m user_data_base64                     = (known after apply)
      [32m+[0m[0m user_data_replace_on_change          = false
      [32m+[0m[0m vpc_security_group_ids               = (known after apply)

      [32m+[0m[0m capacity_reservation_specification (known after apply)

      [32m+[0m[0m cpu_options (known after apply)

      [32m+[0m[0m ebs_block_device (known after apply)

      [32m+[0m[0m enclave_options (known after apply)

      [32m+[0m[0m ephemeral_block_device (known after apply)

      [32m+[0m[0m instance_market_options (known after apply)

      [32m+[0m[0m maintenance_options (known after apply)

      [32m+[0m[0m metadata_options (known after apply)

      [32m+[0m[0m network_interface (known after apply)

      [32m+[0m[0m private_dns_name_options (known after apply)

      [32m+[0m[0m root_block_device (known after apply)
    }

[1m  # module.node[0].aws_key_pair.raft[0m will be created
[0m  [32m+[0m[0m resource "aws_key_pair" "raft" {
      [32m+[0m[0m arn             = (known after apply)
      [32m+[0m[0m fingerprint     = (known after apply)
      [32m+[0m[0m id              = (known after apply)
      [32m+[0m[0m key_name        = "raft-quic-same-node1"
      [32m+[0m[0m key_name_prefix = (known after apply)
      [32m+[0m[0m key_pair_id     = (known after apply)
      [32m+[0m[0m key_type        = (known after apply)
      [32m+[0m[0m public_key      = (known after apply)
      [32m+[0m[0m tags            = {
          [32m+[0m[0m "Node"    = "node1"
          [32m+[0m[0m "Project" = "raft-quic"
        }
      [32m+[0m[0m tags_all        = {
          [32m+[0m[0m "Node"    = "node1"
          [32m+[0m[0m "Project" = "raft-quic"
        }
    }

[1m  # module.node[0].aws_security_group.raft[0m will be created
[0m  [32m+[0m[0m resource "aws_security_group" "raft" {
      [32m+[0m[0m arn                    = (known after apply)
      [32m+[0m[0m description            = "Raft-over-QUIC cluster node node1"
      [32m+[0m[0m egress                 = [
          [32m+[0m[0m {
              [32m+[0m[0m cidr_blocks      = [
                  [32m+[0m[0m "0.0.0.0/0",
                ]
              [32m+[0m[0m from_port        = 0
              [32m+[0m[0m ipv6_cidr_blocks = []
              [32m+[0m[0m prefix_list_ids  = []
              [32m+[0m[0m protocol         = "-1"
              [32m+[0m[0m security_groups  = []
              [32m+[0m[0m self             = false
              [32m+[0m[0m to_port          = 0
                [90m# (1 unchanged attribute hidden)[0m[0m
            },
        ]
      [32m+[0m[0m id                     = (known after apply)
      [32m+[0m[0m ingress                = [
          [32m+[0m[0m {
              [32m+[0m[0m cidr_blocks      = [
                  [32m+[0m[0m "0.0.0.0/0",
                ]
              [32m+[0m[0m from_port        = 22
              [32m+[0m[0m ipv6_cidr_blocks = []
              [32m+[0m[0m prefix_list_ids  = []
              [32m+[0m[0m protocol         = "tcp"
              [32m+[0m[0m security_groups  = []
              [32m+[0m[0m self             = false
              [32m+[0m[0m to_port          = 22
                [90m# (1 unchanged attribute hidden)[0m[0m
            },
          [32m+[0m[0m {
              [32m+[0m[0m cidr_blocks      = [
                  [32m+[0m[0m "0.0.0.0/0",
                ]
              [32m+[0m[0m from_port        = 7001
              [32m+[0m[0m ipv6_cidr_blocks = []
              [32m+[0m[0m prefix_list_ids  = []
              [32m+[0m[0m protocol         = "udp"
              [32m+[0m[0m security_groups  = []
              [32m+[0m[0m self             = false
              [32m+[0m[0m to_port          = 7001
                [90m# (1 unchanged attribute hidden)[0m[0m
            },
          [32m+[0m[0m {
              [32m+[0m[0m cidr_blocks      = [
                  [32m+[0m[0m "0.0.0.0/0",
                ]
              [32m+[0m[0m from_port        = 8001
              [32m+[0m[0m ipv6_cidr_blocks = []
              [32m+[0m[0m prefix_list_ids  = []
              [32m+[0m[0m protocol         = "tcp"
              [32m+[0m[0m security_groups  = []
              [32m+[0m[0m self             = false
              [32m+[0m[0m to_port          = 8001
                [90m# (1 unchanged attribute hidden)[0m[0m
            },
          [32m+[0m[0m {
              [32m+[0m[0m cidr_blocks      = [
                  [32m+[0m[0m "0.0.0.0/0",
                ]
              [32m+[0m[0m from_port        = 9001
              [32m+[0m[0m ipv6_cidr_blocks = []
              [32m+[0m[0m prefix_list_ids  = []
              [32m+[0m[0m protocol         = "tcp"
              [32m+[0m[0m security_groups  = []
              [32m+[0m[0m self             = false
              [32m+[0m[0m to_port          = 9001
                [90m# (1 unchanged attribute hidden)[0m[0m
            },
        ]
      [32m+[0m[0m name                   = "raft-quic-node1"
      [32m+[0m[0m name_prefix            = (known after apply)
      [32m+[0m[0m owner_id               = (known after apply)
      [32m+[0m[0m revoke_rules_on_delete = false
      [32m+[0m[0m tags                   = {
          [32m+[0m[0m "Node"    = "node1"
          [32m+[0m[0m "Project" = "raft-quic"
        }
      [32m+[0m[0m tags_all               = {
          [32m+[0m[0m "Node"    = "node1"
          [32m+[0m[0m "Project" = "raft-quic"
        }
      [32m+[0m[0m vpc_id                 = (known after apply)
    }

[1m  # module.node[1].aws_iam_instance_profile.raft_ssm[0m will be created
[0m  [32m+[0m[0m resource "aws_iam_instance_profile" "raft_ssm" {
      [32m+[0m[0m arn         = (known after apply)
      [32m+[0m[0m create_date = (known after apply)
      [32m+[0m[0m id          = (known after apply)
      [32m+[0m[0m name        = "raft-quic-same-ssm-node2"
      [32m+[0m[0m name_prefix = (known after apply)
      [32m+[0m[0m path        = "/"
      [32m+[0m[0m role        = "raft-quic-same-ssm-node2"
      [32m+[0m[0m tags_all    = (known after apply)
      [32m+[0m[0m unique_id   = (known after apply)
    }

[1m  # module.node[1].aws_iam_role.raft_ssm[0m will be created
[0m  [32m+[0m[0m resource "aws_iam_role" "raft_ssm" {
      [32m+[0m[0m arn                   = (known after apply)
      [32m+[0m[0m assume_role_policy    = jsonencode(
            {
              [32m+[0m[0m Statement = [
                  [32m+[0m[0m {
                      [32m+[0m[0m Action    = "sts:AssumeRole"
                      [32m+[0m[0m Effect    = "Allow"
                      [32m+[0m[0m Principal = {
                          [32m+[0m[0m Service = "ec2.amazonaws.com"
                        }
                    },
                ]
              [32m+[0m[0m Version   = "2012-10-17"
            }
        )
      [32m+[0m[0m create_date           = (known after apply)
      [32m+[0m[0m force_detach_policies = false
      [32m+[0m[0m id                    = (known after apply)
      [32m+[0m[0m managed_policy_arns   = (known after apply)
      [32m+[0m[0m max_session_duration  = 3600
      [32m+[0m[0m name                  = "raft-quic-same-ssm-node2"
      [32m+[0m[0m name_prefix           = (known after apply)
      [32m+[0m[0m path                  = "/"
      [32m+[0m[0m tags                  = {
          [32m+[0m[0m "Node"    = "node2"
          [32m+[0m[0m "Project" = "raft-quic"
        }
      [32m+[0m[0m tags_all              = {
          [32m+[0m[0m "Node"    = "node2"
          [32m+[0m[0m "Project" = "raft-quic"
        }
      [32m+[0m[0m unique_id             = (known after apply)

      [32m+[0m[0m inline_policy (known after apply)
    }

[1m  # module.node[1].aws_iam_role_policy_attachment.ssm_core[0m will be created
[0m  [32m+[0m[0m resource "aws_iam_role_policy_attachment" "ssm_core" {
      [32m+[0m[0m id         = (known after apply)
      [32m+[0m[0m policy_arn = "arn:aws:iam::aws:policy/AmazonSSMManagedInstanceCore"
      [32m+[0m[0m role       = "raft-quic-same-ssm-node2"
    }

[1m  # module.node[1].aws_instance.node[0m will be created
[0m  [32m+[0m[0m resource "aws_instance" "node" {
      [32m+[0m[0m ami                                  = "ami-0102a36b3e9d5e4df"
      [32m+[0m[0m arn                                  = (known after apply)
      [32m+[0m[0m associate_public_ip_address          = true
      [32m+[0m[0m availability_zone                    = (known after apply)
      [32m+[0m[0m cpu_core_count                       = (known after apply)
      [32m+[0m[0m cpu_threads_per_core                 = (known after apply)
      [32m+[0m[0m disable_api_stop                     = (known after apply)
      [32m+[0m[0m disable_api_termination              = (known after apply)
      [32m+[0m[0m ebs_optimized                        = (known after apply)
      [32m+[0m[0m enable_primary_ipv6                  = (known after apply)
      [32m+[0m[0m get_password_data                    = false
      [32m+[0m[0m host_id                              = (known after apply)
      [32m+[0m[0m host_resource_group_arn              = (known after apply)
      [32m+[0m[0m iam_instance_profile                 = "raft-quic-same-ssm-node2"
      [32m+[0m[0m id                                   = (known after apply)
      [32m+[0m[0m instance_initiated_shutdown_behavior = (known after apply)
      [32m+[0m[0m instance_lifecycle                   = (known after apply)
      [32m+[0m[0m instance_state                       = (known after apply)
      [32m+[0m[0m instance_type                        = "t3.micro"
      [32m+[0m[0m ipv6_address_count                   = (known after apply)
      [32m+[0m[0m ipv6_addresses                       = (known after apply)
      [32m+[0m[0m key_name                             = "raft-quic-same-node2"
      [32m+[0m[0m monitoring                           = (known after apply)
      [32m+[0m[0m outpost_arn                          = (known after apply)
      [32m+[0m[0m password_data                        = (known after apply)
      [32m+[0m[0m placement_group                      = (known after apply)
      [32m+[0m[0m placement_partition_number           = (known after apply)
      [32m+[0m[0m primary_network_interface_id         = (known after apply)
      [32m+[0m[0m private_dns                          = (known after apply)
      [32m+[0m[0m private_ip                           = (known after apply)
      [32m+[0m[0m public_dns                           = (known after apply)
      [32m+[0m[0m public_ip                            = (known after apply)
      [32m+[0m[0m secondary_private_ips                = (known after apply)
      [32m+[0m[0m security_groups                      = (known after apply)
      [32m+[0m[0m source_dest_check                    = true
      [32m+[0m[0m spot_instance_request_id             = (known after apply)
      [32m+[0m[0m subnet_id                            = (known after apply)
      [32m+[0m[0m tags                                 = {
          [32m+[0m[0m "Name"    = "raft-quic-node2"
          [32m+[0m[0m "Node"    = "node2"
          [32m+[0m[0m "Project" = "raft-quic"
        }
      [32m+[0m[0m tags_all                             = {
          [32m+[0m[0m "Name"    = "raft-quic-node2"
          [32m+[0m[0m "Node"    = "node2"
          [32m+[0m[0m "Project" = "raft-quic"
        }
      [32m+[0m[0m tenancy                              = (known after apply)
      [32m+[0m[0m user_data                            = (known after apply)
      [32m+[0m[0m user_data_base64                     = (known after apply)
      [32m+[0m[0m user_data_replace_on_change          = false
      [32m+[0m[0m vpc_security_group_ids               = (known after apply)

      [32m+[0m[0m capacity_reservation_specification (known after apply)

      [32m+[0m[0m cpu_options (known after apply)

      [32m+[0m[0m ebs_block_device (known after apply)

      [32m+[0m[0m enclave_options (known after apply)

      [32m+[0m[0m ephemeral_block_device (known after apply)

      [32m+[0m[0m instance_market_options (known after apply)

      [32m+[0m[0m maintenance_options (known after apply)

      [32m+[0m[0m metadata_options (known after apply)

      [32m+[0m[0m network_interface (known after apply)

      [32m+[0m[0m private_dns_name_options (known after apply)

      [32m+[0m[0m root_block_device (known after apply)
    }

[1m  # module.node[1].aws_key_pair.raft[0m will be created
[0m  [32m+[0m[0m resource "aws_key_pair" "raft" {
      [32m+[0m[0m arn             = (known after apply)
      [32m+[0m[0m fingerprint     = (known after apply)
      [32m+[0m[0m id              = (known after apply)
      [32m+[0m[0m key_name        = "raft-quic-same-node2"
      [32m+[0m[0m key_name_prefix = (known after apply)
      [32m+[0m[0m key_pair_id     = (known after apply)
      [32m+[0m[0m key_type        = (known after apply)
      [32m+[0m[0m public_key      = (known after apply)
      [32m+[0m[0m tags            = {
          [32m+[0m[0m "Node"    = "node2"
          [32m+[0m[0m "Project" = "raft-quic"
        }
      [32m+[0m[0m tags_all        = {
          [32m+[0m[0m "Node"    = "node2"
          [32m+[0m[0m "Project" = "raft-quic"
        }
    }

[1m  # module.node[1].aws_security_group.raft[0m will be created
[0m  [32m+[0m[0m resource "aws_security_group" "raft" {
      [32m+[0m[0m arn                    = (known after apply)
      [32m+[0m[0m description            = "Raft-over-QUIC cluster node node2"
      [32m+[0m[0m egress                 = [
          [32m+[0m[0m {
              [32m+[0m[0m cidr_blocks      = [
                  [32m+[0m[0m "0.0.0.0/0",
                ]
              [32m+[0m[0m from_port        = 0
              [32m+[0m[0m ipv6_cidr_blocks = []
              [32m+[0m[0m prefix_list_ids  = []
              [32m+[0m[0m protocol         = "-1"
              [32m+[0m[0m security_groups  = []
              [32m+[0m[0m self             = false
              [32m+[0m[0m to_port          = 0
                [90m# (1 unchanged attribute hidden)[0m[0m
            },
        ]
      [32m+[0m[0m id                     = (known after apply)
      [32m+[0m[0m ingress                = [
          [32m+[0m[0m {
              [32m+[0m[0m cidr_blocks      = [
                  [32m+[0m[0m "0.0.0.0/0",
                ]
              [32m+[0m[0m from_port        = 22
              [32m+[0m[0m ipv6_cidr_blocks = []
              [32m+[0m[0m prefix_list_ids  = []
              [32m+[0m[0m protocol         = "tcp"
              [32m+[0m[0m security_groups  = []
              [32m+[0m[0m self             = false
              [32m+[0m[0m to_port          = 22
                [90m# (1 unchanged attribute hidden)[0m[0m
            },
          [32m+[0m[0m {
              [32m+[0m[0m cidr_blocks      = [
                  [32m+[0m[0m "0.0.0.0/0",
                ]
              [32m+[0m[0m from_port        = 7001
              [32m+[0m[0m ipv6_cidr_blocks = []
              [32m+[0m[0m prefix_list_ids  = []
              [32m+[0m[0m protocol         = "udp"
              [32m+[0m[0m security_groups  = []
              [32m+[0m[0m self             = false
              [32m+[0m[0m to_port          = 7001
                [90m# (1 unchanged attribute hidden)[0m[0m
            },
          [32m+[0m[0m {
              [32m+[0m[0m cidr_blocks      = [
                  [32m+[0m[0m "0.0.0.0/0",
                ]
              [32m+[0m[0m from_port        = 8001
              [32m+[0m[0m ipv6_cidr_blocks = []
              [32m+[0m[0m prefix_list_ids  = []
              [32m+[0m[0m protocol         = "tcp"
              [32m+[0m[0m security_groups  = []
              [32m+[0m[0m self             = false
              [32m+[0m[0m to_port          = 8001
                [90m# (1 unchanged attribute hidden)[0m[0m
            },
          [32m+[0m[0m {
              [32m+[0m[0m cidr_blocks      = [
                  [32m+[0m[0m "0.0.0.0/0",
                ]
              [32m+[0m[0m from_port        = 9001
              [32m+[0m[0m ipv6_cidr_blocks = []
              [32m+[0m[0m prefix_list_ids  = []
              [32m+[0m[0m protocol         = "tcp"
              [32m+[0m[0m security_groups  = []
              [32m+[0m[0m self             = false
              [32m+[0m[0m to_port          = 9001
                [90m# (1 unchanged attribute hidden)[0m[0m
            },
        ]
      [32m+[0m[0m name                   = "raft-quic-node2"
      [32m+[0m[0m name_prefix            = (known after apply)
      [32m+[0m[0m owner_id               = (known after apply)
      [32m+[0m[0m revoke_rules_on_delete = false
      [32m+[0m[0m tags                   = {
          [32m+[0m[0m "Node"    = "node2"
          [32m+[0m[0m "Project" = "raft-quic"
        }
      [32m+[0m[0m tags_all               = {
          [32m+[0m[0m "Node"    = "node2"
          [32m+[0m[0m "Project" = "raft-quic"
        }
      [32m+[0m[0m vpc_id                 = (known after apply)
    }

[1m  # module.node[2].aws_iam_instance_profile.raft_ssm[0m will be created
[0m  [32m+[0m[0m resource "aws_iam_instance_profile" "raft_ssm" {
      [32m+[0m[0m arn         = (known after apply)
      [32m+[0m[0m create_date = (known after apply)
      [32m+[0m[0m id          = (known after apply)
      [32m+[0m[0m name        = "raft-quic-same-ssm-node3"
      [32m+[0m[0m name_prefix = (known after apply)
      [32m+[0m[0m path        = "/"
      [32m+[0m[0m role        = "raft-quic-same-ssm-node3"
      [32m+[0m[0m tags_all    = (known after apply)
      [32m+[0m[0m unique_id   = (known after apply)
    }

[1m  # module.node[2].aws_iam_role.raft_ssm[0m will be created
[0m  [32m+[0m[0m resource "aws_iam_role" "raft_ssm" {
      [32m+[0m[0m arn                   = (known after apply)
      [32m+[0m[0m assume_role_policy    = jsonencode(
            {
              [32m+[0m[0m Statement = [
                  [32m+[0m[0m {
                      [32m+[0m[0m Action    = "sts:AssumeRole"
                      [32m+[0m[0m Effect    = "Allow"
                      [32m+[0m[0m Principal = {
                          [32m+[0m[0m Service = "ec2.amazonaws.com"
                        }
                    },
                ]
              [32m+[0m[0m Version   = "2012-10-17"
            }
        )
      [32m+[0m[0m create_date           = (known after apply)
      [32m+[0m[0m force_detach_policies = false
      [32m+[0m[0m id                    = (known after apply)
      [32m+[0m[0m managed_policy_arns   = (known after apply)
      [32m+[0m[0m max_session_duration  = 3600
      [32m+[0m[0m name                  = "raft-quic-same-ssm-node3"
      [32m+[0m[0m name_prefix           = (known after apply)
      [32m+[0m[0m path                  = "/"
      [32m+[0m[0m tags                  = {
          [32m+[0m[0m "Node"    = "node3"
          [32m+[0m[0m "Project" = "raft-quic"
        }
      [32m+[0m[0m tags_all              = {
          [32m+[0m[0m "Node"    = "node3"
          [32m+[0m[0m "Project" = "raft-quic"
        }
      [32m+[0m[0m unique_id             = (known after apply)

      [32m+[0m[0m inline_policy (known after apply)
    }

[1m  # module.node[2].aws_iam_role_policy_attachment.ssm_core[0m will be created
[0m  [32m+[0m[0m resource "aws_iam_role_policy_attachment" "ssm_core" {
      [32m+[0m[0m id         = (known after apply)
      [32m+[0m[0m policy_arn = "arn:aws:iam::aws:policy/AmazonSSMManagedInstanceCore"
      [32m+[0m[0m role       = "raft-quic-same-ssm-node3"
    }

[1m  # module.node[2].aws_instance.node[0m will be created
[0m  [32m+[0m[0m resource "aws_instance" "node" {
      [32m+[0m[0m ami                                  = "ami-0102a36b3e9d5e4df"
      [32m+[0m[0m arn                                  = (known after apply)
      [32m+[0m[0m associate_public_ip_address          = true
      [32m+[0m[0m availability_zone                    = (known after apply)
      [32m+[0m[0m cpu_core_count                       = (known after apply)
      [32m+[0m[0m cpu_threads_per_core                 = (known after apply)
      [32m+[0m[0m disable_api_stop                     = (known after apply)
      [32m+[0m[0m disable_api_termination              = (known after apply)
      [32m+[0m[0m ebs_optimized                        = (known after apply)
      [32m+[0m[0m enable_primary_ipv6                  = (known after apply)
      [32m+[0m[0m get_password_data                    = false
      [32m+[0m[0m host_id                              = (known after apply)
      [32m+[0m[0m host_resource_group_arn              = (known after apply)
      [32m+[0m[0m iam_instance_profile                 = "raft-quic-same-ssm-node3"
      [32m+[0m[0m id                                   = (known after apply)
      [32m+[0m[0m instance_initiated_shutdown_behavior = (known after apply)
      [32m+[0m[0m instance_lifecycle                   = (known after apply)
      [32m+[0m[0m instance_state                       = (known after apply)
      [32m+[0m[0m instance_type                        = "t3.micro"
      [32m+[0m[0m ipv6_address_count                   = (known after apply)
      [32m+[0m[0m ipv6_addresses                       = (known after apply)
      [32m+[0m[0m key_name                             = "raft-quic-same-node3"
      [32m+[0m[0m monitoring                           = (known after apply)
      [32m+[0m[0m outpost_arn                          = (known after apply)
      [32m+[0m[0m password_data                        = (known after apply)
      [32m+[0m[0m placement_group                      = (known after apply)
      [32m+[0m[0m placement_partition_number           = (known after apply)
      [32m+[0m[0m primary_network_interface_id         = (known after apply)
      [32m+[0m[0m private_dns                          = (known after apply)
      [32m+[0m[0m private_ip                           = (known after apply)
      [32m+[0m[0m public_dns                           = (known after apply)
      [32m+[0m[0m public_ip                            = (known after apply)
      [32m+[0m[0m secondary_private_ips                = (known after apply)
      [32m+[0m[0m security_groups                      = (known after apply)
      [32m+[0m[0m source_dest_check                    = true
      [32m+[0m[0m spot_instance_request_id             = (known after apply)
      [32m+[0m[0m subnet_id                            = (known after apply)
      [32m+[0m[0m tags                                 = {
          [32m+[0m[0m "Name"    = "raft-quic-node3"
          [32m+[0m[0m "Node"    = "node3"
          [32m+[0m[0m "Project" = "raft-quic"
        }
      [32m+[0m[0m tags_all                             = {
          [32m+[0m[0m "Name"    = "raft-quic-node3"
          [32m+[0m[0m "Node"    = "node3"
          [32m+[0m[0m "Project" = "raft-quic"
        }
      [32m+[0m[0m tenancy                              = (known after apply)
      [32m+[0m[0m user_data                            = (known after apply)
      [32m+[0m[0m user_data_base64                     = (known after apply)
      [32m+[0m[0m user_data_replace_on_change          = false
      [32m+[0m[0m vpc_security_group_ids               = (known after apply)

      [32m+[0m[0m capacity_reservation_specification (known after apply)

      [32m+[0m[0m cpu_options (known after apply)

      [32m+[0m[0m ebs_block_device (known after apply)

      [32m+[0m[0m enclave_options (known after apply)

      [32m+[0m[0m ephemeral_block_device (known after apply)

      [32m+[0m[0m instance_market_options (known after apply)

      [32m+[0m[0m maintenance_options (known after apply)

      [32m+[0m[0m metadata_options (known after apply)

      [32m+[0m[0m network_interface (known after apply)

      [32m+[0m[0m private_dns_name_options (known after apply)

      [32m+[0m[0m root_block_device (known after apply)
    }

[1m  # module.node[2].aws_key_pair.raft[0m will be created
[0m  [32m+[0m[0m resource "aws_key_pair" "raft" {
      [32m+[0m[0m arn             = (known after apply)
      [32m+[0m[0m fingerprint     = (known after apply)
      [32m+[0m[0m id              = (known after apply)
      [32m+[0m[0m key_name        = "raft-quic-same-node3"
      [32m+[0m[0m key_name_prefix = (known after apply)
      [32m+[0m[0m key_pair_id     = (known after apply)
      [32m+[0m[0m key_type        = (known after apply)
      [32m+[0m[0m public_key      = (known after apply)
      [32m+[0m[0m tags            = {
          [32m+[0m[0m "Node"    = "node3"
          [32m+[0m[0m "Project" = "raft-quic"
        }
      [32m+[0m[0m tags_all        = {
          [32m+[0m[0m "Node"    = "node3"
          [32m+[0m[0m "Project" = "raft-quic"
        }
    }

[1m  # module.node[2].aws_security_group.raft[0m will be created
[0m  [32m+[0m[0m resource "aws_security_group" "raft" {
      [32m+[0m[0m arn                    = (known after apply)
      [32m+[0m[0m description            = "Raft-over-QUIC cluster node node3"
      [32m+[0m[0m egress                 = [
          [32m+[0m[0m {
              [32m+[0m[0m cidr_blocks      = [
                  [32m+[0m[0m "0.0.0.0/0",
                ]
              [32m+[0m[0m from_port        = 0
              [32m+[0m[0m ipv6_cidr_blocks = []
              [32m+[0m[0m prefix_list_ids  = []
              [32m+[0m[0m protocol         = "-1"
              [32m+[0m[0m security_groups  = []
              [32m+[0m[0m self             = false
              [32m+[0m[0m to_port          = 0
                [90m# (1 unchanged attribute hidden)[0m[0m
            },
        ]
      [32m+[0m[0m id                     = (known after apply)
      [32m+[0m[0m ingress                = [
          [32m+[0m[0m {
              [32m+[0m[0m cidr_blocks      = [
                  [32m+[0m[0m "0.0.0.0/0",
                ]
              [32m+[0m[0m from_port        = 22
              [32m+[0m[0m ipv6_cidr_blocks = []
              [32m+[0m[0m prefix_list_ids  = []
              [32m+[0m[0m protocol         = "tcp"
              [32m+[0m[0m security_groups  = []
              [32m+[0m[0m self             = false
              [32m+[0m[0m to_port          = 22
                [90m# (1 unchanged attribute hidden)[0m[0m
            },
          [32m+[0m[0m {
              [32m+[0m[0m cidr_blocks      = [
                  [32m+[0m[0m "0.0.0.0/0",
                ]
              [32m+[0m[0m from_port        = 7001
              [32m+[0m[0m ipv6_cidr_blocks = []
              [32m+[0m[0m prefix_list_ids  = []
              [32m+[0m[0m protocol         = "udp"
              [32m+[0m[0m security_groups  = []
              [32m+[0m[0m self             = false
              [32m+[0m[0m to_port          = 7001
                [90m# (1 unchanged attribute hidden)[0m[0m
            },
          [32m+[0m[0m {
              [32m+[0m[0m cidr_blocks      = [
                  [32m+[0m[0m "0.0.0.0/0",
                ]
              [32m+[0m[0m from_port        = 8001
              [32m+[0m[0m ipv6_cidr_blocks = []
              [32m+[0m[0m prefix_list_ids  = []
              [32m+[0m[0m protocol         = "tcp"
              [32m+[0m[0m security_groups  = []
              [32m+[0m[0m self             = false
              [32m+[0m[0m to_port          = 8001
                [90m# (1 unchanged attribute hidden)[0m[0m
            },
          [32m+[0m[0m {
              [32m+[0m[0m cidr_blocks      = [
                  [32m+[0m[0m "0.0.0.0/0",
                ]
              [32m+[0m[0m from_port        = 9001
              [32m+[0m[0m ipv6_cidr_blocks = []
              [32m+[0m[0m prefix_list_ids  = []
              [32m+[0m[0m protocol         = "tcp"
              [32m+[0m[0m security_groups  = []
              [32m+[0m[0m self             = false
              [32m+[0m[0m to_port          = 9001
                [90m# (1 unchanged attribute hidden)[0m[0m
            },
        ]
      [32m+[0m[0m name                   = "raft-quic-node3"
      [32m+[0m[0m name_prefix            = (known after apply)
      [32m+[0m[0m owner_id               = (known after apply)
      [32m+[0m[0m revoke_rules_on_delete = false
      [32m+[0m[0m tags                   = {
          [32m+[0m[0m "Node"    = "node3"
          [32m+[0m[0m "Project" = "raft-quic"
        }
      [32m+[0m[0m tags_all               = {
          [32m+[0m[0m "Node"    = "node3"
          [32m+[0m[0m "Project" = "raft-quic"
        }
      [32m+[0m[0m vpc_id                 = (known after apply)
    }

[1mPlan:[0m [0m20 to add, 0 to change, 0 to destroy.

Changes to Outputs:
  [32m+[0m[0m instance_ids  = [
      [32m+[0m[0m (known after apply),
      [32m+[0m[0m (known after apply),
      [32m+[0m[0m (known after apply),
    ]
  [32m+[0m[0m node_ids      = [
      [32m+[0m[0m "node1",
      [32m+[0m[0m "node2",
      [32m+[0m[0m "node3",
    ]
  [32m+[0m[0m node_ips      = [
      [32m+[0m[0m (known after apply),
      [32m+[0m[0m (known after apply),
      [32m+[0m[0m (known after apply),
    ]
  [32m+[0m[0m region_labels = [
      [32m+[0m[0m "us-east-1",
      [32m+[0m[0m "us-east-1",
      [32m+[0m[0m "us-east-1",
    ]
  [32m+[0m[0m scenario      = "same-region"
  [32m+[0m[0m ssh_key_file  = "./raft-key.pem"
  [32m+[0m[0m ssh_user      = "ec2-user"
[0m[1mtls_private_key.ssh: Creating...[0m[0m
[0m[1mmodule.node[0].aws_iam_role.raft_ssm: Creating...[0m[0m
[0m[1mmodule.node[2].aws_iam_role.raft_ssm: Creating...[0m[0m
[0m[1mmodule.node[0].aws_security_group.raft: Creating...[0m[0m
[0m[1mmodule.node[1].aws_iam_role.raft_ssm: Creating...[0m[0m
[0m[1mmodule.node[2].aws_security_group.raft: Creating...[0m[0m
[0m[1mmodule.node[1].aws_security_group.raft: Creating...[0m[0m
[0m[1mtls_private_key.ssh: Creation complete after 2s [id=78c1724e856552c19d4ef91e305f91f32867ffcc][0m
[0m[1mmodule.node[2].aws_key_pair.raft: Creating...[0m[0m
[0m[1mmodule.node[1].aws_key_pair.raft: Creating...[0m[0m
[0m[1mmodule.node[0].aws_key_pair.raft: Creating...[0m[0m
[0m[1mlocal_sensitive_file.ssh_key: Creating...[0m[0m
[0m[1mlocal_sensitive_file.ssh_key: Creation complete after 0s [id=e1fec3c0baddcd827ab3ae0577c9353b402b0846][0m
[0m[1mmodule.node[0].aws_key_pair.raft: Creation complete after 2s [id=raft-quic-same-node1][0m
[0m[1mmodule.node[2].aws_key_pair.raft: Creation complete after 2s [id=raft-quic-same-node3][0m
[0m[1mmodule.node[1].aws_key_pair.raft: Creation complete after 2s [id=raft-quic-same-node2][0m
[0m[1mmodule.node[1].aws_iam_role.raft_ssm: Creation complete after 3s [id=raft-quic-same-ssm-node2][0m
[0m[1mmodule.node[0].aws_iam_role.raft_ssm: Creation complete after 3s [id=raft-quic-same-ssm-node1][0m
[0m[1mmodule.node[2].aws_iam_role.raft_ssm: Creation complete after 3s [id=raft-quic-same-ssm-node3][0m
[0m[1mmodule.node[2].aws_iam_role_policy_attachment.ssm_core: Creating...[0m[0m
[0m[1mmodule.node[1].aws_iam_role_policy_attachment.ssm_core: Creating...[0m[0m
[0m[1mmodule.node[0].aws_iam_role_policy_attachment.ssm_core: Creating...[0m[0m
[0m[1mmodule.node[0].aws_iam_instance_profile.raft_ssm: Creating...[0m[0m
[0m[1mmodule.node[1].aws_iam_instance_profile.raft_ssm: Creating...[0m[0m
[0m[1mmodule.node[2].aws_iam_instance_profile.raft_ssm: Creating...[0m[0m
[0m[1mmodule.node[0].aws_iam_role_policy_attachment.ssm_core: Creation complete after 1s [id=raft-quic-same-ssm-node1-20260420052828984600000001][0m
[0m[1mmodule.node[1].aws_iam_role_policy_attachment.ssm_core: Creation complete after 1s [id=raft-quic-same-ssm-node2-20260420052829009500000002][0m
[0m[1mmodule.node[2].aws_iam_role_policy_attachment.ssm_core: Creation complete after 1s [id=raft-quic-same-ssm-node3-20260420052829023600000003][0m
[0m[1mmodule.node[1].aws_security_group.raft: Creation complete after 6s [id=sg-0015d743eb7aaa87f][0m
[0m[1mmodule.node[2].aws_security_group.raft: Creation complete after 6s [id=sg-0baa24aafb1e3be4a][0m
[0m[1mmodule.node[0].aws_security_group.raft: Creation complete after 6s [id=sg-0255c080470010cda][0m
[0m[1mmodule.node[0].aws_iam_instance_profile.raft_ssm: Creation complete after 8s [id=raft-quic-same-ssm-node1][0m
[0m[1mmodule.node[2].aws_iam_instance_profile.raft_ssm: Creation complete after 8s [id=raft-quic-same-ssm-node3][0m
[0m[1mmodule.node[1].aws_iam_instance_profile.raft_ssm: Creation complete after 8s [id=raft-quic-same-ssm-node2][0m
[0m[1mmodule.node[1].aws_instance.node: Creating...[0m[0m
[0m[1mmodule.node[2].aws_instance.node: Creating...[0m[0m
[0m[1mmodule.node[0].aws_instance.node: Creating...[0m[0m
[0m[1mmodule.node[2].aws_instance.node: Still creating... [00m10s elapsed][0m[0m
[0m[1mmodule.node[1].aws_instance.node: Still creating... [00m10s elapsed][0m[0m
[0m[1mmodule.node[0].aws_instance.node: Still creating... [00m10s elapsed][0m[0m
[0m[1mmodule.node[1].aws_instance.node: Creation complete after 16s [id=i-0caf8b18608d1ee07][0m
[0m[1mmodule.node[0].aws_instance.node: Creation complete after 16s [id=i-0104b629c3c25a595][0m
[0m[1mmodule.node[2].aws_instance.node: Creation complete after 17s [id=i-062578b79f0f889a3][0m
[0m[1m[32m
Apply complete! Resources: 20 added, 0 changed, 0 destroyed.[0m
[0m[1m[32m
Outputs:

[0minstance_ids = [
  "i-0104b629c3c25a595",
  "i-0caf8b18608d1ee07",
  "i-062578b79f0f889a3",
]
node_ids = [
  "node1",
  "node2",
  "node3",
]
node_ips = [
  "174.129.73.69",
  "18.212.76.109",
  "54.92.200.138",
]
region_labels = [
  "us-east-1",
  "us-east-1",
  "us-east-1",
]
scenario = "same-region"
ssh_key_file = "./raft-key.pem"
ssh_user = "ec2-user"
[+] 集群配置已保存: /Users/richard/code/raft-quic/deploy/cluster-same-region-3.env
[*] 上传二进制到 S3（供 SSM 拉取）...
/Users/richard/code/raft-quic/scripts/distributed_benchmark.py:231: DeprecationWarning: datetime.datetime.utcnow() is deprecated and scheduled for removal in a future version. Use timezone-aware objects to represent datetimes in UTC: datetime.datetime.now(datetime.UTC).
  suffix = f"{datetime.utcnow().strftime('%Y%m%d%H%M%S')}-{os.getpid()}-{self.scenario}-{self.cluster_size}"
Completed 1.0 MiB/13.2 MiB (870.2 KiB/s) with 1 file(s) remainingCompleted 2.0 MiB/13.2 MiB (1.4 MiB/s) with 1 file(s) remaining  Completed 3.0 MiB/13.2 MiB (2.0 MiB/s) with 1 file(s) remaining  Completed 4.0 MiB/13.2 MiB (2.7 MiB/s) with 1 file(s) remaining  Completed 5.0 MiB/13.2 MiB (3.3 MiB/s) with 1 file(s) remaining  Completed 6.0 MiB/13.2 MiB (3.8 MiB/s) with 1 file(s) remaining  Completed 7.0 MiB/13.2 MiB (4.4 MiB/s) with 1 file(s) remaining  Completed 8.0 MiB/13.2 MiB (4.5 MiB/s) with 1 file(s) remaining  Completed 9.0 MiB/13.2 MiB (5.1 MiB/s) with 1 file(s) remaining  Completed 10.0 MiB/13.2 MiB (4.9 MiB/s) with 1 file(s) remaining Completed 11.0 MiB/13.2 MiB (5.2 MiB/s) with 1 file(s) remaining Completed 12.0 MiB/13.2 MiB (5.7 MiB/s) with 1 file(s) remaining Completed 13.0 MiB/13.2 MiB (6.0 MiB/s) with 1 file(s) remaining Completed 13.2 MiB/13.2 MiB (2.0 MiB/s) with 1 file(s) remaining upload: ./raftd-linux-amd64 to s3://raft-quic-artifacts-560449670342-us-east-1/distributed-benchmark/20260420052857-39585-same-region-3/raftd-linux-amd64
Completed 1.0 MiB/7.8 MiB (1.1 MiB/s) with 1 file(s) remainingCompleted 2.0 MiB/7.8 MiB (1.7 MiB/s) with 1 file(s) remainingCompleted 3.0 MiB/7.8 MiB (2.4 MiB/s) with 1 file(s) remainingCompleted 4.0 MiB/7.8 MiB (3.1 MiB/s) with 1 file(s) remainingCompleted 5.0 MiB/7.8 MiB (3.8 MiB/s) with 1 file(s) remainingCompleted 6.0 MiB/7.8 MiB (4.5 MiB/s) with 1 file(s) remainingCompleted 7.0 MiB/7.8 MiB (5.2 MiB/s) with 1 file(s) remainingCompleted 7.8 MiB/7.8 MiB (5.6 MiB/s) with 1 file(s) remainingupload: cmd/tcp-server/tcp-server-linux-amd64 to s3://raft-quic-artifacts-560449670342-us-east-1/distributed-benchmark/20260420052857-39585-same-region-3/tcp-server-linux-amd64
[+] 二进制已上传并生成预签名下载链接
[*] 等待 SSM 就绪: node1 (i-0104b629c3c25a595, us-east-1)
[+] SSM 就绪: node1
[*] 等待 SSM 就绪: node2 (i-0caf8b18608d1ee07, us-east-1)
[+] SSM 就绪: node2
[*] 等待 SSM 就绪: node3 (i-062578b79f0f889a3, us-east-1)
[+] SSM 就绪: node3
[*] 通过 SSM 启动 bootstrap 节点: node1
[*] 通过 SSM 启动 follower 节点: node2
[*] 通过 SSM 启动 follower 节点: node3
[*] 等待集群状态稳定...
[+] 集群状态已就绪
delete: s3://raft-quic-artifacts-560449670342-us-east-1/distributed-benchmark/20260420052857-39585-same-region-3/raftd-linux-amd64
delete: s3://raft-quic-artifacts-560449670342-us-east-1/distributed-benchmark/20260420052857-39585-same-region-3/tcp-server-linux-amd64
[+] 集群部署并启动完成: ['node1', 'node2', 'node3']

[*] 运行 QUIC 基准测试 (3 节点, same-region)...
[+] 发现 leader: node2 (18.212.76.109)

[*] 运行 TCP 基准测试 (3 节点, same-region)...
[+] 发现 leader: node1 (174.129.73.69)
[*] 销毁 3 节点 same-region 集群...
[0m[1mtls_private_key.ssh: Refreshing state... [id=78c1724e856552c19d4ef91e305f91f32867ffcc][0m
[0m[1mlocal_sensitive_file.ssh_key: Refreshing state... [id=e1fec3c0baddcd827ab3ae0577c9353b402b0846][0m
[0m[1mmodule.node[0].data.aws_iam_policy_document.ec2_assume_role: Reading...[0m[0m
[0m[1mmodule.node[2].data.aws_iam_policy_document.ec2_assume_role: Reading...[0m[0m
[0m[1mmodule.node[0].data.aws_ami.al2023: Reading...[0m[0m
[0m[1mmodule.node[1].data.aws_iam_policy_document.ec2_assume_role: Reading...[0m[0m
[0m[1mmodule.node[2].aws_key_pair.raft: Refreshing state... [id=raft-quic-same-node3][0m
[0m[1mmodule.node[0].aws_key_pair.raft: Refreshing state... [id=raft-quic-same-node1][0m
[0m[1mmodule.node[1].aws_key_pair.raft: Refreshing state... [id=raft-quic-same-node2][0m
[0m[1mmodule.node[1].aws_security_group.raft: Refreshing state... [id=sg-0015d743eb7aaa87f][0m
[0m[1mmodule.node[0].data.aws_iam_policy_document.ec2_assume_role: Read complete after 0s [id=2851119427][0m
[0m[1mmodule.node[2].aws_security_group.raft: Refreshing state... [id=sg-0baa24aafb1e3be4a][0m
[0m[1mmodule.node[1].data.aws_iam_policy_document.ec2_assume_role: Read complete after 0s [id=2851119427][0m
[0m[1mmodule.node[2].data.aws_iam_policy_document.ec2_assume_role: Read complete after 0s [id=2851119427][0m
[0m[1mmodule.node[0].aws_security_group.raft: Refreshing state... [id=sg-0255c080470010cda][0m
[0m[1mmodule.node[1].data.aws_ami.al2023: Reading...[0m[0m
[0m[1mmodule.node[2].data.aws_ami.al2023: Reading...[0m[0m
[0m[1mmodule.node[1].aws_iam_role.raft_ssm: Refreshing state... [id=raft-quic-same-ssm-node2][0m
[0m[1mmodule.node[2].aws_iam_role.raft_ssm: Refreshing state... [id=raft-quic-same-ssm-node3][0m
[0m[1mmodule.node[0].aws_iam_role.raft_ssm: Refreshing state... [id=raft-quic-same-ssm-node1][0m
[0m[1mmodule.node[1].data.aws_ami.al2023: Read complete after 2s [id=ami-0102a36b3e9d5e4df][0m
[0m[1mmodule.node[2].data.aws_ami.al2023: Read complete after 2s [id=ami-0102a36b3e9d5e4df][0m
[0m[1mmodule.node[0].data.aws_ami.al2023: Read complete after 2s [id=ami-0102a36b3e9d5e4df][0m
[0m[1mmodule.node[0].aws_iam_role_policy_attachment.ssm_core: Refreshing state... [id=raft-quic-same-ssm-node1-20260420052828984600000001][0m
[0m[1mmodule.node[2].aws_iam_role_policy_attachment.ssm_core: Refreshing state... [id=raft-quic-same-ssm-node3-20260420052829023600000003][0m
[0m[1mmodule.node[0].aws_iam_instance_profile.raft_ssm: Refreshing state... [id=raft-quic-same-ssm-node1][0m
[0m[1mmodule.node[1].aws_iam_role_policy_attachment.ssm_core: Refreshing state... [id=raft-quic-same-ssm-node2-20260420052829009500000002][0m
[0m[1mmodule.node[2].aws_iam_instance_profile.raft_ssm: Refreshing state... [id=raft-quic-same-ssm-node3][0m
[0m[1mmodule.node[1].aws_iam_instance_profile.raft_ssm: Refreshing state... [id=raft-quic-same-ssm-node2][0m
[0m[1mmodule.node[2].aws_instance.node: Refreshing state... [id=i-062578b79f0f889a3][0m
[0m[1mmodule.node[0].aws_instance.node: Refreshing state... [id=i-0104b629c3c25a595][0m
[0m[1mmodule.node[1].aws_instance.node: Refreshing state... [id=i-0caf8b18608d1ee07][0m

Terraform used the selected providers to generate the following execution
plan. Resource actions are indicated with the following symbols:
  [31m-[0m destroy[0m

Terraform will perform the following actions:

[1m  # local_sensitive_file.ssh_key[0m will be [1m[31mdestroyed[0m
[0m  [31m-[0m[0m resource "local_sensitive_file" "ssh_key" {
      [31m-[0m[0m content              = (sensitive value) [90m-> null[0m[0m
      [31m-[0m[0m content_base64sha256 = "sj35dWogfeXxWHSeESbxhXnsHEETk+S6foE2CX/cFwY=" [90m-> null[0m[0m
      [31m-[0m[0m content_base64sha512 = "LqOKzLK7N4CYR21I3qX2t2dNg1bCyjBYlMgxZoC4x7sSDmkMDHsVRXgkSaRK7Vu4n0rcHzfuuszZZIUMOloU5Q==" [90m-> null[0m[0m
      [31m-[0m[0m content_md5          = "ff74ffbb6e359c1da49374693a0379d4" [90m-> null[0m[0m
      [31m-[0m[0m content_sha1         = "e1fec3c0baddcd827ab3ae0577c9353b402b0846" [90m-> null[0m[0m
      [31m-[0m[0m content_sha256       = "b23df9756a207de5f158749e1126f18579ec1c411393e4ba7e8136097fdc1706" [90m-> null[0m[0m
      [31m-[0m[0m content_sha512       = "2ea38accb2bb378098476d48dea5f6b7674d8356c2ca305894c8316680b8c7bb120e690c0c7b1545782449a44aed5bb89f4adc1f37eebaccd964850c3a5a14e5" [90m-> null[0m[0m
      [31m-[0m[0m directory_permission = "0700" [90m-> null[0m[0m
      [31m-[0m[0m file_permission      = "0600" [90m-> null[0m[0m
      [31m-[0m[0m filename             = "./raft-key.pem" [90m-> null[0m[0m
      [31m-[0m[0m id                   = "e1fec3c0baddcd827ab3ae0577c9353b402b0846" [90m-> null[0m[0m
    }

[1m  # tls_private_key.ssh[0m will be [1m[31mdestroyed[0m
[0m  [31m-[0m[0m resource "tls_private_key" "ssh" {
      [31m-[0m[0m algorithm                     = "RSA" [90m-> null[0m[0m
      [31m-[0m[0m ecdsa_curve                   = "P224" [90m-> null[0m[0m
      [31m-[0m[0m id                            = "78c1724e856552c19d4ef91e305f91f32867ffcc" [90m-> null[0m[0m
      [31m-[0m[0m private_key_openssh           = (sensitive value) [90m-> null[0m[0m
      [31m-[0m[0m private_key_pem               = (sensitive value) [90m-> null[0m[0m
      [31m-[0m[0m private_key_pem_pkcs8         = (sensitive value) [90m-> null[0m[0m
      [31m-[0m[0m public_key_fingerprint_md5    = "10:c2:f4:fe:c3:75:bd:6f:5f:70:f6:a8:8e:9b:5b:cd" [90m-> null[0m[0m
      [31m-[0m[0m public_key_fingerprint_sha256 = "SHA256:IFtL99eE91ArNXzNWsv5m5gz6Roqn9/+3iDo0zXtEak" [90m-> null[0m[0m
      [31m-[0m[0m public_key_openssh            = <<-EOT
            ssh-rsa AAAAB3NzaC1yc2EAAAADAQABAAACAQDYjZ2oJRM31pcflrJptUUtzWVdEGTU0m8lwnRnD4//Ej5JGLgCqkLgByq2FxSPSnYn8snc+7qiH/YlPFdPO6J2yrIo7IOiuQi8ILXmlVGRKNgGNxeeulXa5tWq6Lyr0Dw3gmKcs5/x2lxQXkchlR4qMIS/x/pogdpdxJzJkYXsBSx5optlTVLydAB0PLBiXhWMTuTew+zhYsYsEmbbFSK9eaJa7KgGsrxmCfdKZeGzOFTsOOOE4sO8BTplAQQuXONESl8JseOcuHPAEzKCTGaPKSld5B3bl8/Nd4ZJQ4qzYg2qxnFGwYVBfQXYlOV4E6TqGVSnOcRDgiRC901KIuIvKvxDH7ozVb0MHKFpcm8MjTkhWf6nL+txDc1hnamLzoskNk9afsYmLMvnhigJ69AFOhxdWk+LETgsPF+k753mFa4EC859MsG+13L+SolT+J5bbY5dyMcqqRfmK1ok76GTTQsh0DRr3F8XpjSkoc1D7yUff5BENo02Y4Ovw6HlloKPDNRfhN8KZ62BKDM7mYCFY4P5fkhyybmUd1nIRDSvIkfhD09Z76tutEAh1YojkjozANmBB04InCmFKhs/o7FDldLaa7AmmnxzRJTD8TAKzi033itvKbOtSZvxhqAe87V0IjPVESRkBVWXz/HwTZTv7ErwE+/1jvYHbzh7UGMrXQ==
        EOT [90m-> null[0m[0m
      [31m-[0m[0m public_key_pem                = <<-EOT
            -----BEGIN PUBLIC KEY-----
            MIICIjANBgkqhkiG9w0BAQEFAAOCAg8AMIICCgKCAgEA2I2dqCUTN9aXH5ayabVF
            Lc1lXRBk1NJvJcJ0Zw+P/xI+SRi4AqpC4AcqthcUj0p2J/LJ3Pu6oh/2JTxXTzui
            dsqyKOyDorkIvCC15pVRkSjYBjcXnrpV2ubVqui8q9A8N4JinLOf8dpcUF5HIZUe
            KjCEv8f6aIHaXcScyZGF7AUseaKbZU1S8nQAdDywYl4VjE7k3sPs4WLGLBJm2xUi
            vXmiWuyoBrK8Zgn3SmXhszhU7DjjhOLDvAU6ZQEELlzjREpfCbHjnLhzwBMygkxm
            jykpXeQd25fPzXeGSUOKs2INqsZxRsGFQX0F2JTleBOk6hlUpznEQ4IkQvdNSiLi
            Lyr8Qx+6M1W9DByhaXJvDI05IVn+py/rcQ3NYZ2pi86LJDZPWn7GJizL54YoCevQ
            BTocXVpPixE4LDxfpO+d5hWuBAvOfTLBvtdy/kqJU/ieW22OXcjHKqkX5itaJO+h
            k00LIdA0a9xfF6Y0pKHNQ+8lH3+QRDaNNmODr8Oh5ZaCjwzUX4TfCmetgSgzO5mA
            hWOD+X5Icsm5lHdZyEQ0ryJH4Q9PWe+rbrRAIdWKI5I6MwDZgQdOCJwphSobP6Ox
            Q5XS2muwJpp8c0SUw/EwCs4tN94rbymzrUmb8YagHvO1dCIz1REkZAVVl8/x8E2U
            7+xK8BPv9Y72B284e1BjK10CAwEAAQ==
            -----END PUBLIC KEY-----
        EOT [90m-> null[0m[0m
      [31m-[0m[0m rsa_bits                      = 4096 [90m-> null[0m[0m
    }

[1m  # module.node[0].aws_iam_instance_profile.raft_ssm[0m will be [1m[31mdestroyed[0m
[0m  [31m-[0m[0m resource "aws_iam_instance_profile" "raft_ssm" {
      [31m-[0m[0m arn         = "arn:aws:iam::560449670342:instance-profile/raft-quic-same-ssm-node1" [90m-> null[0m[0m
      [31m-[0m[0m create_date = "2026-04-20T05:28:29Z" [90m-> null[0m[0m
      [31m-[0m[0m id          = "raft-quic-same-ssm-node1" [90m-> null[0m[0m
      [31m-[0m[0m name        = "raft-quic-same-ssm-node1" [90m-> null[0m[0m
      [31m-[0m[0m path        = "/" [90m-> null[0m[0m
      [31m-[0m[0m role        = "raft-quic-same-ssm-node1" [90m-> null[0m[0m
      [31m-[0m[0m tags        = {} [90m-> null[0m[0m
      [31m-[0m[0m tags_all    = {} [90m-> null[0m[0m
      [31m-[0m[0m unique_id   = "AIPAYE7LHJTDK2S3KTHGI" [90m-> null[0m[0m
        [90m# (1 unchanged attribute hidden)[0m[0m
    }

[1m  # module.node[0].aws_iam_role.raft_ssm[0m will be [1m[31mdestroyed[0m
[0m  [31m-[0m[0m resource "aws_iam_role" "raft_ssm" {
      [31m-[0m[0m arn                   = "arn:aws:iam::560449670342:role/raft-quic-same-ssm-node1" [90m-> null[0m[0m
      [31m-[0m[0m assume_role_policy    = jsonencode(
            {
              [31m-[0m[0m Statement = [
                  [31m-[0m[0m {
                      [31m-[0m[0m Action    = "sts:AssumeRole"
                      [31m-[0m[0m Effect    = "Allow"
                      [31m-[0m[0m Principal = {
                          [31m-[0m[0m Service = "ec2.amazonaws.com"
                        }
                    },
                ]
              [31m-[0m[0m Version   = "2012-10-17"
            }
        ) [90m-> null[0m[0m
      [31m-[0m[0m create_date           = "2026-04-20T05:28:27Z" [90m-> null[0m[0m
      [31m-[0m[0m force_detach_policies = false [90m-> null[0m[0m
      [31m-[0m[0m id                    = "raft-quic-same-ssm-node1" [90m-> null[0m[0m
      [31m-[0m[0m managed_policy_arns   = [
          [31m-[0m[0m "arn:aws:iam::aws:policy/AmazonSSMManagedInstanceCore",
        ] [90m-> null[0m[0m
      [31m-[0m[0m max_session_duration  = 3600 [90m-> null[0m[0m
      [31m-[0m[0m name                  = "raft-quic-same-ssm-node1" [90m-> null[0m[0m
      [31m-[0m[0m path                  = "/" [90m-> null[0m[0m
      [31m-[0m[0m tags                  = {
          [31m-[0m[0m "Node"    = "node1"
          [31m-[0m[0m "Project" = "raft-quic"
        } [90m-> null[0m[0m
      [31m-[0m[0m tags_all              = {
          [31m-[0m[0m "Node"    = "node1"
          [31m-[0m[0m "Project" = "raft-quic"
        } [90m-> null[0m[0m
      [31m-[0m[0m unique_id             = "AROAYE7LHJTDMDUXJ7HEE" [90m-> null[0m[0m
        [90m# (3 unchanged attributes hidden)[0m[0m
    }

[1m  # module.node[0].aws_iam_role_policy_attachment.ssm_core[0m will be [1m[31mdestroyed[0m
[0m  [31m-[0m[0m resource "aws_iam_role_policy_attachment" "ssm_core" {
      [31m-[0m[0m id         = "raft-quic-same-ssm-node1-20260420052828984600000001" [90m-> null[0m[0m
      [31m-[0m[0m policy_arn = "arn:aws:iam::aws:policy/AmazonSSMManagedInstanceCore" [90m-> null[0m[0m
      [31m-[0m[0m role       = "raft-quic-same-ssm-node1" [90m-> null[0m[0m
    }

[1m  # module.node[0].aws_instance.node[0m will be [1m[31mdestroyed[0m
[0m  [31m-[0m[0m resource "aws_instance" "node" {
      [31m-[0m[0m ami                                  = "ami-0102a36b3e9d5e4df" [90m-> null[0m[0m
      [31m-[0m[0m arn                                  = "arn:aws:ec2:us-east-1:560449670342:instance/i-0104b629c3c25a595" [90m-> null[0m[0m
      [31m-[0m[0m associate_public_ip_address          = true [90m-> null[0m[0m
      [31m-[0m[0m availability_zone                    = "us-east-1c" [90m-> null[0m[0m
      [31m-[0m[0m cpu_core_count                       = 1 [90m-> null[0m[0m
      [31m-[0m[0m cpu_threads_per_core                 = 2 [90m-> null[0m[0m
      [31m-[0m[0m disable_api_stop                     = false [90m-> null[0m[0m
      [31m-[0m[0m disable_api_termination              = false [90m-> null[0m[0m
      [31m-[0m[0m ebs_optimized                        = false [90m-> null[0m[0m
      [31m-[0m[0m get_password_data                    = false [90m-> null[0m[0m
      [31m-[0m[0m hibernation                          = false [90m-> null[0m[0m
      [31m-[0m[0m iam_instance_profile                 = "raft-quic-same-ssm-node1" [90m-> null[0m[0m
      [31m-[0m[0m id                                   = "i-0104b629c3c25a595" [90m-> null[0m[0m
      [31m-[0m[0m instance_initiated_shutdown_behavior = "stop" [90m-> null[0m[0m
      [31m-[0m[0m instance_state                       = "running" [90m-> null[0m[0m
      [31m-[0m[0m instance_type                        = "t3.micro" [90m-> null[0m[0m
      [31m-[0m[0m ipv6_address_count                   = 0 [90m-> null[0m[0m
      [31m-[0m[0m ipv6_addresses                       = [] [90m-> null[0m[0m
      [31m-[0m[0m key_name                             = "raft-quic-same-node1" [90m-> null[0m[0m
      [31m-[0m[0m monitoring                           = false [90m-> null[0m[0m
      [31m-[0m[0m placement_partition_number           = 0 [90m-> null[0m[0m
      [31m-[0m[0m primary_network_interface_id         = "eni-0869d00fd010a4c05" [90m-> null[0m[0m
      [31m-[0m[0m private_dns                          = "ip-172-31-22-90.ec2.internal" [90m-> null[0m[0m
      [31m-[0m[0m private_ip                           = "172.31.22.90" [90m-> null[0m[0m
      [31m-[0m[0m public_dns                           = "ec2-174-129-73-69.compute-1.amazonaws.com" [90m-> null[0m[0m
      [31m-[0m[0m public_ip                            = "174.129.73.69" [90m-> null[0m[0m
      [31m-[0m[0m secondary_private_ips                = [] [90m-> null[0m[0m
      [31m-[0m[0m security_groups                      = [
          [31m-[0m[0m "raft-quic-node1",
        ] [90m-> null[0m[0m
      [31m-[0m[0m source_dest_check                    = true [90m-> null[0m[0m
      [31m-[0m[0m subnet_id                            = "subnet-0537a6dccf74f4813" [90m-> null[0m[0m
      [31m-[0m[0m tags                                 = {
          [31m-[0m[0m "Name"    = "raft-quic-node1"
          [31m-[0m[0m "Node"    = "node1"
          [31m-[0m[0m "Project" = "raft-quic"
        } [90m-> null[0m[0m
      [31m-[0m[0m tags_all                             = {
          [31m-[0m[0m "Name"    = "raft-quic-node1"
          [31m-[0m[0m "Node"    = "node1"
          [31m-[0m[0m "Project" = "raft-quic"
        } [90m-> null[0m[0m
      [31m-[0m[0m tenancy                              = "default" [90m-> null[0m[0m
      [31m-[0m[0m user_data_replace_on_change          = false [90m-> null[0m[0m
      [31m-[0m[0m vpc_security_group_ids               = [
          [31m-[0m[0m "sg-0255c080470010cda",
        ] [90m-> null[0m[0m
        [90m# (6 unchanged attributes hidden)[0m[0m

      [31m-[0m[0m capacity_reservation_specification {
          [31m-[0m[0m capacity_reservation_preference = "open" [90m-> null[0m[0m
        }

      [31m-[0m[0m cpu_options {
          [31m-[0m[0m core_count       = 1 [90m-> null[0m[0m
          [31m-[0m[0m threads_per_core = 2 [90m-> null[0m[0m
            [90m# (1 unchanged attribute hidden)[0m[0m
        }

      [31m-[0m[0m credit_specification {
          [31m-[0m[0m cpu_credits = "unlimited" [90m-> null[0m[0m
        }

      [31m-[0m[0m enclave_options {
          [31m-[0m[0m enabled = false [90m-> null[0m[0m
        }

      [31m-[0m[0m maintenance_options {
          [31m-[0m[0m auto_recovery = "default" [90m-> null[0m[0m
        }

      [31m-[0m[0m metadata_options {
          [31m-[0m[0m http_endpoint               = "enabled" [90m-> null[0m[0m
          [31m-[0m[0m http_protocol_ipv6          = "disabled" [90m-> null[0m[0m
          [31m-[0m[0m http_put_response_hop_limit = 2 [90m-> null[0m[0m
          [31m-[0m[0m http_tokens                 = "required" [90m-> null[0m[0m
          [31m-[0m[0m instance_metadata_tags      = "disabled" [90m-> null[0m[0m
        }

      [31m-[0m[0m private_dns_name_options {
          [31m-[0m[0m enable_resource_name_dns_a_record    = false [90m-> null[0m[0m
          [31m-[0m[0m enable_resource_name_dns_aaaa_record = false [90m-> null[0m[0m
          [31m-[0m[0m hostname_type                        = "ip-name" [90m-> null[0m[0m
        }

      [31m-[0m[0m root_block_device {
          [31m-[0m[0m delete_on_termination = true [90m-> null[0m[0m
          [31m-[0m[0m device_name           = "/dev/xvda" [90m-> null[0m[0m
          [31m-[0m[0m encrypted             = false [90m-> null[0m[0m
          [31m-[0m[0m iops                  = 3000 [90m-> null[0m[0m
          [31m-[0m[0m tags                  = {} [90m-> null[0m[0m
          [31m-[0m[0m tags_all              = {} [90m-> null[0m[0m
          [31m-[0m[0m throughput            = 125 [90m-> null[0m[0m
          [31m-[0m[0m volume_id             = "vol-0d15a3addd8e2bed0" [90m-> null[0m[0m
          [31m-[0m[0m volume_size           = 30 [90m-> null[0m[0m
          [31m-[0m[0m volume_type           = "gp3" [90m-> null[0m[0m
            [90m# (1 unchanged attribute hidden)[0m[0m
        }
    }

[1m  # module.node[0].aws_key_pair.raft[0m will be [1m[31mdestroyed[0m
[0m  [31m-[0m[0m resource "aws_key_pair" "raft" {
      [31m-[0m[0m arn             = "arn:aws:ec2:us-east-1:560449670342:key-pair/raft-quic-same-node1" [90m-> null[0m[0m
      [31m-[0m[0m fingerprint     = "1d:15:72:ee:51:02:80:79:2a:78:00:e4:90:34:19:51" [90m-> null[0m[0m
      [31m-[0m[0m id              = "raft-quic-same-node1" [90m-> null[0m[0m
      [31m-[0m[0m key_name        = "raft-quic-same-node1" [90m-> null[0m[0m
      [31m-[0m[0m key_pair_id     = "key-0813e089608e6ba39" [90m-> null[0m[0m
      [31m-[0m[0m key_type        = "rsa" [90m-> null[0m[0m
      [31m-[0m[0m public_key      = "ssh-rsa AAAAB3NzaC1yc2EAAAADAQABAAACAQDYjZ2oJRM31pcflrJptUUtzWVdEGTU0m8lwnRnD4//Ej5JGLgCqkLgByq2FxSPSnYn8snc+7qiH/YlPFdPO6J2yrIo7IOiuQi8ILXmlVGRKNgGNxeeulXa5tWq6Lyr0Dw3gmKcs5/x2lxQXkchlR4qMIS/x/pogdpdxJzJkYXsBSx5optlTVLydAB0PLBiXhWMTuTew+zhYsYsEmbbFSK9eaJa7KgGsrxmCfdKZeGzOFTsOOOE4sO8BTplAQQuXONESl8JseOcuHPAEzKCTGaPKSld5B3bl8/Nd4ZJQ4qzYg2qxnFGwYVBfQXYlOV4E6TqGVSnOcRDgiRC901KIuIvKvxDH7ozVb0MHKFpcm8MjTkhWf6nL+txDc1hnamLzoskNk9afsYmLMvnhigJ69AFOhxdWk+LETgsPF+k753mFa4EC859MsG+13L+SolT+J5bbY5dyMcqqRfmK1ok76GTTQsh0DRr3F8XpjSkoc1D7yUff5BENo02Y4Ovw6HlloKPDNRfhN8KZ62BKDM7mYCFY4P5fkhyybmUd1nIRDSvIkfhD09Z76tutEAh1YojkjozANmBB04InCmFKhs/o7FDldLaa7AmmnxzRJTD8TAKzi033itvKbOtSZvxhqAe87V0IjPVESRkBVWXz/HwTZTv7ErwE+/1jvYHbzh7UGMrXQ==" [90m-> null[0m[0m
      [31m-[0m[0m tags            = {
          [31m-[0m[0m "Node"    = "node1"
          [31m-[0m[0m "Project" = "raft-quic"
        } [90m-> null[0m[0m
      [31m-[0m[0m tags_all        = {
          [31m-[0m[0m "Node"    = "node1"
          [31m-[0m[0m "Project" = "raft-quic"
        } [90m-> null[0m[0m
        [90m# (1 unchanged attribute hidden)[0m[0m
    }

[1m  # module.node[0].aws_security_group.raft[0m will be [1m[31mdestroyed[0m
[0m  [31m-[0m[0m resource "aws_security_group" "raft" {
      [31m-[0m[0m arn                    = "arn:aws:ec2:us-east-1:560449670342:security-group/sg-0255c080470010cda" [90m-> null[0m[0m
      [31m-[0m[0m description            = "Raft-over-QUIC cluster node node1" [90m-> null[0m[0m
      [31m-[0m[0m egress                 = [
          [31m-[0m[0m {
              [31m-[0m[0m cidr_blocks      = [
                  [31m-[0m[0m "0.0.0.0/0",
                ]
              [31m-[0m[0m from_port        = 0
              [31m-[0m[0m ipv6_cidr_blocks = []
              [31m-[0m[0m prefix_list_ids  = []
              [31m-[0m[0m protocol         = "-1"
              [31m-[0m[0m security_groups  = []
              [31m-[0m[0m self             = false
              [31m-[0m[0m to_port          = 0
                [90m# (1 unchanged attribute hidden)[0m[0m
            },
        ] [90m-> null[0m[0m
      [31m-[0m[0m id                     = "sg-0255c080470010cda" [90m-> null[0m[0m
      [31m-[0m[0m ingress                = [
          [31m-[0m[0m {
              [31m-[0m[0m cidr_blocks      = [
                  [31m-[0m[0m "0.0.0.0/0",
                ]
              [31m-[0m[0m from_port        = 22
              [31m-[0m[0m ipv6_cidr_blocks = []
              [31m-[0m[0m prefix_list_ids  = []
              [31m-[0m[0m protocol         = "tcp"
              [31m-[0m[0m security_groups  = []
              [31m-[0m[0m self             = false
              [31m-[0m[0m to_port          = 22
                [90m# (1 unchanged attribute hidden)[0m[0m
            },
          [31m-[0m[0m {
              [31m-[0m[0m cidr_blocks      = [
                  [31m-[0m[0m "0.0.0.0/0",
                ]
              [31m-[0m[0m from_port        = 7001
              [31m-[0m[0m ipv6_cidr_blocks = []
              [31m-[0m[0m prefix_list_ids  = []
              [31m-[0m[0m protocol         = "udp"
              [31m-[0m[0m security_groups  = []
              [31m-[0m[0m self             = false
              [31m-[0m[0m to_port          = 7001
                [90m# (1 unchanged attribute hidden)[0m[0m
            },
          [31m-[0m[0m {
              [31m-[0m[0m cidr_blocks      = [
                  [31m-[0m[0m "0.0.0.0/0",
                ]
              [31m-[0m[0m from_port        = 8001
              [31m-[0m[0m ipv6_cidr_blocks = []
              [31m-[0m[0m prefix_list_ids  = []
              [31m-[0m[0m protocol         = "tcp"
              [31m-[0m[0m security_groups  = []
              [31m-[0m[0m self             = false
              [31m-[0m[0m to_port          = 8001
                [90m# (1 unchanged attribute hidden)[0m[0m
            },
          [31m-[0m[0m {
              [31m-[0m[0m cidr_blocks      = [
                  [31m-[0m[0m "0.0.0.0/0",
                ]
              [31m-[0m[0m from_port        = 9001
              [31m-[0m[0m ipv6_cidr_blocks = []
              [31m-[0m[0m prefix_list_ids  = []
              [31m-[0m[0m protocol         = "tcp"
              [31m-[0m[0m security_groups  = []
              [31m-[0m[0m self             = false
              [31m-[0m[0m to_port          = 9001
                [90m# (1 unchanged attribute hidden)[0m[0m
            },
        ] [90m-> null[0m[0m
      [31m-[0m[0m name                   = "raft-quic-node1" [90m-> null[0m[0m
      [31m-[0m[0m owner_id               = "560449670342" [90m-> null[0m[0m
      [31m-[0m[0m revoke_rules_on_delete = false [90m-> null[0m[0m
      [31m-[0m[0m tags                   = {
          [31m-[0m[0m "Node"    = "node1"
          [31m-[0m[0m "Project" = "raft-quic"
        } [90m-> null[0m[0m
      [31m-[0m[0m tags_all               = {
          [31m-[0m[0m "Node"    = "node1"
          [31m-[0m[0m "Project" = "raft-quic"
        } [90m-> null[0m[0m
      [31m-[0m[0m vpc_id                 = "vpc-0d14d4388abbe65e8" [90m-> null[0m[0m
        [90m# (1 unchanged attribute hidden)[0m[0m
    }

[1m  # module.node[1].aws_iam_instance_profile.raft_ssm[0m will be [1m[31mdestroyed[0m
[0m  [31m-[0m[0m resource "aws_iam_instance_profile" "raft_ssm" {
      [31m-[0m[0m arn         = "arn:aws:iam::560449670342:instance-profile/raft-quic-same-ssm-node2" [90m-> null[0m[0m
      [31m-[0m[0m create_date = "2026-04-20T05:28:29Z" [90m-> null[0m[0m
      [31m-[0m[0m id          = "raft-quic-same-ssm-node2" [90m-> null[0m[0m
      [31m-[0m[0m name        = "raft-quic-same-ssm-node2" [90m-> null[0m[0m
      [31m-[0m[0m path        = "/" [90m-> null[0m[0m
      [31m-[0m[0m role        = "raft-quic-same-ssm-node2" [90m-> null[0m[0m
      [31m-[0m[0m tags        = {} [90m-> null[0m[0m
      [31m-[0m[0m tags_all    = {} [90m-> null[0m[0m
      [31m-[0m[0m unique_id   = "AIPAYE7LHJTDAYQF4T726" [90m-> null[0m[0m
        [90m# (1 unchanged attribute hidden)[0m[0m
    }

[1m  # module.node[1].aws_iam_role.raft_ssm[0m will be [1m[31mdestroyed[0m
[0m  [31m-[0m[0m resource "aws_iam_role" "raft_ssm" {
      [31m-[0m[0m arn                   = "arn:aws:iam::560449670342:role/raft-quic-same-ssm-node2" [90m-> null[0m[0m
      [31m-[0m[0m assume_role_policy    = jsonencode(
            {
              [31m-[0m[0m Statement = [
                  [31m-[0m[0m {
                      [31m-[0m[0m Action    = "sts:AssumeRole"
                      [31m-[0m[0m Effect    = "Allow"
                      [31m-[0m[0m Principal = {
                          [31m-[0m[0m Service = "ec2.amazonaws.com"
                        }
                    },
                ]
              [31m-[0m[0m Version   = "2012-10-17"
            }
        ) [90m-> null[0m[0m
      [31m-[0m[0m create_date           = "2026-04-20T05:28:27Z" [90m-> null[0m[0m
      [31m-[0m[0m force_detach_policies = false [90m-> null[0m[0m
      [31m-[0m[0m id                    = "raft-quic-same-ssm-node2" [90m-> null[0m[0m
      [31m-[0m[0m managed_policy_arns   = [
          [31m-[0m[0m "arn:aws:iam::aws:policy/AmazonSSMManagedInstanceCore",
        ] [90m-> null[0m[0m
      [31m-[0m[0m max_session_duration  = 3600 [90m-> null[0m[0m
      [31m-[0m[0m name                  = "raft-quic-same-ssm-node2" [90m-> null[0m[0m
      [31m-[0m[0m path                  = "/" [90m-> null[0m[0m
      [31m-[0m[0m tags                  = {
          [31m-[0m[0m "Node"    = "node2"
          [31m-[0m[0m "Project" = "raft-quic"
        } [90m-> null[0m[0m
      [31m-[0m[0m tags_all              = {
          [31m-[0m[0m "Node"    = "node2"
          [31m-[0m[0m "Project" = "raft-quic"
        } [90m-> null[0m[0m
      [31m-[0m[0m unique_id             = "AROAYE7LHJTDAS4272QA7" [90m-> null[0m[0m
        [90m# (3 unchanged attributes hidden)[0m[0m
    }

[1m  # module.node[1].aws_iam_role_policy_attachment.ssm_core[0m will be [1m[31mdestroyed[0m
[0m  [31m-[0m[0m resource "aws_iam_role_policy_attachment" "ssm_core" {
      [31m-[0m[0m id         = "raft-quic-same-ssm-node2-20260420052829009500000002" [90m-> null[0m[0m
      [31m-[0m[0m policy_arn = "arn:aws:iam::aws:policy/AmazonSSMManagedInstanceCore" [90m-> null[0m[0m
      [31m-[0m[0m role       = "raft-quic-same-ssm-node2" [90m-> null[0m[0m
    }

[1m  # module.node[1].aws_instance.node[0m will be [1m[31mdestroyed[0m
[0m  [31m-[0m[0m resource "aws_instance" "node" {
      [31m-[0m[0m ami                                  = "ami-0102a36b3e9d5e4df" [90m-> null[0m[0m
      [31m-[0m[0m arn                                  = "arn:aws:ec2:us-east-1:560449670342:instance/i-0caf8b18608d1ee07" [90m-> null[0m[0m
      [31m-[0m[0m associate_public_ip_address          = true [90m-> null[0m[0m
      [31m-[0m[0m availability_zone                    = "us-east-1c" [90m-> null[0m[0m
      [31m-[0m[0m cpu_core_count                       = 1 [90m-> null[0m[0m
      [31m-[0m[0m cpu_threads_per_core                 = 2 [90m-> null[0m[0m
      [31m-[0m[0m disable_api_stop                     = false [90m-> null[0m[0m
      [31m-[0m[0m disable_api_termination              = false [90m-> null[0m[0m
      [31m-[0m[0m ebs_optimized                        = false [90m-> null[0m[0m
      [31m-[0m[0m get_password_data                    = false [90m-> null[0m[0m
      [31m-[0m[0m hibernation                          = false [90m-> null[0m[0m
      [31m-[0m[0m iam_instance_profile                 = "raft-quic-same-ssm-node2" [90m-> null[0m[0m
      [31m-[0m[0m id                                   = "i-0caf8b18608d1ee07" [90m-> null[0m[0m
      [31m-[0m[0m instance_initiated_shutdown_behavior = "stop" [90m-> null[0m[0m
      [31m-[0m[0m instance_state                       = "running" [90m-> null[0m[0m
      [31m-[0m[0m instance_type                        = "t3.micro" [90m-> null[0m[0m
      [31m-[0m[0m ipv6_address_count                   = 0 [90m-> null[0m[0m
      [31m-[0m[0m ipv6_addresses                       = [] [90m-> null[0m[0m
      [31m-[0m[0m key_name                             = "raft-quic-same-node2" [90m-> null[0m[0m
      [31m-[0m[0m monitoring                           = false [90m-> null[0m[0m
      [31m-[0m[0m placement_partition_number           = 0 [90m-> null[0m[0m
      [31m-[0m[0m primary_network_interface_id         = "eni-062f76c8a88b3bc4f" [90m-> null[0m[0m
      [31m-[0m[0m private_dns                          = "ip-172-31-18-250.ec2.internal" [90m-> null[0m[0m
      [31m-[0m[0m private_ip                           = "172.31.18.250" [90m-> null[0m[0m
      [31m-[0m[0m public_dns                           = "ec2-18-212-76-109.compute-1.amazonaws.com" [90m-> null[0m[0m
      [31m-[0m[0m public_ip                            = "18.212.76.109" [90m-> null[0m[0m
      [31m-[0m[0m secondary_private_ips                = [] [90m-> null[0m[0m
      [31m-[0m[0m security_groups                      = [
          [31m-[0m[0m "raft-quic-node2",
        ] [90m-> null[0m[0m
      [31m-[0m[0m source_dest_check                    = true [90m-> null[0m[0m
      [31m-[0m[0m subnet_id                            = "subnet-0537a6dccf74f4813" [90m-> null[0m[0m
      [31m-[0m[0m tags                                 = {
          [31m-[0m[0m "Name"    = "raft-quic-node2"
          [31m-[0m[0m "Node"    = "node2"
          [31m-[0m[0m "Project" = "raft-quic"
        } [90m-> null[0m[0m
      [31m-[0m[0m tags_all                             = {
          [31m-[0m[0m "Name"    = "raft-quic-node2"
          [31m-[0m[0m "Node"    = "node2"
          [31m-[0m[0m "Project" = "raft-quic"
        } [90m-> null[0m[0m
      [31m-[0m[0m tenancy                              = "default" [90m-> null[0m[0m
      [31m-[0m[0m user_data_replace_on_change          = false [90m-> null[0m[0m
      [31m-[0m[0m vpc_security_group_ids               = [
          [31m-[0m[0m "sg-0015d743eb7aaa87f",
        ] [90m-> null[0m[0m
        [90m# (6 unchanged attributes hidden)[0m[0m

      [31m-[0m[0m capacity_reservation_specification {
          [31m-[0m[0m capacity_reservation_preference = "open" [90m-> null[0m[0m
        }

      [31m-[0m[0m cpu_options {
          [31m-[0m[0m core_count       = 1 [90m-> null[0m[0m
          [31m-[0m[0m threads_per_core = 2 [90m-> null[0m[0m
            [90m# (1 unchanged attribute hidden)[0m[0m
        }

      [31m-[0m[0m credit_specification {
          [31m-[0m[0m cpu_credits = "unlimited" [90m-> null[0m[0m
        }

      [31m-[0m[0m enclave_options {
          [31m-[0m[0m enabled = false [90m-> null[0m[0m
        }

      [31m-[0m[0m maintenance_options {
          [31m-[0m[0m auto_recovery = "default" [90m-> null[0m[0m
        }

      [31m-[0m[0m metadata_options {
          [31m-[0m[0m http_endpoint               = "enabled" [90m-> null[0m[0m
          [31m-[0m[0m http_protocol_ipv6          = "disabled" [90m-> null[0m[0m
          [31m-[0m[0m http_put_response_hop_limit = 2 [90m-> null[0m[0m
          [31m-[0m[0m http_tokens                 = "required" [90m-> null[0m[0m
          [31m-[0m[0m instance_metadata_tags      = "disabled" [90m-> null[0m[0m
        }

      [31m-[0m[0m private_dns_name_options {
          [31m-[0m[0m enable_resource_name_dns_a_record    = false [90m-> null[0m[0m
          [31m-[0m[0m enable_resource_name_dns_aaaa_record = false [90m-> null[0m[0m
          [31m-[0m[0m hostname_type                        = "ip-name" [90m-> null[0m[0m
        }

      [31m-[0m[0m root_block_device {
          [31m-[0m[0m delete_on_termination = true [90m-> null[0m[0m
          [31m-[0m[0m device_name           = "/dev/xvda" [90m-> null[0m[0m
          [31m-[0m[0m encrypted             = false [90m-> null[0m[0m
          [31m-[0m[0m iops                  = 3000 [90m-> null[0m[0m
          [31m-[0m[0m tags                  = {} [90m-> null[0m[0m
          [31m-[0m[0m tags_all              = {} [90m-> null[0m[0m
          [31m-[0m[0m throughput            = 125 [90m-> null[0m[0m
          [31m-[0m[0m volume_id             = "vol-0e466a650a5ec81a4" [90m-> null[0m[0m
          [31m-[0m[0m volume_size           = 30 [90m-> null[0m[0m
          [31m-[0m[0m volume_type           = "gp3" [90m-> null[0m[0m
            [90m# (1 unchanged attribute hidden)[0m[0m
        }
    }

[1m  # module.node[1].aws_key_pair.raft[0m will be [1m[31mdestroyed[0m
[0m  [31m-[0m[0m resource "aws_key_pair" "raft" {
      [31m-[0m[0m arn             = "arn:aws:ec2:us-east-1:560449670342:key-pair/raft-quic-same-node2" [90m-> null[0m[0m
      [31m-[0m[0m fingerprint     = "1d:15:72:ee:51:02:80:79:2a:78:00:e4:90:34:19:51" [90m-> null[0m[0m
      [31m-[0m[0m id              = "raft-quic-same-node2" [90m-> null[0m[0m
      [31m-[0m[0m key_name        = "raft-quic-same-node2" [90m-> null[0m[0m
      [31m-[0m[0m key_pair_id     = "key-06d5094551069e50c" [90m-> null[0m[0m
      [31m-[0m[0m key_type        = "rsa" [90m-> null[0m[0m
      [31m-[0m[0m public_key      = "ssh-rsa AAAAB3NzaC1yc2EAAAADAQABAAACAQDYjZ2oJRM31pcflrJptUUtzWVdEGTU0m8lwnRnD4//Ej5JGLgCqkLgByq2FxSPSnYn8snc+7qiH/YlPFdPO6J2yrIo7IOiuQi8ILXmlVGRKNgGNxeeulXa5tWq6Lyr0Dw3gmKcs5/x2lxQXkchlR4qMIS/x/pogdpdxJzJkYXsBSx5optlTVLydAB0PLBiXhWMTuTew+zhYsYsEmbbFSK9eaJa7KgGsrxmCfdKZeGzOFTsOOOE4sO8BTplAQQuXONESl8JseOcuHPAEzKCTGaPKSld5B3bl8/Nd4ZJQ4qzYg2qxnFGwYVBfQXYlOV4E6TqGVSnOcRDgiRC901KIuIvKvxDH7ozVb0MHKFpcm8MjTkhWf6nL+txDc1hnamLzoskNk9afsYmLMvnhigJ69AFOhxdWk+LETgsPF+k753mFa4EC859MsG+13L+SolT+J5bbY5dyMcqqRfmK1ok76GTTQsh0DRr3F8XpjSkoc1D7yUff5BENo02Y4Ovw6HlloKPDNRfhN8KZ62BKDM7mYCFY4P5fkhyybmUd1nIRDSvIkfhD09Z76tutEAh1YojkjozANmBB04InCmFKhs/o7FDldLaa7AmmnxzRJTD8TAKzi033itvKbOtSZvxhqAe87V0IjPVESRkBVWXz/HwTZTv7ErwE+/1jvYHbzh7UGMrXQ==" [90m-> null[0m[0m
      [31m-[0m[0m tags            = {
          [31m-[0m[0m "Node"    = "node2"
          [31m-[0m[0m "Project" = "raft-quic"
        } [90m-> null[0m[0m
      [31m-[0m[0m tags_all        = {
          [31m-[0m[0m "Node"    = "node2"
          [31m-[0m[0m "Project" = "raft-quic"
        } [90m-> null[0m[0m
        [90m# (1 unchanged attribute hidden)[0m[0m
    }

[1m  # module.node[1].aws_security_group.raft[0m will be [1m[31mdestroyed[0m
[0m  [31m-[0m[0m resource "aws_security_group" "raft" {
      [31m-[0m[0m arn                    = "arn:aws:ec2:us-east-1:560449670342:security-group/sg-0015d743eb7aaa87f" [90m-> null[0m[0m
      [31m-[0m[0m description            = "Raft-over-QUIC cluster node node2" [90m-> null[0m[0m
      [31m-[0m[0m egress                 = [
          [31m-[0m[0m {
              [31m-[0m[0m cidr_blocks      = [
                  [31m-[0m[0m "0.0.0.0/0",
                ]
              [31m-[0m[0m from_port        = 0
              [31m-[0m[0m ipv6_cidr_blocks = []
              [31m-[0m[0m prefix_list_ids  = []
              [31m-[0m[0m protocol         = "-1"
              [31m-[0m[0m security_groups  = []
              [31m-[0m[0m self             = false
              [31m-[0m[0m to_port          = 0
                [90m# (1 unchanged attribute hidden)[0m[0m
            },
        ] [90m-> null[0m[0m
      [31m-[0m[0m id                     = "sg-0015d743eb7aaa87f" [90m-> null[0m[0m
      [31m-[0m[0m ingress                = [
          [31m-[0m[0m {
              [31m-[0m[0m cidr_blocks      = [
                  [31m-[0m[0m "0.0.0.0/0",
                ]
              [31m-[0m[0m from_port        = 22
              [31m-[0m[0m ipv6_cidr_blocks = []
              [31m-[0m[0m prefix_list_ids  = []
              [31m-[0m[0m protocol         = "tcp"
              [31m-[0m[0m security_groups  = []
              [31m-[0m[0m self             = false
              [31m-[0m[0m to_port          = 22
                [90m# (1 unchanged attribute hidden)[0m[0m
            },
          [31m-[0m[0m {
              [31m-[0m[0m cidr_blocks      = [
                  [31m-[0m[0m "0.0.0.0/0",
                ]
              [31m-[0m[0m from_port        = 7001
              [31m-[0m[0m ipv6_cidr_blocks = []
              [31m-[0m[0m prefix_list_ids  = []
              [31m-[0m[0m protocol         = "udp"
              [31m-[0m[0m security_groups  = []
              [31m-[0m[0m self             = false
              [31m-[0m[0m to_port          = 7001
                [90m# (1 unchanged attribute hidden)[0m[0m
            },
          [31m-[0m[0m {
              [31m-[0m[0m cidr_blocks      = [
                  [31m-[0m[0m "0.0.0.0/0",
                ]
              [31m-[0m[0m from_port        = 8001
              [31m-[0m[0m ipv6_cidr_blocks = []
              [31m-[0m[0m prefix_list_ids  = []
              [31m-[0m[0m protocol         = "tcp"
              [31m-[0m[0m security_groups  = []
              [31m-[0m[0m self             = false
              [31m-[0m[0m to_port          = 8001
                [90m# (1 unchanged attribute hidden)[0m[0m
            },
          [31m-[0m[0m {
              [31m-[0m[0m cidr_blocks      = [
                  [31m-[0m[0m "0.0.0.0/0",
                ]
              [31m-[0m[0m from_port        = 9001
              [31m-[0m[0m ipv6_cidr_blocks = []
              [31m-[0m[0m prefix_list_ids  = []
              [31m-[0m[0m protocol         = "tcp"
              [31m-[0m[0m security_groups  = []
              [31m-[0m[0m self             = false
              [31m-[0m[0m to_port          = 9001
                [90m# (1 unchanged attribute hidden)[0m[0m
            },
        ] [90m-> null[0m[0m
      [31m-[0m[0m name                   = "raft-quic-node2" [90m-> null[0m[0m
      [31m-[0m[0m owner_id               = "560449670342" [90m-> null[0m[0m
      [31m-[0m[0m revoke_rules_on_delete = false [90m-> null[0m[0m
      [31m-[0m[0m tags                   = {
          [31m-[0m[0m "Node"    = "node2"
          [31m-[0m[0m "Project" = "raft-quic"
        } [90m-> null[0m[0m
      [31m-[0m[0m tags_all               = {
          [31m-[0m[0m "Node"    = "node2"
          [31m-[0m[0m "Project" = "raft-quic"
        } [90m-> null[0m[0m
      [31m-[0m[0m vpc_id                 = "vpc-0d14d4388abbe65e8" [90m-> null[0m[0m
        [90m# (1 unchanged attribute hidden)[0m[0m
    }

[1m  # module.node[2].aws_iam_instance_profile.raft_ssm[0m will be [1m[31mdestroyed[0m
[0m  [31m-[0m[0m resource "aws_iam_instance_profile" "raft_ssm" {
      [31m-[0m[0m arn         = "arn:aws:iam::560449670342:instance-profile/raft-quic-same-ssm-node3" [90m-> null[0m[0m
      [31m-[0m[0m create_date = "2026-04-20T05:28:29Z" [90m-> null[0m[0m
      [31m-[0m[0m id          = "raft-quic-same-ssm-node3" [90m-> null[0m[0m
      [31m-[0m[0m name        = "raft-quic-same-ssm-node3" [90m-> null[0m[0m
      [31m-[0m[0m path        = "/" [90m-> null[0m[0m
      [31m-[0m[0m role        = "raft-quic-same-ssm-node3" [90m-> null[0m[0m
      [31m-[0m[0m tags        = {} [90m-> null[0m[0m
      [31m-[0m[0m tags_all    = {} [90m-> null[0m[0m
      [31m-[0m[0m unique_id   = "AIPAYE7LHJTDJU36AB6Z4" [90m-> null[0m[0m
        [90m# (1 unchanged attribute hidden)[0m[0m
    }

[1m  # module.node[2].aws_iam_role.raft_ssm[0m will be [1m[31mdestroyed[0m
[0m  [31m-[0m[0m resource "aws_iam_role" "raft_ssm" {
      [31m-[0m[0m arn                   = "arn:aws:iam::560449670342:role/raft-quic-same-ssm-node3" [90m-> null[0m[0m
      [31m-[0m[0m assume_role_policy    = jsonencode(
            {
              [31m-[0m[0m Statement = [
                  [31m-[0m[0m {
                      [31m-[0m[0m Action    = "sts:AssumeRole"
                      [31m-[0m[0m Effect    = "Allow"
                      [31m-[0m[0m Principal = {
                          [31m-[0m[0m Service = "ec2.amazonaws.com"
                        }
                    },
                ]
              [31m-[0m[0m Version   = "2012-10-17"
            }
        ) [90m-> null[0m[0m
      [31m-[0m[0m create_date           = "2026-04-20T05:28:27Z" [90m-> null[0m[0m
      [31m-[0m[0m force_detach_policies = false [90m-> null[0m[0m
      [31m-[0m[0m id                    = "raft-quic-same-ssm-node3" [90m-> null[0m[0m
      [31m-[0m[0m managed_policy_arns   = [
          [31m-[0m[0m "arn:aws:iam::aws:policy/AmazonSSMManagedInstanceCore",
        ] [90m-> null[0m[0m
      [31m-[0m[0m max_session_duration  = 3600 [90m-> null[0m[0m
      [31m-[0m[0m name                  = "raft-quic-same-ssm-node3" [90m-> null[0m[0m
      [31m-[0m[0m path                  = "/" [90m-> null[0m[0m
      [31m-[0m[0m tags                  = {
          [31m-[0m[0m "Node"    = "node3"
          [31m-[0m[0m "Project" = "raft-quic"
        } [90m-> null[0m[0m
      [31m-[0m[0m tags_all              = {
          [31m-[0m[0m "Node"    = "node3"
          [31m-[0m[0m "Project" = "raft-quic"
        } [90m-> null[0m[0m
      [31m-[0m[0m unique_id             = "AROAYE7LHJTDCZ6S4PEHD" [90m-> null[0m[0m
        [90m# (3 unchanged attributes hidden)[0m[0m
    }

[1m  # module.node[2].aws_iam_role_policy_attachment.ssm_core[0m will be [1m[31mdestroyed[0m
[0m  [31m-[0m[0m resource "aws_iam_role_policy_attachment" "ssm_core" {
      [31m-[0m[0m id         = "raft-quic-same-ssm-node3-20260420052829023600000003" [90m-> null[0m[0m
      [31m-[0m[0m policy_arn = "arn:aws:iam::aws:policy/AmazonSSMManagedInstanceCore" [90m-> null[0m[0m
      [31m-[0m[0m role       = "raft-quic-same-ssm-node3" [90m-> null[0m[0m
    }

[1m  # module.node[2].aws_instance.node[0m will be [1m[31mdestroyed[0m
[0m  [31m-[0m[0m resource "aws_instance" "node" {
      [31m-[0m[0m ami                                  = "ami-0102a36b3e9d5e4df" [90m-> null[0m[0m
      [31m-[0m[0m arn                                  = "arn:aws:ec2:us-east-1:560449670342:instance/i-062578b79f0f889a3" [90m-> null[0m[0m
      [31m-[0m[0m associate_public_ip_address          = true [90m-> null[0m[0m
      [31m-[0m[0m availability_zone                    = "us-east-1c" [90m-> null[0m[0m
      [31m-[0m[0m cpu_core_count                       = 1 [90m-> null[0m[0m
      [31m-[0m[0m cpu_threads_per_core                 = 2 [90m-> null[0m[0m
      [31m-[0m[0m disable_api_stop                     = false [90m-> null[0m[0m
      [31m-[0m[0m disable_api_termination              = false [90m-> null[0m[0m
      [31m-[0m[0m ebs_optimized                        = false [90m-> null[0m[0m
      [31m-[0m[0m get_password_data                    = false [90m-> null[0m[0m
      [31m-[0m[0m hibernation                          = false [90m-> null[0m[0m
      [31m-[0m[0m iam_instance_profile                 = "raft-quic-same-ssm-node3" [90m-> null[0m[0m
      [31m-[0m[0m id                                   = "i-062578b79f0f889a3" [90m-> null[0m[0m
      [31m-[0m[0m instance_initiated_shutdown_behavior = "stop" [90m-> null[0m[0m
      [31m-[0m[0m instance_state                       = "running" [90m-> null[0m[0m
      [31m-[0m[0m instance_type                        = "t3.micro" [90m-> null[0m[0m
      [31m-[0m[0m ipv6_address_count                   = 0 [90m-> null[0m[0m
      [31m-[0m[0m ipv6_addresses                       = [] [90m-> null[0m[0m
      [31m-[0m[0m key_name                             = "raft-quic-same-node3" [90m-> null[0m[0m
      [31m-[0m[0m monitoring                           = false [90m-> null[0m[0m
      [31m-[0m[0m placement_partition_number           = 0 [90m-> null[0m[0m
      [31m-[0m[0m primary_network_interface_id         = "eni-0b74643bfaf9f4f1a" [90m-> null[0m[0m
      [31m-[0m[0m private_dns                          = "ip-172-31-27-228.ec2.internal" [90m-> null[0m[0m
      [31m-[0m[0m private_ip                           = "172.31.27.228" [90m-> null[0m[0m
      [31m-[0m[0m public_dns                           = "ec2-54-92-200-138.compute-1.amazonaws.com" [90m-> null[0m[0m
      [31m-[0m[0m public_ip                            = "54.92.200.138" [90m-> null[0m[0m
      [31m-[0m[0m secondary_private_ips                = [] [90m-> null[0m[0m
      [31m-[0m[0m security_groups                      = [
          [31m-[0m[0m "raft-quic-node3",
        ] [90m-> null[0m[0m
      [31m-[0m[0m source_dest_check                    = true [90m-> null[0m[0m
      [31m-[0m[0m subnet_id                            = "subnet-0537a6dccf74f4813" [90m-> null[0m[0m
      [31m-[0m[0m tags                                 = {
          [31m-[0m[0m "Name"    = "raft-quic-node3"
          [31m-[0m[0m "Node"    = "node3"
          [31m-[0m[0m "Project" = "raft-quic"
        } [90m-> null[0m[0m
      [31m-[0m[0m tags_all                             = {
          [31m-[0m[0m "Name"    = "raft-quic-node3"
          [31m-[0m[0m "Node"    = "node3"
          [31m-[0m[0m "Project" = "raft-quic"
        } [90m-> null[0m[0m
      [31m-[0m[0m tenancy                              = "default" [90m-> null[0m[0m
      [31m-[0m[0m user_data_replace_on_change          = false [90m-> null[0m[0m
      [31m-[0m[0m vpc_security_group_ids               = [
          [31m-[0m[0m "sg-0baa24aafb1e3be4a",
        ] [90m-> null[0m[0m
        [90m# (6 unchanged attributes hidden)[0m[0m

      [31m-[0m[0m capacity_reservation_specification {
          [31m-[0m[0m capacity_reservation_preference = "open" [90m-> null[0m[0m
        }

      [31m-[0m[0m cpu_options {
          [31m-[0m[0m core_count       = 1 [90m-> null[0m[0m
          [31m-[0m[0m threads_per_core = 2 [90m-> null[0m[0m
            [90m# (1 unchanged attribute hidden)[0m[0m
        }

      [31m-[0m[0m credit_specification {
          [31m-[0m[0m cpu_credits = "unlimited" [90m-> null[0m[0m
        }

      [31m-[0m[0m enclave_options {
          [31m-[0m[0m enabled = false [90m-> null[0m[0m
        }

      [31m-[0m[0m maintenance_options {
          [31m-[0m[0m auto_recovery = "default" [90m-> null[0m[0m
        }

      [31m-[0m[0m metadata_options {
          [31m-[0m[0m http_endpoint               = "enabled" [90m-> null[0m[0m
          [31m-[0m[0m http_protocol_ipv6          = "disabled" [90m-> null[0m[0m
          [31m-[0m[0m http_put_response_hop_limit = 2 [90m-> null[0m[0m
          [31m-[0m[0m http_tokens                 = "required" [90m-> null[0m[0m
          [31m-[0m[0m instance_metadata_tags      = "disabled" [90m-> null[0m[0m
        }

      [31m-[0m[0m private_dns_name_options {
          [31m-[0m[0m enable_resource_name_dns_a_record    = false [90m-> null[0m[0m
          [31m-[0m[0m enable_resource_name_dns_aaaa_record = false [90m-> null[0m[0m
          [31m-[0m[0m hostname_type                        = "ip-name" [90m-> null[0m[0m
        }

      [31m-[0m[0m root_block_device {
          [31m-[0m[0m delete_on_termination = true [90m-> null[0m[0m
          [31m-[0m[0m device_name           = "/dev/xvda" [90m-> null[0m[0m
          [31m-[0m[0m encrypted             = false [90m-> null[0m[0m
          [31m-[0m[0m iops                  = 3000 [90m-> null[0m[0m
          [31m-[0m[0m tags                  = {} [90m-> null[0m[0m
          [31m-[0m[0m tags_all              = {} [90m-> null[0m[0m
          [31m-[0m[0m throughput            = 125 [90m-> null[0m[0m
          [31m-[0m[0m volume_id             = "vol-07a240ae137c602fb" [90m-> null[0m[0m
          [31m-[0m[0m volume_size           = 30 [90m-> null[0m[0m
          [31m-[0m[0m volume_type           = "gp3" [90m-> null[0m[0m
            [90m# (1 unchanged attribute hidden)[0m[0m
        }
    }

[1m  # module.node[2].aws_key_pair.raft[0m will be [1m[31mdestroyed[0m
[0m  [31m-[0m[0m resource "aws_key_pair" "raft" {
      [31m-[0m[0m arn             = "arn:aws:ec2:us-east-1:560449670342:key-pair/raft-quic-same-node3" [90m-> null[0m[0m
      [31m-[0m[0m fingerprint     = "1d:15:72:ee:51:02:80:79:2a:78:00:e4:90:34:19:51" [90m-> null[0m[0m
      [31m-[0m[0m id              = "raft-quic-same-node3" [90m-> null[0m[0m
      [31m-[0m[0m key_name        = "raft-quic-same-node3" [90m-> null[0m[0m
      [31m-[0m[0m key_pair_id     = "key-0c13325acee6a5613" [90m-> null[0m[0m
      [31m-[0m[0m key_type        = "rsa" [90m-> null[0m[0m
      [31m-[0m[0m public_key      = "ssh-rsa AAAAB3NzaC1yc2EAAAADAQABAAACAQDYjZ2oJRM31pcflrJptUUtzWVdEGTU0m8lwnRnD4//Ej5JGLgCqkLgByq2FxSPSnYn8snc+7qiH/YlPFdPO6J2yrIo7IOiuQi8ILXmlVGRKNgGNxeeulXa5tWq6Lyr0Dw3gmKcs5/x2lxQXkchlR4qMIS/x/pogdpdxJzJkYXsBSx5optlTVLydAB0PLBiXhWMTuTew+zhYsYsEmbbFSK9eaJa7KgGsrxmCfdKZeGzOFTsOOOE4sO8BTplAQQuXONESl8JseOcuHPAEzKCTGaPKSld5B3bl8/Nd4ZJQ4qzYg2qxnFGwYVBfQXYlOV4E6TqGVSnOcRDgiRC901KIuIvKvxDH7ozVb0MHKFpcm8MjTkhWf6nL+txDc1hnamLzoskNk9afsYmLMvnhigJ69AFOhxdWk+LETgsPF+k753mFa4EC859MsG+13L+SolT+J5bbY5dyMcqqRfmK1ok76GTTQsh0DRr3F8XpjSkoc1D7yUff5BENo02Y4Ovw6HlloKPDNRfhN8KZ62BKDM7mYCFY4P5fkhyybmUd1nIRDSvIkfhD09Z76tutEAh1YojkjozANmBB04InCmFKhs/o7FDldLaa7AmmnxzRJTD8TAKzi033itvKbOtSZvxhqAe87V0IjPVESRkBVWXz/HwTZTv7ErwE+/1jvYHbzh7UGMrXQ==" [90m-> null[0m[0m
      [31m-[0m[0m tags            = {
          [31m-[0m[0m "Node"    = "node3"
          [31m-[0m[0m "Project" = "raft-quic"
        } [90m-> null[0m[0m
      [31m-[0m[0m tags_all        = {
          [31m-[0m[0m "Node"    = "node3"
          [31m-[0m[0m "Project" = "raft-quic"
        } [90m-> null[0m[0m
        [90m# (1 unchanged attribute hidden)[0m[0m
    }

[1m  # module.node[2].aws_security_group.raft[0m will be [1m[31mdestroyed[0m
[0m  [31m-[0m[0m resource "aws_security_group" "raft" {
      [31m-[0m[0m arn                    = "arn:aws:ec2:us-east-1:560449670342:security-group/sg-0baa24aafb1e3be4a" [90m-> null[0m[0m
      [31m-[0m[0m description            = "Raft-over-QUIC cluster node node3" [90m-> null[0m[0m
      [31m-[0m[0m egress                 = [
          [31m-[0m[0m {
              [31m-[0m[0m cidr_blocks      = [
                  [31m-[0m[0m "0.0.0.0/0",
                ]
              [31m-[0m[0m from_port        = 0
              [31m-[0m[0m ipv6_cidr_blocks = []
              [31m-[0m[0m prefix_list_ids  = []
              [31m-[0m[0m protocol         = "-1"
              [31m-[0m[0m security_groups  = []
              [31m-[0m[0m self             = false
              [31m-[0m[0m to_port          = 0
                [90m# (1 unchanged attribute hidden)[0m[0m
            },
        ] [90m-> null[0m[0m
      [31m-[0m[0m id                     = "sg-0baa24aafb1e3be4a" [90m-> null[0m[0m
      [31m-[0m[0m ingress                = [
          [31m-[0m[0m {
              [31m-[0m[0m cidr_blocks      = [
                  [31m-[0m[0m "0.0.0.0/0",
                ]
              [31m-[0m[0m from_port        = 22
              [31m-[0m[0m ipv6_cidr_blocks = []
              [31m-[0m[0m prefix_list_ids  = []
              [31m-[0m[0m protocol         = "tcp"
              [31m-[0m[0m security_groups  = []
              [31m-[0m[0m self             = false
              [31m-[0m[0m to_port          = 22
                [90m# (1 unchanged attribute hidden)[0m[0m
            },
          [31m-[0m[0m {
              [31m-[0m[0m cidr_blocks      = [
                  [31m-[0m[0m "0.0.0.0/0",
                ]
              [31m-[0m[0m from_port        = 7001
              [31m-[0m[0m ipv6_cidr_blocks = []
              [31m-[0m[0m prefix_list_ids  = []
              [31m-[0m[0m protocol         = "udp"
              [31m-[0m[0m security_groups  = []
              [31m-[0m[0m self             = false
              [31m-[0m[0m to_port          = 7001
                [90m# (1 unchanged attribute hidden)[0m[0m
            },
          [31m-[0m[0m {
              [31m-[0m[0m cidr_blocks      = [
                  [31m-[0m[0m "0.0.0.0/0",
                ]
              [31m-[0m[0m from_port        = 8001
              [31m-[0m[0m ipv6_cidr_blocks = []
              [31m-[0m[0m prefix_list_ids  = []
              [31m-[0m[0m protocol         = "tcp"
              [31m-[0m[0m security_groups  = []
              [31m-[0m[0m self             = false
              [31m-[0m[0m to_port          = 8001
                [90m# (1 unchanged attribute hidden)[0m[0m
            },
          [31m-[0m[0m {
              [31m-[0m[0m cidr_blocks      = [
                  [31m-[0m[0m "0.0.0.0/0",
                ]
              [31m-[0m[0m from_port        = 9001
              [31m-[0m[0m ipv6_cidr_blocks = []
              [31m-[0m[0m prefix_list_ids  = []
              [31m-[0m[0m protocol         = "tcp"
              [31m-[0m[0m security_groups  = []
              [31m-[0m[0m self             = false
              [31m-[0m[0m to_port          = 9001
                [90m# (1 unchanged attribute hidden)[0m[0m
            },
        ] [90m-> null[0m[0m
      [31m-[0m[0m name                   = "raft-quic-node3" [90m-> null[0m[0m
      [31m-[0m[0m owner_id               = "560449670342" [90m-> null[0m[0m
      [31m-[0m[0m revoke_rules_on_delete = false [90m-> null[0m[0m
      [31m-[0m[0m tags                   = {
          [31m-[0m[0m "Node"    = "node3"
          [31m-[0m[0m "Project" = "raft-quic"
        } [90m-> null[0m[0m
      [31m-[0m[0m tags_all               = {
          [31m-[0m[0m "Node"    = "node3"
          [31m-[0m[0m "Project" = "raft-quic"
        } [90m-> null[0m[0m
      [31m-[0m[0m vpc_id                 = "vpc-0d14d4388abbe65e8" [90m-> null[0m[0m
        [90m# (1 unchanged attribute hidden)[0m[0m
    }

[1mPlan:[0m [0m0 to add, 0 to change, 20 to destroy.

Changes to Outputs:
  [31m-[0m[0m instance_ids  = [
      [31m-[0m[0m "i-0104b629c3c25a595",
      [31m-[0m[0m "i-0caf8b18608d1ee07",
      [31m-[0m[0m "i-062578b79f0f889a3",
    ] [90m-> null[0m[0m
  [31m-[0m[0m node_ids      = [
      [31m-[0m[0m "node1",
      [31m-[0m[0m "node2",
      [31m-[0m[0m "node3",
    ] [90m-> null[0m[0m
  [31m-[0m[0m node_ips      = [
      [31m-[0m[0m "174.129.73.69",
      [31m-[0m[0m "18.212.76.109",
      [31m-[0m[0m "54.92.200.138",
    ] [90m-> null[0m[0m
  [31m-[0m[0m region_labels = [
      [31m-[0m[0m "us-east-1",
      [31m-[0m[0m "us-east-1",
      [31m-[0m[0m "us-east-1",
    ] [90m-> null[0m[0m
  [31m-[0m[0m scenario      = "same-region" [90m-> null[0m[0m
  [31m-[0m[0m ssh_key_file  = "./raft-key.pem" [90m-> null[0m[0m
  [31m-[0m[0m ssh_user      = "ec2-user" [90m-> null[0m[0m
[0m[1mlocal_sensitive_file.ssh_key: Destroying... [id=e1fec3c0baddcd827ab3ae0577c9353b402b0846][0m[0m
[0m[1mlocal_sensitive_file.ssh_key: Destruction complete after 0s[0m
[0m[1mmodule.node[0].aws_iam_role_policy_attachment.ssm_core: Destroying... [id=raft-quic-same-ssm-node1-20260420052828984600000001][0m[0m
[0m[1mmodule.node[2].aws_iam_role_policy_attachment.ssm_core: Destroying... [id=raft-quic-same-ssm-node3-20260420052829023600000003][0m[0m
[0m[1mmodule.node[1].aws_iam_role_policy_attachment.ssm_core: Destroying... [id=raft-quic-same-ssm-node2-20260420052829009500000002][0m[0m
[0m[1mmodule.node[1].aws_instance.node: Destroying... [id=i-0caf8b18608d1ee07][0m[0m
[0m[1mmodule.node[2].aws_instance.node: Destroying... [id=i-062578b79f0f889a3][0m[0m
[0m[1mmodule.node[0].aws_instance.node: Destroying... [id=i-0104b629c3c25a595][0m[0m
[0m[1mmodule.node[2].aws_iam_role_policy_attachment.ssm_core: Destruction complete after 1s[0m
[0m[1mmodule.node[1].aws_iam_role_policy_attachment.ssm_core: Destruction complete after 1s[0m
[0m[1mmodule.node[0].aws_iam_role_policy_attachment.ssm_core: Destruction complete after 1s[0m
[0m[1mmodule.node[0].aws_instance.node: Still destroying... [id=i-0104b629c3c25a595, 00m10s elapsed][0m[0m
[0m[1mmodule.node[2].aws_instance.node: Still destroying... [id=i-062578b79f0f889a3, 00m10s elapsed][0m[0m
[0m[1mmodule.node[1].aws_instance.node: Still destroying... [id=i-0caf8b18608d1ee07, 00m10s elapsed][0m[0m
[0m[1mmodule.node[1].aws_instance.node: Still destroying... [id=i-0caf8b18608d1ee07, 00m20s elapsed][0m[0m
[0m[1mmodule.node[0].aws_instance.node: Still destroying... [id=i-0104b629c3c25a595, 00m20s elapsed][0m[0m
[0m[1mmodule.node[2].aws_instance.node: Still destroying... [id=i-062578b79f0f889a3, 00m20s elapsed][0m[0m
[0m[1mmodule.node[1].aws_instance.node: Destruction complete after 22s[0m
[0m[1mmodule.node[1].aws_key_pair.raft: Destroying... [id=raft-quic-same-node2][0m[0m
[0m[1mmodule.node[1].aws_iam_instance_profile.raft_ssm: Destroying... [id=raft-quic-same-ssm-node2][0m[0m
[0m[1mmodule.node[1].aws_security_group.raft: Destroying... [id=sg-0015d743eb7aaa87f][0m[0m
[0m[1mmodule.node[1].aws_key_pair.raft: Destruction complete after 0s[0m
[0m[1mmodule.node[1].aws_iam_instance_profile.raft_ssm: Destruction complete after 1s[0m
[0m[1mmodule.node[1].aws_iam_role.raft_ssm: Destroying... [id=raft-quic-same-ssm-node2][0m[0m
[0m[1mmodule.node[1].aws_security_group.raft: Destruction complete after 1s[0m
[0m[1mmodule.node[1].aws_iam_role.raft_ssm: Destruction complete after 0s[0m
[0m[1mmodule.node[2].aws_instance.node: Still destroying... [id=i-062578b79f0f889a3, 00m30s elapsed][0m[0m
[0m[1mmodule.node[0].aws_instance.node: Still destroying... [id=i-0104b629c3c25a595, 00m30s elapsed][0m[0m
[0m[1mmodule.node[0].aws_instance.node: Destruction complete after 32s[0m
[0m[1mmodule.node[0].aws_key_pair.raft: Destroying... [id=raft-quic-same-node1][0m[0m
[0m[1mmodule.node[0].aws_iam_instance_profile.raft_ssm: Destroying... [id=raft-quic-same-ssm-node1][0m[0m
[0m[1mmodule.node[0].aws_security_group.raft: Destroying... [id=sg-0255c080470010cda][0m[0m
[0m[1mmodule.node[2].aws_instance.node: Destruction complete after 33s[0m
[0m[1mmodule.node[2].aws_key_pair.raft: Destroying... [id=raft-quic-same-node3][0m[0m
[0m[1mmodule.node[2].aws_iam_instance_profile.raft_ssm: Destroying... [id=raft-quic-same-ssm-node3][0m[0m
[0m[1mmodule.node[2].aws_security_group.raft: Destroying... [id=sg-0baa24aafb1e3be4a][0m[0m
[0m[1mmodule.node[0].aws_iam_instance_profile.raft_ssm: Destruction complete after 1s[0m
[0m[1mmodule.node[0].aws_iam_role.raft_ssm: Destroying... [id=raft-quic-same-ssm-node1][0m[0m
[0m[1mmodule.node[0].aws_key_pair.raft: Destruction complete after 1s[0m
[0m[1mmodule.node[2].aws_key_pair.raft: Destruction complete after 0s[0m
[0m[1mtls_private_key.ssh: Destroying... [id=78c1724e856552c19d4ef91e305f91f32867ffcc][0m[0m
[0m[1mtls_private_key.ssh: Destruction complete after 0s[0m
[0m[1mmodule.node[2].aws_iam_instance_profile.raft_ssm: Destruction complete after 0s[0m
[0m[1mmodule.node[2].aws_iam_role.raft_ssm: Destroying... [id=raft-quic-same-ssm-node3][0m[0m
[0m[1mmodule.node[0].aws_security_group.raft: Destruction complete after 2s[0m
[0m[1mmodule.node[0].aws_iam_role.raft_ssm: Destruction complete after 1s[0m
[0m[1mmodule.node[2].aws_security_group.raft: Destruction complete after 1s[0m
[0m[1mmodule.node[2].aws_iam_role.raft_ssm: Destruction complete after 2s[0m
[0m[1m[32m
Destroy complete! Resources: 20 destroyed.[0m
[+] 集群已销毁
[+] 结果保存到 results/full-benchmark-20260420_132814/results/same-region_3nodes_20260420_132816/distributed_benchmark_20260420_135537.csv
[+] 报告保存到 results/full-benchmark-20260420_132814/results/same-region_3nodes_20260420_132816/distributed_benchmark_report.md

[+] 所有测试完成，结果保存到 results/full-benchmark-20260420_132814/results/same-region_3nodes_20260420_132816
